"workstream_record_id","search_source","query_id","search_date","title","authors","year","doi_or_identifier","source_native_id","citation_anchor","duplicate_group","screening_state","exclusion_reason","evidence_level","final_corpus_id","raw_result_file","notes"
"DCL0001","Crossref","PHASE2-SEARCH-0104","2026-07-31","Review for ""Model Validation and Selection in Metabolic Flux Analysis and Flux Balance Analysis""","","2023","10.1002/btpr.3413/v2/review1","10.1002/btpr.3413/v2/review1","","D-CLOSE-10.1002/btpr.3413/v2/review1","TITLE_ABSTRACT_EXCLUDED","PROCEDURAL_OR_SUPPLEMENTARY_RECORD_WITHOUT_STANDALONE_METHOD_EVIDENCE","LEVEL_3_DISCOVERY_ONLY","","audit/phase2_raw_search_results/D/PHASE2-SEARCH-0104_crossref.json","Prospective title/metadata exclusion."
"DCL0002","Crossref","PHASE2-SEARCH-0104","2026-07-31","Review for ""Model Validation and Selection in Metabolic Flux Analysis and Flux Balance Analysis""","","2023","10.1002/btpr.3413/v1/review2","10.1002/btpr.3413/v1/review2","","D-CLOSE-10.1002/btpr.3413/v1/review2","TITLE_ABSTRACT_EXCLUDED","PROCEDURAL_OR_SUPPLEMENTARY_RECORD_WITHOUT_STANDALONE_METHOD_EVIDENCE","LEVEL_3_DISCOVERY_ONLY","","audit/phase2_raw_search_results/D/PHASE2-SEARCH-0104_crossref.json","Prospective title/metadata exclusion."
"DCL0003","Crossref","PHASE2-SEARCH-0104","2026-07-31","Review for ""Model Validation and Selection in Metabolic Flux Analysis and Flux Balance Analysis""","","2023","10.1002/btpr.3413/v2/review2","10.1002/btpr.3413/v2/review2","","D-CLOSE-10.1002/btpr.3413/v2/review2","TITLE_ABSTRACT_EXCLUDED","PROCEDURAL_OR_SUPPLEMENTARY_RECORD_WITHOUT_STANDALONE_METHOD_EVIDENCE","LEVEL_3_DISCOVERY_ONLY","","audit/phase2_raw_search_results/D/PHASE2-SEARCH-0104_crossref.json","Prospective title/metadata exclusion."
"DCL0004","Crossref","PHASE2-SEARCH-0104","2026-07-31","Review for ""Model Validation and Selection in Metabolic Flux Analysis and Flux Balance Analysis""","","2023","10.1002/btpr.3413/v1/review1","10.1002/btpr.3413/v1/review1","","D-CLOSE-10.1002/btpr.3413/v1/review1","TITLE_ABSTRACT_EXCLUDED","PROCEDURAL_OR_SUPPLEMENTARY_RECORD_WITHOUT_STANDALONE_METHOD_EVIDENCE","LEVEL_3_DISCOVERY_ONLY","","audit/phase2_raw_search_results/D/PHASE2-SEARCH-0104_crossref.json","Prospective title/metadata exclusion."
"DCL0005","Crossref","PHASE2-SEARCH-0104","2026-07-31","Bidirectional Graphormer for Reactivity Understanding: neural network trained to reaction atom-to-atom mapping task","Ramil Nugmanov; Natalia Dyubankova; Andrey Gedich; Joerg Kurt Wegner","2022","10.26434/chemrxiv-2022-bn5nt","10.26434/chemrxiv-2022-bn5nt","","D-CLOSE-10.1021/acs.jcim.2c00344","DUPLICATE","DUPLICATE_OR_SUPERSEDED_BY_10.1021/acs.jcim.2c00344","LEVEL_3_DISCOVERY_ONLY","","audit/phase2_raw_search_results/D/PHASE2-SEARCH-0104_crossref.json","Version relationship is explicit in the preserved identifiers/titles."
"DCL0006","Crossref","PHASE2-SEARCH-0104","2026-07-31","Parallel labeling experiments with [U-13C]glucose validate E. coli metabolic network model for 13C metabolic flux analysis","Robert W. Leighty; Maciek R. Antoniewicz","2012","10.1016/j.ymben.2012.06.003","10.1016/j.ymben.2012.06.003","","D-CLOSE-P0033","DUPLICATE","DUPLICATE_OF_CURATED_CORPUS_RECORD","LEVEL_3_DISCOVERY_ONLY","P0033","audit/phase2_raw_search_results/D/PHASE2-SEARCH-0104_crossref.json","The DOI is already represented by the stated stable corpus ID."
"DCL0007","Crossref","PHASE2-SEARCH-0104","2026-07-31","Decision letter for ""Model Validation and Selection in Metabolic Flux Analysis and Flux Balance Analysis""","","2023","10.1002/btpr.3413/v2/decision1","10.1002/btpr.3413/v2/decision1","","D-CLOSE-10.1002/btpr.3413/v2/decision1","TITLE_ABSTRACT_EXCLUDED","PROCEDURAL_OR_SUPPLEMENTARY_RECORD_WITHOUT_STANDALONE_METHOD_EVIDENCE","LEVEL_3_DISCOVERY_ONLY","","audit/phase2_raw_search_results/D/PHASE2-SEARCH-0104_crossref.json","Prospective title/metadata exclusion."
"DCL0008","Crossref","PHASE2-SEARCH-0104","2026-07-31","SQ-KFP: A Framework for Spatially Quantitative Metabolic Flux Analysis Enables Imaging the In Vivo Absolute Metabolic Enzymatic Reaction Rate","","","10.1021/acs.analchem.6c00605.s001","10.1021/acs.analchem.6c00605.s001","","D-CLOSE-10.1021/acs.analchem.6c00605.s001","TITLE_ABSTRACT_EXCLUDED","PROCEDURAL_OR_SUPPLEMENTARY_RECORD_WITHOUT_STANDALONE_METHOD_EVIDENCE","LEVEL_3_DISCOVERY_ONLY","","audit/phase2_raw_search_results/D/PHASE2-SEARCH-0104_crossref.json","Prospective title/metadata exclusion."
"DCL0009","Crossref","PHASE2-SEARCH-0104","2026-07-31","Decision letter for ""Model Validation and Selection in Metabolic Flux Analysis and Flux Balance Analysis""","","2023","10.1002/btpr.3413/v1/decision1","10.1002/btpr.3413/v1/decision1","","D-CLOSE-10.1002/btpr.3413/v1/decision1","TITLE_ABSTRACT_EXCLUDED","PROCEDURAL_OR_SUPPLEMENTARY_RECORD_WITHOUT_STANDALONE_METHOD_EVIDENCE","LEVEL_3_DISCOVERY_ONLY","","audit/phase2_raw_search_results/D/PHASE2-SEARCH-0104_crossref.json","Prospective title/metadata exclusion."
"DCL0010","Crossref","PHASE2-SEARCH-0104","2026-07-31","Machine Learning Guided Atom Mapping of Metabolic Reactions","","","10.1021/acs.jcim.8b00434.s002","10.1021/acs.jcim.8b00434.s002","","D-CLOSE-10.1021/acs.jcim.8b00434.s002","TITLE_ABSTRACT_EXCLUDED","PROCEDURAL_OR_SUPPLEMENTARY_RECORD_WITHOUT_STANDALONE_METHOD_EVIDENCE","LEVEL_3_DISCOVERY_ONLY","","audit/phase2_raw_search_results/D/PHASE2-SEARCH-0104_crossref.json","Prospective title/metadata exclusion."
"DCL0011","Crossref","PHASE2-SEARCH-0104","2026-07-31","Machine Learning Guided Atom Mapping of Metabolic Reactions","","","10.1021/acs.jcim.8b00434.s003","10.1021/acs.jcim.8b00434.s003","","D-CLOSE-10.1021/acs.jcim.8b00434.s003","TITLE_ABSTRACT_EXCLUDED","PROCEDURAL_OR_SUPPLEMENTARY_RECORD_WITHOUT_STANDALONE_METHOD_EVIDENCE","LEVEL_3_DISCOVERY_ONLY","","audit/phase2_raw_search_results/D/PHASE2-SEARCH-0104_crossref.json","Prospective title/metadata exclusion."
"DCL0012","Crossref","PHASE2-SEARCH-0104","2026-07-31","Parallel labeling experiments validate Clostridium acetobutylicum metabolic network model for 13C metabolic flux analysis","Jennifer Au; Jungik Choi; Shawn W. Jones; Keerthi P. Venkataramanan; Maciek R. Antoniewicz","2014","10.1016/j.ymben.2014.08.002","10.1016/j.ymben.2014.08.002","","D-CLOSE-P0015","DUPLICATE","DUPLICATE_OF_CURATED_CORPUS_RECORD","LEVEL_3_DISCOVERY_ONLY","P0015","audit/phase2_raw_search_results/D/PHASE2-SEARCH-0104_crossref.json","The DOI is already represented by the stated stable corpus ID."
"DCL0013","Crossref","PHASE2-SEARCH-0104","2026-07-31","Machine Learning Guided Atom Mapping of Metabolic Reactions","","","10.1021/acs.jcim.8b00434.s001","10.1021/acs.jcim.8b00434.s001","","D-CLOSE-10.1021/acs.jcim.8b00434.s001","TITLE_ABSTRACT_EXCLUDED","PROCEDURAL_OR_SUPPLEMENTARY_RECORD_WITHOUT_STANDALONE_METHOD_EVIDENCE","LEVEL_3_DISCOVERY_ONLY","","audit/phase2_raw_search_results/D/PHASE2-SEARCH-0104_crossref.json","Prospective title/metadata exclusion."
"DCL0014","Crossref","PHASE2-SEARCH-0104","2026-07-31","Identifying model error in metabolic flux analysis – a generalized least squares approach","Stanislav Sokolenko; Marco Quattrociocchi; Marc G. Aucoin","2016","10.1186/s12918-016-0335-7","10.1186/s12918-016-0335-7","","D-CLOSE-P0045","FULL_TEXT_INCLUDED","NA","LEVEL_1_LOAD_BEARING","P0045","audit/phase2_raw_search_results/D/PHASE2-SEARCH-0104_crossref.json","Complete primary full text inspected; exact evidence is recorded in the Workstream D handoff."
"DCL0015","Crossref","PHASE2-SEARCH-0104","2026-07-31","The effects of omitted variables and measurement error on cross-sectional network psychometric models","Teague R Henry","2024","10.31234/osf.io/cwr6t","10.31234/osf.io/cwr6t","","D-CLOSE-10.31234/osf.io/cwr6t","TITLE_ABSTRACT_EXCLUDED","NO_DIRECT_METHOD_FOR_FORWARD_MODEL_MISSPECIFICATION_OR_ROBUST_DISCRIMINATION","LEVEL_3_DISCOVERY_ONLY","","audit/phase2_raw_search_results/D/PHASE2-SEARCH-0104_crossref.json","Prospective title/metadata exclusion; no stronger conclusion was inferred."
"DCL0016","Crossref","PHASE2-SEARCH-0104","2026-07-31","Author response for ""Model Validation and Selection in Metabolic Flux Analysis and Flux Balance Analysis""","Kaste, Joshua A.M.; Shachar-Hill, Yair","2023","10.1002/btpr.3413/v2/response1","10.1002/btpr.3413/v2/response1","","D-CLOSE-10.1002/btpr.3413/v2/response1","TITLE_ABSTRACT_EXCLUDED","PROCEDURAL_OR_SUPPLEMENTARY_RECORD_WITHOUT_STANDALONE_METHOD_EVIDENCE","LEVEL_3_DISCOVERY_ONLY","","audit/phase2_raw_search_results/D/PHASE2-SEARCH-0104_crossref.json","Prospective title/metadata exclusion."
"DCL0017","Crossref","PHASE2-SEARCH-0104","2026-07-31","Enhanced triacylglycerol production in chlorella vulgaris by flux balance analysis on metabolic network","Issalapap Kaothong","","10.58837/chula.the.2022.18","10.58837/chula.the.2022.18","","D-CLOSE-10.58837/chula.the.2022.18","TITLE_ABSTRACT_EXCLUDED","NO_DIRECT_METHOD_FOR_FORWARD_MODEL_MISSPECIFICATION_OR_ROBUST_DISCRIMINATION","LEVEL_3_DISCOVERY_ONLY","","audit/phase2_raw_search_results/D/PHASE2-SEARCH-0104_crossref.json","Prospective title/metadata exclusion; no stronger conclusion was inferred."
"DCL0018","Crossref","PHASE2-SEARCH-0104","2026-07-31","Bidirectional Graphormer for Reactivity Understanding: Neural Network Trained to Reaction Atom-to-Atom Mapping Task","Ramil Nugmanov; Natalia Dyubankova; Andrey Gedich; Joerg Kurt Wegner","2022","10.1021/acs.jcim.2c00344","10.1021/acs.jcim.2c00344","","D-CLOSE-10.1021/acs.jcim.2c00344","TITLE_ABSTRACT_EXCLUDED","ATOM_MAPPING_OR_CURATION_METHOD_WITHOUT_INFERENCE_OR_ROBUST_DESIGN_TREATMENT","LEVEL_3_DISCOVERY_ONLY","","audit/phase2_raw_search_results/D/PHASE2-SEARCH-0104_crossref.json","The record may prevent mapping errors but does not, from the preserved metadata, model their effect on MFA decisions."
"DCL0019","Crossref","PHASE2-SEARCH-0104","2026-07-31","Flux-Related Metabolic Network Descriptions","","","10.1007/springerreference_168337","10.1007/springerreference_168337","","D-CLOSE-10.1007/springerreference_168337","TITLE_ABSTRACT_EXCLUDED","NO_DIRECT_METHOD_FOR_FORWARD_MODEL_MISSPECIFICATION_OR_ROBUST_DISCRIMINATION","LEVEL_3_DISCOVERY_ONLY","","audit/phase2_raw_search_results/D/PHASE2-SEARCH-0104_crossref.json","Prospective title/metadata exclusion; no stronger conclusion was inferred."
"DCL0020","Crossref","PHASE2-SEARCH-0104","2026-07-31","Improvements in metabolic flux analysis using carbon bond labeling experiments: bondomer balancing and Boolean function mapping","G Sriram","2004","10.1016/j.ymben.2004.02.003","10.1016/j.ymben.2004.02.003","","D-CLOSE-10.1016/j.ymben.2004.02.003","TITLE_ABSTRACT_EXCLUDED","NO_DIRECT_METHOD_FOR_FORWARD_MODEL_MISSPECIFICATION_OR_ROBUST_DISCRIMINATION","LEVEL_3_DISCOVERY_ONLY","","audit/phase2_raw_search_results/D/PHASE2-SEARCH-0104_crossref.json","Prospective title/metadata exclusion; no stronger conclusion was inferred."
"DCL0021","Crossref","PHASE2-SEARCH-0104","2026-07-31","Metabolic Flux Analysis of Escherichia coli Based on Kinetic Model and Genome-Scale Metabolic Network Model","Zhiren Gan; Jingyan Jiang; Mengxuan Zhou; Qihang Tao; Jinpeng Yang; Renquan Guo; Xueliang Li; Jian Ding; Zhenggang Xie","2026","10.3390/fermentation12030134","10.3390/fermentation12030134","","D-CLOSE-10.3390/fermentation12030134","TITLE_ABSTRACT_EXCLUDED","NO_DIRECT_METHOD_FOR_FORWARD_MODEL_MISSPECIFICATION_OR_ROBUST_DISCRIMINATION","LEVEL_3_DISCOVERY_ONLY","","audit/phase2_raw_search_results/D/PHASE2-SEARCH-0104_crossref.json","Prospective title/metadata exclusion; no stronger conclusion was inferred."
"DCL0022","Crossref","PHASE2-SEARCH-0104","2026-07-31","The Joint Effects of Measurement Error and Model Misspecification on Statistical Interactions","Aljoscha Rimpler; Henk Kiers; Don van Ravenzwaaij","2026","10.31234/osf.io/s47xz_v2","10.31234/osf.io/s47xz_v2","","D-CLOSE-10.31234/osf.io/s47xz_v2","TITLE_ABSTRACT_EXCLUDED","NO_DIRECT_METHOD_FOR_FORWARD_MODEL_MISSPECIFICATION_OR_ROBUST_DISCRIMINATION","LEVEL_3_DISCOVERY_ONLY","","audit/phase2_raw_search_results/D/PHASE2-SEARCH-0104_crossref.json","Prospective title/metadata exclusion; no stronger conclusion was inferred."
"DCL0023","Crossref","PHASE2-SEARCH-0104","2026-07-31","Applying Metabolic Flux Analysis to Hydrogen Fermentation Using Metabolic Network Constructed for Anaerobic Mixed Cultures","Hai-Hsuan Cheng; Liang-Ming Whang","2023","10.2139/ssrn.4438088","10.2139/ssrn.4438088","","D-CLOSE-10.2139/ssrn.4438088","TITLE_ABSTRACT_EXCLUDED","NO_DIRECT_METHOD_FOR_FORWARD_MODEL_MISSPECIFICATION_OR_ROBUST_DISCRIMINATION","LEVEL_3_DISCOVERY_ONLY","","audit/phase2_raw_search_results/D/PHASE2-SEARCH-0104_crossref.json","Prospective title/metadata exclusion; no stronger conclusion was inferred."
"DCL0024","Crossref","PHASE2-SEARCH-0104","2026-07-31","The Joint Effects of Measurement Error and Model Misspecification on Statistical Interactions","Aljoscha Rimpler; Henk Kiers; Don van Ravenzwaaij","2026","10.31234/osf.io/s47xz_v1","10.31234/osf.io/s47xz_v1","","D-CLOSE-10.31234/osf.io/s47xz_v2","DUPLICATE","DUPLICATE_OR_SUPERSEDED_BY_10.31234/osf.io/s47xz_v2","LEVEL_3_DISCOVERY_ONLY","","audit/phase2_raw_search_results/D/PHASE2-SEARCH-0104_crossref.json","Version relationship is explicit in the preserved identifiers/titles."
"DCL0025","Crossref","PHASE2-SEARCH-0104","2026-07-31","Assessing and Resolving Model Misspecifications in Metabolic Flux Analysis","Rudiyanto Gunawan; Sandro Hutter","2017","10.20944/preprints201703.0124.v1","10.20944/preprints201703.0124.v1","","D-CLOSE-P0035","DUPLICATE","SUPERSEDED_VERSION_OF_CURATED_CORPUS_RECORD","LEVEL_3_DISCOVERY_ONLY","P0035","audit/phase2_raw_search_results/D/PHASE2-SEARCH-0104_crossref.json","The preserved result is a preprint/version of the curated final publication."
"DCL0026","Crossref","PHASE2-SEARCH-0104","2026-07-31","MetAMDB: Metabolic Atom Mapping Database","Collin Starke; Andre Wegner","2021","10.1101/2021.10.05.463172","10.1101/2021.10.05.463172","","D-CLOSE-P0034","DUPLICATE","SUPERSEDED_VERSION_OF_CURATED_CORPUS_RECORD","LEVEL_3_DISCOVERY_ONLY","P0034","audit/phase2_raw_search_results/D/PHASE2-SEARCH-0104_crossref.json","The preserved result is a preprint/version of the curated final publication."
"DCL0027","Crossref","PHASE2-SEARCH-0104","2026-07-31","Transparent Peer Review for 'The effects of omitted variables and measurement error on cross-sectional network psychometric models'","","2024","10.56296/aip00011.pr","10.56296/aip00011.pr","","D-CLOSE-10.56296/aip00011.pr","TITLE_ABSTRACT_EXCLUDED","PROCEDURAL_OR_SUPPLEMENTARY_RECORD_WITHOUT_STANDALONE_METHOD_EVIDENCE","LEVEL_3_DISCOVERY_ONLY","","audit/phase2_raw_search_results/D/PHASE2-SEARCH-0104_crossref.json","Prospective title/metadata exclusion."
"DCL0028","Crossref","PHASE2-SEARCH-0104","2026-07-31","Factor Score Estimation Under Model Misspecification: Network Score Using Hybrid Centrality","Jinying Ouyang","2023","10.3102/ip.23.2012345","10.3102/ip.23.2012345","","D-CLOSE-10.3102/ip.23.2012345","TITLE_ABSTRACT_EXCLUDED","NO_DIRECT_METHOD_FOR_FORWARD_MODEL_MISSPECIFICATION_OR_ROBUST_DISCRIMINATION","LEVEL_3_DISCOVERY_ONLY","","audit/phase2_raw_search_results/D/PHASE2-SEARCH-0104_crossref.json","Prospective title/metadata exclusion; no stronger conclusion was inferred."
"DCL0029","Crossref","PHASE2-SEARCH-0104","2026-07-31","Simultaneous Topography and Reaction Flux Mapping at and around Electrocatalytic Nanoparticles","","","10.1021/acsnano.7b05435.s001","10.1021/acsnano.7b05435.s001","","D-CLOSE-10.1021/acsnano.7b05435.s001","TITLE_ABSTRACT_EXCLUDED","PROCEDURAL_OR_SUPPLEMENTARY_RECORD_WITHOUT_STANDALONE_METHOD_EVIDENCE","LEVEL_3_DISCOVERY_ONLY","","audit/phase2_raw_search_results/D/PHASE2-SEARCH-0104_crossref.json","Prospective title/metadata exclusion."
"DCL0030","Crossref","PHASE2-SEARCH-0104","2026-07-31","Neural Network Methods for Data Analysis and Statistical Error Reduction","Lionel Raff; Ranga Komanduri; Martin Hagan; Satish Bukkapatnam","2012","10.1093/oso/9780199765652.003.0013","10.1093/oso/9780199765652.003.0013","","D-CLOSE-10.1093/oso/9780199765652.003.0013","TITLE_ABSTRACT_EXCLUDED","NO_DIRECT_METHOD_FOR_FORWARD_MODEL_MISSPECIFICATION_OR_ROBUST_DISCRIMINATION","LEVEL_3_DISCOVERY_ONLY","","audit/phase2_raw_search_results/D/PHASE2-SEARCH-0104_crossref.json","Prospective title/metadata exclusion; no stronger conclusion was inferred."
"DCL0031","Crossref","PHASE2-SEARCH-0104","2026-07-31","Reaction lumping in metabolic networks for application with thermodynamic metabolic flux analysis","Lea Seep; Zahra Razaghi-Moghadam; Zoran Nikoloski","2021","10.1038/s41598-021-87643-8","10.1038/s41598-021-87643-8","","D-CLOSE-10.1038/s41598-021-87643-8","TITLE_ABSTRACT_INCLUDED","NA","LEVEL_3_DISCOVERY_ONLY","","audit/phase2_raw_search_results/D/PHASE2-SEARCH-0104_crossref.json","Adjacent discovery lead only; no full-text or guarantee claim was extracted for Phase 2 synthesis."
"DCL0032","Crossref","PHASE2-SEARCH-0104","2026-07-31","Combining flux balance analysis and model checking for metabolic network validation and analysis","Roberto Pagliarini; Mara Sangiovanni; Adriano Peron; Diego di Bernardo","2014","10.1007/s11047-014-9419-8","10.1007/s11047-014-9419-8","","D-CLOSE-10.1007/s11047-014-9419-8","TITLE_ABSTRACT_INCLUDED","NA","LEVEL_3_DISCOVERY_ONLY","","audit/phase2_raw_search_results/D/PHASE2-SEARCH-0104_crossref.json","Adjacent discovery lead only; no full-text or guarantee claim was extracted for Phase 2 synthesis."
"DCL0033","Crossref","PHASE2-SEARCH-0104","2026-07-31","Pan-cancer analysis of the metabolic reaction network","F. Gatto; J. Nielsen","2016","10.1101/050187","10.1101/050187","","D-CLOSE-10.1016/j.ymben.2019.09.006","DUPLICATE","DUPLICATE_OR_SUPERSEDED_BY_10.1016/j.ymben.2019.09.006","LEVEL_3_DISCOVERY_ONLY","","audit/phase2_raw_search_results/D/PHASE2-SEARCH-0104_crossref.json","Version relationship is explicit in the preserved identifiers/titles."
"DCL0034","Crossref","PHASE2-SEARCH-0104","2026-07-31","Differential Network Analysis Integrates Pathway Mapping to Characterize Dynamic Metabolic Changes in the Progression of Diabetic Complications","","","10.1021/acs.jproteome.5c00021.s001","10.1021/acs.jproteome.5c00021.s001","","D-CLOSE-10.1021/acs.jproteome.5c00021.s001","TITLE_ABSTRACT_EXCLUDED","PROCEDURAL_OR_SUPPLEMENTARY_RECORD_WITHOUT_STANDALONE_METHOD_EVIDENCE","LEVEL_3_DISCOVERY_ONLY","","audit/phase2_raw_search_results/D/PHASE2-SEARCH-0104_crossref.json","Prospective title/metadata exclusion."
"DCL0035","Crossref","PHASE2-SEARCH-0104","2026-07-31","Pan-cancer analysis of the metabolic reaction network","Francesco Gatto; Raphael Ferreira; Jens Nielsen","2020","10.1016/j.ymben.2019.09.006","10.1016/j.ymben.2019.09.006","","D-CLOSE-10.1016/j.ymben.2019.09.006","TITLE_ABSTRACT_EXCLUDED","NO_DIRECT_METHOD_FOR_FORWARD_MODEL_MISSPECIFICATION_OR_ROBUST_DISCRIMINATION","LEVEL_3_DISCOVERY_ONLY","","audit/phase2_raw_search_results/D/PHASE2-SEARCH-0104_crossref.json","Prospective title/metadata exclusion; no stronger conclusion was inferred."
"DCL0036","Crossref","PHASE2-SEARCH-0104","2026-07-31","Mapping photoautotrophic metabolism with isotopically nonstationary 13C flux analysis","Jamey D. Young; Avantika A. Shastri; Gregory Stephanopoulos; John A. Morgan","2011","10.1016/j.ymben.2011.08.002","10.1016/j.ymben.2011.08.002","","D-CLOSE-P0014","DUPLICATE","DUPLICATE_OF_CURATED_CORPUS_RECORD","LEVEL_3_DISCOVERY_ONLY","P0014","audit/phase2_raw_search_results/D/PHASE2-SEARCH-0104_crossref.json","The DOI is already represented by the stated stable corpus ID."
"DCL0037","Crossref","PHASE2-SEARCH-0104","2026-07-31","Bias of the structural quasi-score estimator of a measurement error model under misspecification of the regressor distribution","Hans Schneeweiss; Chi-Lun Cheng","2006","10.1016/j.jmva.2005.03.010","10.1016/j.jmva.2005.03.010","","D-CLOSE-10.1016/j.jmva.2005.03.010","TITLE_ABSTRACT_INCLUDED","NA","LEVEL_3_DISCOVERY_ONLY","","audit/phase2_raw_search_results/D/PHASE2-SEARCH-0104_crossref.json","Adjacent discovery lead only; no full-text or guarantee claim was extracted for Phase 2 synthesis."
"DCL0038","Crossref","PHASE2-SEARCH-0104","2026-07-31","Reverse engineering the cancer metabolic network using flux analysis to understand drivers of human disease","Mehmet G. Badur; Christian M. Metallo","2018","10.1016/j.ymben.2017.11.013","10.1016/j.ymben.2017.11.013","","D-CLOSE-10.1016/j.ymben.2017.11.013","TITLE_ABSTRACT_EXCLUDED","NO_DIRECT_METHOD_FOR_FORWARD_MODEL_MISSPECIFICATION_OR_ROBUST_DISCRIMINATION","LEVEL_3_DISCOVERY_ONLY","","audit/phase2_raw_search_results/D/PHASE2-SEARCH-0104_crossref.json","Prospective title/metadata exclusion; no stronger conclusion was inferred."
"DCL0039","Crossref","PHASE2-SEARCH-0104","2026-07-31","9. Calibrating misspecification fears with detection error probabilities","","2008","10.1515/9781400829385-011","10.1515/9781400829385-011","","D-CLOSE-10.1515/9781400829385-011","TITLE_ABSTRACT_INCLUDED","NA","LEVEL_3_DISCOVERY_ONLY","","audit/phase2_raw_search_results/D/PHASE2-SEARCH-0104_crossref.json","Adjacent discovery lead only; no full-text or guarantee claim was extracted for Phase 2 synthesis."
"DCL0040","Crossref","PHASE2-SEARCH-0104","2026-07-31","Comparative Metabolic Network Flux Analysis to Identify Differences in Cellular Metabolism","Sarah McGarrity; Sigurður T. Karvelsson; Ólafur E. Sigurjónsson; Óttar Rolfsson","2020","10.1007/978-1-0716-0159-4_11","10.1007/978-1-0716-0159-4_11","","D-CLOSE-10.1007/978-1-0716-0159-4_11","TITLE_ABSTRACT_EXCLUDED","NO_DIRECT_METHOD_FOR_FORWARD_MODEL_MISSPECIFICATION_OR_ROBUST_DISCRIMINATION","LEVEL_3_DISCOVERY_ONLY","","audit/phase2_raw_search_results/D/PHASE2-SEARCH-0104_crossref.json","Prospective title/metadata exclusion; no stronger conclusion was inferred."
"DCL0041","Crossref","PHASE2-SEARCH-0104","2026-07-31","The Relationship Between Root Mean Square Error of Approximation and Model Misspecification in Confirmatory Factor Analysis Models","Victoria Savalei","2012","10.1177/0013164412452564","10.1177/0013164412452564","","D-CLOSE-10.1177/0013164412452564","TITLE_ABSTRACT_INCLUDED","NA","LEVEL_3_DISCOVERY_ONLY","","audit/phase2_raw_search_results/D/PHASE2-SEARCH-0104_crossref.json","Adjacent discovery lead only; no full-text or guarantee claim was extracted for Phase 2 synthesis."
"DCL0042","Crossref","PHASE2-SEARCH-0104","2026-07-31","Model validation and selection in metabolic flux analysis and flux balance analysis","Joshua A. M. Kaste; Yair Shachar‐Hill","2023","10.1002/btpr.3413","10.1002/btpr.3413","","D-CLOSE-BTPR3413","DUPLICATE","DUPLICATE_OF_EARLIER_PHASE2_DISCOVERY","LEVEL_3_DISCOVERY_ONLY","","audit/phase2_raw_search_results/D/PHASE2-SEARCH-0104_crossref.json","This article was prospectively discovered by earlier Phase 2 searches."
"DCL0043","Crossref","PHASE2-SEARCH-0104","2026-07-31","Measurement Error and Misspecification in Demand-Based Diversion Ratios","Patrick Sun","2023","10.2139/ssrn.4651330","10.2139/ssrn.4651330","","D-CLOSE-10.2139/ssrn.4651330","TITLE_ABSTRACT_EXCLUDED","NO_DIRECT_METHOD_FOR_FORWARD_MODEL_MISSPECIFICATION_OR_ROBUST_DISCRIMINATION","LEVEL_3_DISCOVERY_ONLY","","audit/phase2_raw_search_results/D/PHASE2-SEARCH-0104_crossref.json","Prospective title/metadata exclusion; no stronger conclusion was inferred."
"DCL0044","Crossref","PHASE2-SEARCH-0104","2026-07-31","Time Integrated Flux Analysis: Exploiting the Concentration Measurements Directly for Cost-Effective Metabolic Network Flux Analysis","Rui M. C. Portela; Anne Richelle; Patrick Dumas; Moritz von Stosch","2019","10.3390/microorganisms7120620","10.3390/microorganisms7120620","","D-CLOSE-10.3390/microorganisms7120620","TITLE_ABSTRACT_EXCLUDED","NO_DIRECT_METHOD_FOR_FORWARD_MODEL_MISSPECIFICATION_OR_ROBUST_DISCRIMINATION","LEVEL_3_DISCOVERY_ONLY","","audit/phase2_raw_search_results/D/PHASE2-SEARCH-0104_crossref.json","Prospective title/metadata exclusion; no stronger conclusion was inferred."
"DCL0045","Crossref","PHASE2-SEARCH-0104","2026-07-31","Normalizing Risk Measures in Risk-Based Portfolios through Covariance Misspecification Error Analysis","Enrico Sergi; Claudio Conversano","2024","10.2139/ssrn.4758251","10.2139/ssrn.4758251","","D-CLOSE-10.2139/ssrn.4758251","TITLE_ABSTRACT_EXCLUDED","NO_DIRECT_METHOD_FOR_FORWARD_MODEL_MISSPECIFICATION_OR_ROBUST_DISCRIMINATION","LEVEL_3_DISCOVERY_ONLY","","audit/phase2_raw_search_results/D/PHASE2-SEARCH-0104_crossref.json","Prospective title/metadata exclusion; no stronger conclusion was inferred."
"DCL0046","Crossref","PHASE2-SEARCH-0104","2026-07-31","Metabolic network reconstruction, growth characterization and 13C-metabolic flux analysis of the extremophile Thermus thermophilus HB8","Aditi Swarup; Jing Lu; Kathleen C. DeWoody; Maciek R. Antoniewicz","2014","10.1016/j.ymben.2014.05.013","10.1016/j.ymben.2014.05.013","","D-CLOSE-10.1016/j.ymben.2014.05.013","TITLE_ABSTRACT_EXCLUDED","NO_DIRECT_METHOD_FOR_FORWARD_MODEL_MISSPECIFICATION_OR_ROBUST_DISCRIMINATION","LEVEL_3_DISCOVERY_ONLY","","audit/phase2_raw_search_results/D/PHASE2-SEARCH-0104_crossref.json","Prospective title/metadata exclusion; no stronger conclusion was inferred."
"DCL0047","Crossref","PHASE2-SEARCH-0104","2026-07-31","The t-statistic under dynamic misspecification","Björn Schmolck","2000","10.1007/978-3-642-58324-7_2","10.1007/978-3-642-58324-7_2","","D-CLOSE-10.1007/978-3-642-58324-7_2","TITLE_ABSTRACT_INCLUDED","NA","LEVEL_3_DISCOVERY_ONLY","","audit/phase2_raw_search_results/D/PHASE2-SEARCH-0104_crossref.json","Adjacent discovery lead only; no full-text or guarantee claim was extracted for Phase 2 synthesis."
"DCL0048","Crossref","PHASE2-SEARCH-0104","2026-07-31","Statistical methods for incomplete data: Some results on model misspecification","Michael McIsaac; RJ Cook","2016","10.1177/0962280214544251","10.1177/0962280214544251","","D-CLOSE-10.1177/0962280214544251","TITLE_ABSTRACT_INCLUDED","NA","LEVEL_3_DISCOVERY_ONLY","","audit/phase2_raw_search_results/D/PHASE2-SEARCH-0104_crossref.json","Adjacent discovery lead only; no full-text or guarantee claim was extracted for Phase 2 synthesis."
"DCL0049","Crossref","PHASE2-SEARCH-0104","2026-07-31","Factor Score Estimation Under Model Misspecification: Network Score Using Hybrid Centrality","Jinying Ouyang","2023","10.3102/2012345","10.3102/2012345","","D-CLOSE-10.3102/ip.23.2012345","DUPLICATE","DUPLICATE_OR_SUPERSEDED_BY_10.3102/ip.23.2012345","LEVEL_3_DISCOVERY_ONLY","","audit/phase2_raw_search_results/D/PHASE2-SEARCH-0104_crossref.json","Version relationship is explicit in the preserved identifiers/titles."
"DCL0050","Crossref","PHASE2-SEARCH-0104","2026-07-31","MetaFluxNet: the management of metabolic reaction information and quantitative metabolic flux analysis","Dong-Yup Lee; Hongsoek Yun; Sunwon Park; Sang Yup Lee","2003","10.1093/bioinformatics/btg271","10.1093/bioinformatics/btg271","","D-CLOSE-10.1093/bioinformatics/btg271","TITLE_ABSTRACT_EXCLUDED","NO_DIRECT_METHOD_FOR_FORWARD_MODEL_MISSPECIFICATION_OR_ROBUST_DISCRIMINATION","LEVEL_3_DISCOVERY_ONLY","","audit/phase2_raw_search_results/D/PHASE2-SEARCH-0104_crossref.json","Prospective title/metadata exclusion; no stronger conclusion was inferred."
"DCL0051","OpenAlex anchor verification","PHASE2-SEARCH-0105","2026-07-31","MetAMDB: Metabolic Atom Mapping Database","Collin Starke; André Wegner","2022","10.3390/metabo12020122","https://openalex.org/W4210780466","10.3390/metabo12020122 (W4210780466)","D-CLOSE-P0034","DUPLICATE","DUPLICATE_OF_CURATED_CORPUS_RECORD","LEVEL_3_DISCOVERY_ONLY","P0034","audit/phase2_raw_search_results/D/PHASE2-SEARCH-0105_anchor_openalex.json","The DOI is already represented by the stated stable corpus ID."
"DCL0052","OpenAlex backward citations","PHASE2-SEARCH-0105","2026-07-31","KEGG: new perspectives on genomes, pathways, diseases and drugs","Minoru Kanehisa; Miho Furumichi; Mao Tanabe; Yoko Sato; Kanae Morishima","2016","10.1093/nar/gkw1092","https://openalex.org/W2559588208","10.3390/metabo12020122 (W4210780466)","D-CLOSE-10.1093/nar/gkw1092","TITLE_ABSTRACT_EXCLUDED","SECONDARY_OR_GENERAL_CONTEXT_WITHOUT_NEW_PRIMARY_MISSPECIFICATION_METHOD","LEVEL_3_DISCOVERY_ONLY","","audit/phase2_raw_search_results/D/PHASE2-SEARCH-0105_backward_openalex.json","Prospective title/metadata exclusion."
"DCL0053","OpenAlex backward citations","PHASE2-SEARCH-0105","2026-07-31","What is flux balance analysis?","Jeffrey D. Orth; Ines Thiele; Bernhard Ø. Palsson","2010","10.1038/nbt.1614","https://openalex.org/W2078355959","10.3390/metabo12020122 (W4210780466)","D-CLOSE-10.1038/nbt.1614","TITLE_ABSTRACT_EXCLUDED","SECONDARY_OR_GENERAL_CONTEXT_WITHOUT_NEW_PRIMARY_MISSPECIFICATION_METHOD","LEVEL_3_DISCOVERY_ONLY","","audit/phase2_raw_search_results/D/PHASE2-SEARCH-0105_backward_openalex.json","Prospective title/metadata exclusion."
"DCL0054","OpenAlex backward citations","PHASE2-SEARCH-0105","2026-07-31","The MetaCyc database of metabolic pathways and enzymes - a 2019 update","Ron Caspi; Richard Billington; Ingrid M. Keseler; Anamika Kothari; Markus Krummenacker; Peter Midford; Wai Kit Ong; Suzanne Paley; Pallavi Subhraveti; Peter D. Karp","2019","10.1093/nar/gkz862","https://openalex.org/W2977870980","10.3390/metabo12020122 (W4210780466)","D-CLOSE-10.1093/nar/gkz862","TITLE_ABSTRACT_EXCLUDED","SECONDARY_OR_GENERAL_CONTEXT_WITHOUT_NEW_PRIMARY_MISSPECIFICATION_METHOD","LEVEL_3_DISCOVERY_ONLY","","audit/phase2_raw_search_results/D/PHASE2-SEARCH-0105_backward_openalex.json","Prospective title/metadata exclusion."
"DCL0055","OpenAlex backward citations","PHASE2-SEARCH-0105","2026-07-31","InChI, the IUPAC International Chemical Identifier","Stephen R. Heller; Alan D. Mcnaught; И. В. Плетнев; Stephen E. Stein; Dmitrii V. Tchekhovskoi","2015","10.1186/s13321-015-0068-4","https://openalex.org/W1508604947","10.3390/metabo12020122 (W4210780466)","D-CLOSE-10.1186/s13321-015-0068-4","TITLE_ABSTRACT_EXCLUDED","SECONDARY_OR_GENERAL_CONTEXT_WITHOUT_NEW_PRIMARY_MISSPECIFICATION_METHOD","LEVEL_3_DISCOVERY_ONLY","","audit/phase2_raw_search_results/D/PHASE2-SEARCH-0105_backward_openalex.json","Prospective title/metadata exclusion."
"DCL0056","OpenAlex backward citations","PHASE2-SEARCH-0105","2026-07-31","Recon3D enables a three-dimensional view of gene variation in human metabolism","Elizabeth Brunk; Swagatika Sahoo; Daniel C. Zielinski; Ali Altunkaya; Andreas Dräger; Nathan Mih; Francesco Gatto; Avlant Nilsson; German Preciat; Maike K. Aurich; Andreas Prlić; Anand V. Sastry; Anna Dröfn Daníelsdóttir; Almut Heinken; Alberto Noronha; Peter W. Rose; S.K. Burley; Ronan M. T. Fleming; Jens Nielsen; Ines Thiele; Bernhard Ø. Palsson","2018","10.1038/nbt.4072","https://openalex.org/W2789128799","10.3390/metabo12020122 (W4210780466)","D-CLOSE-10.1038/nbt.4072","TITLE_ABSTRACT_EXCLUDED","NO_DIRECT_METHOD_FOR_FORWARD_MODEL_MISSPECIFICATION_OR_ROBUST_DISCRIMINATION","LEVEL_3_DISCOVERY_ONLY","","audit/phase2_raw_search_results/D/PHASE2-SEARCH-0105_backward_openalex.json","Prospective title/metadata exclusion; no stronger conclusion was inferred."
"DCL0057","OpenAlex backward citations","PHASE2-SEARCH-0105","2026-07-31","BRENDA, the ELIXIR core data resource in 2021: new developments and updates","Antje Chang; Lisa Jeske; Sandra Ulbrich; Julia Hofmann; Julia Koblitz; Ida Schomburg; Meina Neumann‐Schaal; Dieter Jahn; Dietmar Schomburg","2020","10.1093/nar/gkaa1025","https://openalex.org/W3105895642","10.3390/metabo12020122 (W4210780466)","D-CLOSE-10.1093/nar/gkaa1025","TITLE_ABSTRACT_EXCLUDED","SECONDARY_OR_GENERAL_CONTEXT_WITHOUT_NEW_PRIMARY_MISSPECIFICATION_METHOD","LEVEL_3_DISCOVERY_ONLY","","audit/phase2_raw_search_results/D/PHASE2-SEARCH-0105_backward_openalex.json","Prospective title/metadata exclusion."
"DCL0058","OpenAlex backward citations","PHASE2-SEARCH-0105","2026-07-31","Metabolic Fluxes and Metabolic Engineering","Gregory Stephanopoulos","1999","10.1006/mben.1998.0101","https://openalex.org/W2065163714","10.3390/metabo12020122 (W4210780466)","D-CLOSE-10.1006/mben.1998.0101","TITLE_ABSTRACT_EXCLUDED","NO_DIRECT_METHOD_FOR_FORWARD_MODEL_MISSPECIFICATION_OR_ROBUST_DISCRIMINATION","LEVEL_3_DISCOVERY_ONLY","","audit/phase2_raw_search_results/D/PHASE2-SEARCH-0105_backward_openalex.json","Prospective title/metadata exclusion; no stronger conclusion was inferred."
"DCL0059","OpenAlex backward citations","PHASE2-SEARCH-0105","2026-07-31","BRENDA in 2019: a European ELIXIR core data resource","Lisa Jeske; Sandra Placzek; Ida Schomburg; Antje Chang; Dietmar Schomburg","2018","10.1093/nar/gky1048","https://openalex.org/W2899903294","10.3390/metabo12020122 (W4210780466)","D-CLOSE-10.1093/nar/gky1048","TITLE_ABSTRACT_EXCLUDED","SECONDARY_OR_GENERAL_CONTEXT_WITHOUT_NEW_PRIMARY_MISSPECIFICATION_METHOD","LEVEL_3_DISCOVERY_ONLY","","audit/phase2_raw_search_results/D/PHASE2-SEARCH-0105_backward_openalex.json","Prospective title/metadata exclusion."
"DCL0060","OpenAlex backward citations","PHASE2-SEARCH-0105","2026-07-31","INCA: a computational platform for isotopically non-stationary metabolic flux analysis","Jamey D. Young","2014","10.1093/bioinformatics/btu015","https://openalex.org/W2134138595","10.3390/metabo12020122 (W4210780466)","D-CLOSE-10.1093/bioinformatics/btu015","TITLE_ABSTRACT_EXCLUDED","NO_DIRECT_METHOD_FOR_FORWARD_MODEL_MISSPECIFICATION_OR_ROBUST_DISCRIMINATION","LEVEL_3_DISCOVERY_ONLY","","audit/phase2_raw_search_results/D/PHASE2-SEARCH-0105_backward_openalex.json","Prospective title/metadata exclusion; no stronger conclusion was inferred."
"DCL0061","OpenAlex backward citations","PHASE2-SEARCH-0105","2026-07-31","An elementary metabolite unit (EMU) based method of isotopically nonstationary flux analysis","Jamey D. Young; Jason L. Walther; Maciek R. Antoniewicz; Hyuntae Yoo; Gregory Stephanopoulos","2007","10.1002/bit.21632","https://openalex.org/W2148497594","10.3390/metabo12020122 (W4210780466)","D-CLOSE-P0013","DUPLICATE","DUPLICATE_OF_CURATED_CORPUS_RECORD","LEVEL_3_DISCOVERY_ONLY","P0013","audit/phase2_raw_search_results/D/PHASE2-SEARCH-0105_backward_openalex.json","The DOI is already represented by the stated stable corpus ID."
"DCL0062","OpenAlex backward citations","PHASE2-SEARCH-0105","2026-07-31","A guide to 13C metabolic flux analysis for the cancer biologist","Maciek R. Antoniewicz","2018","10.1038/s12276-018-0060-y","https://openalex.org/W2796927648","10.3390/metabo12020122 (W4210780466)","D-CLOSE-10.1038/s12276-018-0060-y","TITLE_ABSTRACT_EXCLUDED","SECONDARY_OR_GENERAL_CONTEXT_WITHOUT_NEW_PRIMARY_MISSPECIFICATION_METHOD","LEVEL_3_DISCOVERY_ONLY","","audit/phase2_raw_search_results/D/PHASE2-SEARCH-0105_backward_openalex.json","Prospective title/metadata exclusion."
"DCL0063","OpenAlex backward citations","PHASE2-SEARCH-0105","2026-07-31","A systematic comparison of the MetaCyc and KEGG pathway databases","Tomer Altman; Michael Travers; Anamika Kothari; Ron Caspi; Peter D. Karp","2013","10.1186/1471-2105-14-112","https://openalex.org/W1964572291","10.3390/metabo12020122 (W4210780466)","D-CLOSE-10.1186/1471-2105-14-112","TITLE_ABSTRACT_EXCLUDED","SECONDARY_OR_GENERAL_CONTEXT_WITHOUT_NEW_PRIMARY_MISSPECIFICATION_METHOD","LEVEL_3_DISCOVERY_ONLY","","audit/phase2_raw_search_results/D/PHASE2-SEARCH-0105_backward_openalex.json","Prospective title/metadata exclusion."
"DCL0064","OpenAlex backward citations","PHASE2-SEARCH-0105","2026-07-31","Computational Assignment of the EC Numbers for Genomic-Scale Analysis of Enzymatic Reactions","Masaaki Kotera; Yasushi Okuno; Masahiro Hattori; Susumu Goto; Minoru Kanehisa","2004","10.1021/ja0466457","https://openalex.org/W2034994407","10.3390/metabo12020122 (W4210780466)","D-CLOSE-10.1021/ja0466457","TITLE_ABSTRACT_EXCLUDED","NO_DIRECT_METHOD_FOR_FORWARD_MODEL_MISSPECIFICATION_OR_ROBUST_DISCRIMINATION","LEVEL_3_DISCOVERY_ONLY","","audit/phase2_raw_search_results/D/PHASE2-SEARCH-0105_backward_openalex.json","Prospective title/metadata exclusion; no stronger conclusion was inferred."
"DCL0065","OpenAlex backward citations","PHASE2-SEARCH-0105","2026-07-31","A guide to metabolic flux analysis in metabolic engineering: Methods, tools and applications","Maciek R. Antoniewicz","2020","10.1016/j.ymben.2020.11.002","https://openalex.org/W3096266289","10.3390/metabo12020122 (W4210780466)","D-CLOSE-10.1016/j.ymben.2020.11.002","TITLE_ABSTRACT_EXCLUDED","SECONDARY_OR_GENERAL_CONTEXT_WITHOUT_NEW_PRIMARY_MISSPECIFICATION_METHOD","LEVEL_3_DISCOVERY_ONLY","","audit/phase2_raw_search_results/D/PHASE2-SEARCH-0105_backward_openalex.json","Prospective title/metadata exclusion."
"DCL0066","OpenAlex backward citations","PHASE2-SEARCH-0105","2026-07-31","Automatic mapping of atoms across both simple and complex chemical reactions","Wojciech Jaworski; Sara Szymkuć; Barbara Mikulak-Klucznik; Krzysztof Piecuch; Tomasz Klucznik; Michał Kaźmierowski; Jan M. Rydzewski; Anna Gambin; Bartosz A. Grzybowski","2019","10.1038/s41467-019-09440-2","https://openalex.org/W2929387033","10.3390/metabo12020122 (W4210780466)","D-CLOSE-10.1038/s41467-019-09440-2","TITLE_ABSTRACT_INCLUDED","NA","LEVEL_3_DISCOVERY_ONLY","","audit/phase2_raw_search_results/D/PHASE2-SEARCH-0105_backward_openalex.json","Adjacent discovery lead only; no full-text or guarantee claim was extracted for Phase 2 synthesis."
"DCL0067","OpenAlex backward citations","PHASE2-SEARCH-0105","2026-07-31","How metabolites modulate metabolic flux","André Wegner; Johannes Meiser; Daniel Weindl; Karsten Hiller","2014","10.1016/j.copbio.2014.11.008","https://openalex.org/W2129727604","10.3390/metabo12020122 (W4210780466)","D-CLOSE-10.1016/j.copbio.2014.11.008","TITLE_ABSTRACT_EXCLUDED","NO_DIRECT_METHOD_FOR_FORWARD_MODEL_MISSPECIFICATION_OR_ROBUST_DISCRIMINATION","LEVEL_3_DISCOVERY_ONLY","","audit/phase2_raw_search_results/D/PHASE2-SEARCH-0105_backward_openalex.json","Prospective title/metadata exclusion; no stronger conclusion was inferred."
"DCL0068","OpenAlex backward citations","PHASE2-SEARCH-0105","2026-07-31","Reaction Decoder Tool (RDT): extracting features from chemical reactions","Syed Asad Rahman; Gilliean Torrance; Lorenzo Baldacci; Sergio Martínez Cuesta; Franz Fenninger; Nimish Gopal; Saket Choudhary; John W. May; Gemma L. Holliday; Christoph Steinbeck; Janet M. Thornton","2016","10.1093/bioinformatics/btw096","https://openalex.org/W2319614057","10.3390/metabo12020122 (W4210780466)","D-CLOSE-10.1093/bioinformatics/btw096","TITLE_ABSTRACT_INCLUDED","NA","LEVEL_3_DISCOVERY_ONLY","","audit/phase2_raw_search_results/D/PHASE2-SEARCH-0105_backward_openalex.json","Adjacent discovery lead only; no full-text or guarantee claim was extracted for Phase 2 synthesis."
"DCL0069","OpenAlex backward citations","PHASE2-SEARCH-0105","2026-07-31","Accurate Atom-Mapping Computation for Biochemical Reactions","Mario Latendresse; Jeremiah P. Malerich; Mike Travers; Peter D. Karp","2012","10.1021/ci3002217","https://openalex.org/W1964189732","10.3390/metabo12020122 (W4210780466)","D-CLOSE-10.1021/ci3002217","TITLE_ABSTRACT_INCLUDED","NA","LEVEL_3_DISCOVERY_ONLY","","audit/phase2_raw_search_results/D/PHASE2-SEARCH-0105_backward_openalex.json","Adjacent discovery lead only; no full-text or guarantee claim was extracted for Phase 2 synthesis."
"DCL0070","OpenAlex backward citations","PHASE2-SEARCH-0105","2026-07-31","Stereochemically Consistent Reaction Mapping and Identification of Multiple Reaction Mechanisms through Integer Linear Optimization","Eric L. First; Chrysanthos E. Gounaris; Christodoulos A. Floudas","2011","10.1021/ci200351b","https://openalex.org/W1999619962","10.3390/metabo12020122 (W4210780466)","D-CLOSE-10.1021/ci200351b","TITLE_ABSTRACT_INCLUDED","NA","LEVEL_3_DISCOVERY_ONLY","","audit/phase2_raw_search_results/D/PHASE2-SEARCH-0105_backward_openalex.json","Adjacent discovery lead only; no full-text or guarantee claim was extracted for Phase 2 synthesis."
"DCL0071","OpenAlex backward citations","PHASE2-SEARCH-0105","2026-07-31","Comparative evaluation of atom mapping algorithms for balanced metabolic reactions: application to Recon 3D","German Preciat; Lemmer R. P. El Assal; Alberto Noronha; Ines Thiele; Hulda S. Haraldsdóttir; Ronan M. T. Fleming","2017","10.1186/s13321-017-0223-1","https://openalex.org/W2626704831","10.3390/metabo12020122 (W4210780466)","D-CLOSE-10.1186/s13321-017-0223-1","TITLE_ABSTRACT_INCLUDED","NA","LEVEL_3_DISCOVERY_ONLY","","audit/phase2_raw_search_results/D/PHASE2-SEARCH-0105_backward_openalex.json","Adjacent discovery lead only; no full-text or guarantee claim was extracted for Phase 2 synthesis."
"DCL0072","OpenAlex backward citations","PHASE2-SEARCH-0105","2026-07-31","CLCA: Maximum Common Molecular Substructure Queries within the MetRxn Database","Akhil Kumar; Costas D. Maranas","2014","10.1021/ci5003922","https://openalex.org/W2007750874","10.3390/metabo12020122 (W4210780466)","D-CLOSE-10.1021/ci5003922","TITLE_ABSTRACT_EXCLUDED","SECONDARY_OR_GENERAL_CONTEXT_WITHOUT_NEW_PRIMARY_MISSPECIFICATION_METHOD","LEVEL_3_DISCOVERY_ONLY","","audit/phase2_raw_search_results/D/PHASE2-SEARCH-0105_backward_openalex.json","Prospective title/metadata exclusion."
"DCL0073","OpenAlex backward citations","PHASE2-SEARCH-0105","2026-07-31","Hierarchical Harmonization of Atom-Resolved Metabolic Reactions across Metabolic Databases","Huan Jin; Hunter Moseley","2021","10.3390/metabo11070431","https://openalex.org/W3175749050","10.3390/metabo12020122 (W4210780466)","D-CLOSE-10.3390/metabo11070431","TITLE_ABSTRACT_INCLUDED","NA","LEVEL_3_DISCOVERY_ONLY","","audit/phase2_raw_search_results/D/PHASE2-SEARCH-0105_backward_openalex.json","Adjacent discovery lead only; no full-text or guarantee claim was extracted for Phase 2 synthesis."
"DCL0074","OpenAlex backward citations","PHASE2-SEARCH-0105","2026-07-31","Dynamic models for metabolomics data integration","Polina Lakrisenko; Daniel Weindl","2021","10.1016/j.coisb.2021.100358","https://openalex.org/W3183479527","10.3390/metabo12020122 (W4210780466)","D-CLOSE-10.1016/j.coisb.2021.100358","TITLE_ABSTRACT_EXCLUDED","NO_DIRECT_METHOD_FOR_FORWARD_MODEL_MISSPECIFICATION_OR_ROBUST_DISCRIMINATION","LEVEL_3_DISCOVERY_ONLY","","audit/phase2_raw_search_results/D/PHASE2-SEARCH-0105_backward_openalex.json","Prospective title/metadata exclusion; no stronger conclusion was inferred."
"DCL0075","OpenAlex backward citations","PHASE2-SEARCH-0105","2026-07-31","Hierarchical Harmonization of Atom-Resolved Metabolic Reactions Across Metabolic Databases","Huan Jin; Hunter Moseley","2021","10.1101/2021.06.01.446673","https://openalex.org/W3172399532","10.3390/metabo12020122 (W4210780466)","D-CLOSE-10.3390/metabo11070431","DUPLICATE","DUPLICATE_OR_SUPERSEDED_BY_10.3390/metabo11070431","LEVEL_3_DISCOVERY_ONLY","","audit/phase2_raw_search_results/D/PHASE2-SEARCH-0105_backward_openalex.json","Version relationship is explicit in the preserved identifiers/titles."
"DCL0076","OpenAlex forward citations","PHASE2-SEARCH-0105","2026-07-31","EnzymeMap: curation, validation and data-driven prediction of enzymatic reactions","Esther Heid; Daniel Probst; William H. Green; Georg K. H. Madsen","2023","10.1039/d3sc02048g","https://openalex.org/W4388917508","10.3390/metabo12020122 (W4210780466)","D-CLOSE-10.1039/d3sc02048g","TITLE_ABSTRACT_INCLUDED","NA","LEVEL_3_DISCOVERY_ONLY","","audit/phase2_raw_search_results/D/PHASE2-SEARCH-0105_forward_openalex.json","Adjacent discovery lead only; no full-text or guarantee claim was extracted for Phase 2 synthesis."
"DCL0077","OpenAlex forward citations","PHASE2-SEARCH-0105","2026-07-31","Machine learning in predictive biocatalysis: A comparative review of methods and applications","Neha Tripathi; Joan Hérisson; Jean‐Loup Faulon","2025","10.1016/j.biotechadv.2025.108698","https://openalex.org/W4413810566","10.3390/metabo12020122 (W4210780466)","D-CLOSE-10.1016/j.biotechadv.2025.108698","TITLE_ABSTRACT_EXCLUDED","SECONDARY_OR_GENERAL_CONTEXT_WITHOUT_NEW_PRIMARY_MISSPECIFICATION_METHOD","LEVEL_3_DISCOVERY_ONLY","","audit/phase2_raw_search_results/D/PHASE2-SEARCH-0105_forward_openalex.json","Prospective title/metadata exclusion."
"DCL0078","OpenAlex forward citations","PHASE2-SEARCH-0105","2026-07-31","An integrated AI knowledge graph framework of bacterial enzymology and metabolism","Norman Spencer; Mathusan Gunabalasingam; Keshav Dial; Xiaxia Di; Tonya Malcolm; Nathan A. Magarvey","2025","10.1073/pnas.2425048122","https://openalex.org/W4409220151","10.3390/metabo12020122 (W4210780466)","D-CLOSE-10.1073/pnas.2425048122","TITLE_ABSTRACT_EXCLUDED","NO_DIRECT_METHOD_FOR_FORWARD_MODEL_MISSPECIFICATION_OR_ROBUST_DISCRIMINATION","LEVEL_3_DISCOVERY_ONLY","","audit/phase2_raw_search_results/D/PHASE2-SEARCH-0105_forward_openalex.json","Prospective title/metadata exclusion; no stronger conclusion was inferred."
"DCL0079","OpenAlex forward citations","PHASE2-SEARCH-0105","2026-07-31","Computing double-pushout graph transformation rules and atom-to-atom maps from KEGG RCLASS data","Nora Beier; Thomas Gatter; Jakob L. Andersen; Peter F. Stadler","2026","10.1186/s13015-025-00294-6","https://openalex.org/W7126090324","10.3390/metabo12020122 (W4210780466)","D-CLOSE-10.1186/s13015-025-00294-6","TITLE_ABSTRACT_INCLUDED","NA","LEVEL_3_DISCOVERY_ONLY","","audit/phase2_raw_search_results/D/PHASE2-SEARCH-0105_forward_openalex.json","Adjacent discovery lead only; no full-text or guarantee claim was extracted for Phase 2 synthesis."
"DCL0080","OpenAlex forward citations","PHASE2-SEARCH-0105","2026-07-31","md_harmonize: A Python Package for Atom-Level Harmonization of Public Metabolic Databases","Huan Jin; Hunter Moseley","2023","10.3390/metabo13121199","https://openalex.org/W4389894348","10.3390/metabo12020122 (W4210780466)","D-CLOSE-10.3390/metabo13121199","TITLE_ABSTRACT_INCLUDED","NA","LEVEL_3_DISCOVERY_ONLY","","audit/phase2_raw_search_results/D/PHASE2-SEARCH-0105_forward_openalex.json","Adjacent discovery lead only; no full-text or guarantee claim was extracted for Phase 2 synthesis."
"DCL0081","OpenAlex forward citations","PHASE2-SEARCH-0105","2026-07-31","High-Quality Predicted Pathway Annotations Greatly Improve Pathway Enrichment Analysis of Metabolomics Datasets","Erik D. Huckvale; P. Travis Thompson; Robert M Flight; Hunter Moseley","2025","10.1101/2025.11.18.689105","https://openalex.org/W4416383282","10.3390/metabo12020122 (W4210780466)","D-CLOSE-10.1101/2025.11.18.689105","TITLE_ABSTRACT_EXCLUDED","NO_DIRECT_METHOD_FOR_FORWARD_MODEL_MISSPECIFICATION_OR_ROBUST_DISCRIMINATION","LEVEL_3_DISCOVERY_ONLY","","audit/phase2_raw_search_results/D/PHASE2-SEARCH-0105_forward_openalex.json","Prospective title/metadata exclusion; no stronger conclusion was inferred."
"DCL0082","OpenAlex forward citations","PHASE2-SEARCH-0105","2026-07-31","Chemical Structure Representation Standardization Is Needed to Generalize Metabolite-Pathway Involvement Prediction Across KEGG, Reactome, and MetaCyc Knowledgebases","Erik D. Huckvale; Hunter N. B. Moseley","2026","10.3390/metabo16060357","https://openalex.org/W7162461337","10.3390/metabo12020122 (W4210780466)","D-CLOSE-10.3390/metabo16060357","TITLE_ABSTRACT_INCLUDED","NA","LEVEL_3_DISCOVERY_ONLY","","audit/phase2_raw_search_results/D/PHASE2-SEARCH-0105_forward_openalex.json","Adjacent discovery lead only; no full-text or guarantee claim was extracted for Phase 2 synthesis."
"DCL0083","OpenAlex forward citations","PHASE2-SEARCH-0105","2026-07-31","CBR-db: A Cheminformatic Database for Biochemical Reaction Analysis","Louie Slocombe; Camerian Millsaps; M. Reza Shahjahan; Kamesh Narasimhan; Sara Imari Walker","2026","10.1021/acssynbio.6c00060","https://openalex.org/W7162650038","10.3390/metabo12020122 (W4210780466)","D-CLOSE-10.1021/acssynbio.6c00060","TITLE_ABSTRACT_INCLUDED","NA","LEVEL_3_DISCOVERY_ONLY","","audit/phase2_raw_search_results/D/PHASE2-SEARCH-0105_forward_openalex.json","Adjacent discovery lead only; no full-text or guarantee claim was extracted for Phase 2 synthesis."
"DCL0084","OpenAlex forward citations","PHASE2-SEARCH-0105","2026-07-31","<sup>13</sup> C flux ratio analysis with FRAPPPE reveals differences in metabolic fluxes between gut Bacteroidota and <i>Escherichia coli</i>","Daniel B Torka; Bartosz J. Bartmanski; Alexander Spiegelhalter; Ines Herrera Gomez; Mariana Natali Barcenas Rodriguez; Bernhard Drotleff; Michael Zimmermann; Maria Zimmermann‐Kogadeeva","2026","10.64898/2026.05.29.728648","https://openalex.org/W7162862349","10.3390/metabo12020122 (W4210780466)","D-CLOSE-10.64898/2026.05.29.728648","TITLE_ABSTRACT_EXCLUDED","NO_DIRECT_METHOD_FOR_FORWARD_MODEL_MISSPECIFICATION_OR_ROBUST_DISCRIMINATION","LEVEL_3_DISCOVERY_ONLY","","audit/phase2_raw_search_results/D/PHASE2-SEARCH-0105_forward_openalex.json","Prospective title/metadata exclusion; no stronger conclusion was inferred."
"DCL0085","OpenAlex anchor verification","PHASE2-SEARCH-0106","2026-07-31","Assessing and Resolving Model Misspecifications in Metabolic Flux Analysis","Rudiyanto Gunawan; Sandro Hutter","2017","10.3390/bioengineering4020048","https://openalex.org/W2601725879","10.3390/bioengineering4020048 (W2601725879)","D-CLOSE-P0035","DUPLICATE","DUPLICATE_OF_CURATED_CORPUS_RECORD","LEVEL_3_DISCOVERY_ONLY","P0035","audit/phase2_raw_search_results/D/PHASE2-SEARCH-0106_anchor_openalex.json","The DOI is already represented by the stated stable corpus ID."
"DCL0086","OpenAlex backward citations","PHASE2-SEARCH-0106","2026-07-31","The MetaCyc database of metabolic pathways and enzymes and the BioCyc collection of pathway/genome databases","Ron Caspi; Richard Billington; Luciana Ferrer; Hartmut Foerster; Carol A. Fulcher; Ingrid M. Keseler; Anamika Kothari; Markus Krummenacker; Mario Latendresse; Lukas A. Mueller; Quang Ong; Suzanne Paley; Pallavi Subhraveti; Daniel Weaver; Peter D. Karp","2015","10.1093/nar/gkv1164","https://openalex.org/W2128601422","10.3390/bioengineering4020048 (W2601725879)","D-CLOSE-10.1093/nar/gkv1164","TITLE_ABSTRACT_EXCLUDED","SECONDARY_OR_GENERAL_CONTEXT_WITHOUT_NEW_PRIMARY_MISSPECIFICATION_METHOD","LEVEL_3_DISCOVERY_ONLY","","audit/phase2_raw_search_results/D/PHASE2-SEARCH-0106_backward_openalex.json","Prospective title/metadata exclusion."
"DCL0087","OpenAlex backward citations","PHASE2-SEARCH-0106","2026-07-31","Tests for Specification Errors in Classical Linear Least-Squares Regression Analysis","James B. Ramsey","1969","10.1111/j.2517-6161.1969.tb00796.x","https://openalex.org/W953353200","10.3390/bioengineering4020048 (W2601725879)","D-CLOSE-10.1111/j.2517-6161.1969.tb00796.x","TITLE_ABSTRACT_INCLUDED","NA","LEVEL_3_DISCOVERY_ONLY","","audit/phase2_raw_search_results/D/PHASE2-SEARCH-0106_backward_openalex.json","Adjacent discovery lead only; no full-text or guarantee claim was extracted for Phase 2 synthesis."
"DCL0088","OpenAlex backward citations","PHASE2-SEARCH-0106","2026-07-31","From genomics to chemical genomics: new developments in KEGG","Minoru Kanehisa","2005","10.1093/nar/gkj102","https://openalex.org/W2165674132","10.3390/bioengineering4020048 (W2601725879)","D-CLOSE-10.1093/nar/gkj102","TITLE_ABSTRACT_EXCLUDED","SECONDARY_OR_GENERAL_CONTEXT_WITHOUT_NEW_PRIMARY_MISSPECIFICATION_METHOD","LEVEL_3_DISCOVERY_ONLY","","audit/phase2_raw_search_results/D/PHASE2-SEARCH-0106_backward_openalex.json","Prospective title/metadata exclusion."
"DCL0089","OpenAlex backward citations","PHASE2-SEARCH-0106","2026-07-31","Constraining the metabolic genotype–phenotype relationship using a phylogeny of in silico methods","Nathan E. Lewis; Harish Nagarajan; Bernhard Ø. Palsson","2012","10.1038/nrmicro2737","https://openalex.org/W2082382448","10.3390/bioengineering4020048 (W2601725879)","D-CLOSE-10.1038/nrmicro2737","TITLE_ABSTRACT_EXCLUDED","NO_DIRECT_METHOD_FOR_FORWARD_MODEL_MISSPECIFICATION_OR_ROBUST_DISCRIMINATION","LEVEL_3_DISCOVERY_ONLY","","audit/phase2_raw_search_results/D/PHASE2-SEARCH-0106_backward_openalex.json","Prospective title/metadata exclusion; no stronger conclusion was inferred."
"DCL0090","OpenAlex backward citations","PHASE2-SEARCH-0106","2026-07-31","Metabolic Fluxes and Metabolic Engineering","Gregory Stephanopoulos","1999","10.1006/mben.1998.0101","https://openalex.org/W2065163714","10.3390/bioengineering4020048 (W2601725879)","D-CLOSE-10.1006/mben.1998.0101","TITLE_ABSTRACT_EXCLUDED","NO_DIRECT_METHOD_FOR_FORWARD_MODEL_MISSPECIFICATION_OR_ROBUST_DISCRIMINATION","LEVEL_3_DISCOVERY_ONLY","","audit/phase2_raw_search_results/D/PHASE2-SEARCH-0106_backward_openalex.json","Prospective title/metadata exclusion; no stronger conclusion was inferred."
"DCL0091","OpenAlex backward citations","PHASE2-SEARCH-0106","2026-07-31","Bidirectional reaction steps in metabolic networks: II. Flux estimation and statistical analysis","Wolfgang Wiechert; Claudia Siefke; Albert A. de Graaf; Achim Marx","1997","10.1002/(sici)1097-0290(19970705)55:1<118::aid-bit13>3.0.co;2-i","https://openalex.org/W1989845358","10.3390/bioengineering4020048 (W2601725879)","D-CLOSE-10.1002/(sici)1097-0290(19970705)55:1<118::aid-bit13>3.0.co;2-i","TITLE_ABSTRACT_INCLUDED","NA","LEVEL_3_DISCOVERY_ONLY","","audit/phase2_raw_search_results/D/PHASE2-SEARCH-0106_backward_openalex.json","Adjacent discovery lead only; no full-text or guarantee claim was extracted for Phase 2 synthesis."
"DCL0092","OpenAlex backward citations","PHASE2-SEARCH-0106","2026-07-31","Metabolic flux analysis in mammalian cell culture","Lake‐Ee Quek; Stefanie Dietmair; Jens O. Krömer; Lars K. Nielsen","2009","10.1016/j.ymben.2009.09.002","https://openalex.org/W2075802407","10.3390/bioengineering4020048 (W2601725879)","D-CLOSE-10.1016/j.ymben.2009.09.002","TITLE_ABSTRACT_EXCLUDED","NO_DIRECT_METHOD_FOR_FORWARD_MODEL_MISSPECIFICATION_OR_ROBUST_DISCRIMINATION","LEVEL_3_DISCOVERY_ONLY","","audit/phase2_raw_search_results/D/PHASE2-SEARCH-0106_backward_openalex.json","Prospective title/metadata exclusion; no stronger conclusion was inferred."
"DCL0093","OpenAlex backward citations","PHASE2-SEARCH-0106","2026-07-31","Dynamic model of CHO cell metabolism","Ryan P. Nolan; Kyongbum Lee","2010","10.1016/j.ymben.2010.09.003","https://openalex.org/W2071646337","10.3390/bioengineering4020048 (W2601725879)","D-CLOSE-10.1016/j.ymben.2010.09.003","TITLE_ABSTRACT_EXCLUDED","NO_DIRECT_METHOD_FOR_FORWARD_MODEL_MISSPECIFICATION_OR_ROBUST_DISCRIMINATION","LEVEL_3_DISCOVERY_ONLY","","audit/phase2_raw_search_results/D/PHASE2-SEARCH-0106_backward_openalex.json","Prospective title/metadata exclusion; no stronger conclusion was inferred."
"DCL0094","OpenAlex backward citations","PHASE2-SEARCH-0106","2026-07-31","Linear constraint relations in biochemical reaction systems: I. Classification of the calculability and the balanceability of conversion rates","R. T. J. M. van der Heijden; Joseph J. Heijnen; C. Hellinga; B. Romein; K. Ch. A. M. Luyben","1994","10.1002/bit.260430103","https://openalex.org/W2100334725","10.3390/bioengineering4020048 (W2601725879)","D-CLOSE-10.1002/bit.260430103","TITLE_ABSTRACT_INCLUDED","NA","LEVEL_3_DISCOVERY_ONLY","","audit/phase2_raw_search_results/D/PHASE2-SEARCH-0106_backward_openalex.json","Adjacent discovery lead only; no full-text or guarantee claim was extracted for Phase 2 synthesis."
"DCL0095","OpenAlex backward citations","PHASE2-SEARCH-0106","2026-07-31","Publishing 13C metabolic flux analysis studies: A review and future perspectives","Scott B. Crown; Maciek R. Antoniewicz","2013","10.1016/j.ymben.2013.08.005","https://openalex.org/W2009378698","10.3390/bioengineering4020048 (W2601725879)","D-CLOSE-10.1016/j.ymben.2013.08.005","TITLE_ABSTRACT_EXCLUDED","SECONDARY_OR_GENERAL_CONTEXT_WITHOUT_NEW_PRIMARY_MISSPECIFICATION_METHOD","LEVEL_3_DISCOVERY_ONLY","","audit/phase2_raw_search_results/D/PHASE2-SEARCH-0106_backward_openalex.json","Prospective title/metadata exclusion."
"DCL0096","OpenAlex backward citations","PHASE2-SEARCH-0106","2026-07-31","An algorithm for the reduction of genome-scale metabolic network models to meaningful core models","Philipp Erdrich; Ralf Steuer; Steffen Klamt","2015","10.1186/s12918-015-0191-x","https://openalex.org/W2101981035","10.3390/bioengineering4020048 (W2601725879)","D-CLOSE-10.1186/s12918-015-0191-x","TITLE_ABSTRACT_EXCLUDED","NO_DIRECT_METHOD_FOR_FORWARD_MODEL_MISSPECIFICATION_OR_ROBUST_DISCRIMINATION","LEVEL_3_DISCOVERY_ONLY","","audit/phase2_raw_search_results/D/PHASE2-SEARCH-0106_backward_openalex.json","Prospective title/metadata exclusion; no stronger conclusion was inferred."
"DCL0097","OpenAlex backward citations","PHASE2-SEARCH-0106","2026-07-31","Updates in Rhea – an expert curated resource of biochemical reactions","Anne Morgat; Thierry Lombardot; Kristian B. Axelsen; Lucila Aimo; Anne Niknejad; Nevila Hyka‐Nouspikel; Elisabeth Coudert; Monica Pozzato; Marco Pagni; Sébastien Moretti; Steven Rosanoff; Joseph Onwubiko; Lydie Bougueleret; Ioannis Xénarios; Nicole Redaschi; Alan Bridge","2016","10.1093/nar/gkw990","https://openalex.org/W2543238710","10.3390/bioengineering4020048 (W2601725879)","D-CLOSE-10.1093/nar/gkw990","TITLE_ABSTRACT_EXCLUDED","SECONDARY_OR_GENERAL_CONTEXT_WITHOUT_NEW_PRIMARY_MISSPECIFICATION_METHOD","LEVEL_3_DISCOVERY_ONLY","","audit/phase2_raw_search_results/D/PHASE2-SEARCH-0106_backward_openalex.json","Prospective title/metadata exclusion."
"DCL0098","OpenAlex backward citations","PHASE2-SEARCH-0106","2026-07-31","Application of macroscopic balances to the identification of gross measurement errors","Nam Sun Wang; Gregory Stephanopoulos","1983","10.1002/bit.260250906","https://openalex.org/W2133783666","10.3390/bioengineering4020048 (W2601725879)","D-CLOSE-10.1002/bit.260250906","TITLE_ABSTRACT_INCLUDED","NA","LEVEL_3_DISCOVERY_ONLY","","audit/phase2_raw_search_results/D/PHASE2-SEARCH-0106_backward_openalex.json","Adjacent discovery lead only; no full-text or guarantee claim was extracted for Phase 2 synthesis."
"DCL0099","OpenAlex backward citations","PHASE2-SEARCH-0106","2026-07-31","Linear constraint relations in biochemical reaction systems: II. Diagnosis and estimation of gross errors","R. T. J. M. van der Heijden; B. Romein; Joseph J. Heijnen; C. Hellinga; K. Ch. A. M. Luyben","1994","10.1002/bit.260430104","https://openalex.org/W2157264112","10.3390/bioengineering4020048 (W2601725879)","D-CLOSE-10.1002/bit.260430104","TITLE_ABSTRACT_INCLUDED","NA","LEVEL_3_DISCOVERY_ONLY","","audit/phase2_raw_search_results/D/PHASE2-SEARCH-0106_backward_openalex.json","Adjacent discovery lead only; no full-text or guarantee claim was extracted for Phase 2 synthesis."
"DCL0100","OpenAlex backward citations","PHASE2-SEARCH-0106","2026-07-31","Analysis of CHO Cells Metabolic Redistribution in a Glutamate-Based Defined Medium in Continuous Culture","Claudia Altamirano; A. Illanes; Antoni Casablancas; Xavier Gámez; Jordi J. Cairó; C. Godia","2001","10.1021/bp0100981","https://openalex.org/W2061226704","10.3390/bioengineering4020048 (W2601725879)","D-CLOSE-10.1021/bp0100981","TITLE_ABSTRACT_EXCLUDED","NO_DIRECT_METHOD_FOR_FORWARD_MODEL_MISSPECIFICATION_OR_ROBUST_DISCRIMINATION","LEVEL_3_DISCOVERY_ONLY","","audit/phase2_raw_search_results/D/PHASE2-SEARCH-0106_backward_openalex.json","Prospective title/metadata exclusion; no stronger conclusion was inferred."
"DCL0101","OpenAlex backward citations","PHASE2-SEARCH-0106","2026-07-31","Metabolic Flux Analysis in Systems Biology of Mammalian Cells","Jens Niklas; Elmar Heinzle","2011","10.1007/10_2011_99","https://openalex.org/W1583997234","10.3390/bioengineering4020048 (W2601725879)","D-CLOSE-10.1007/10_2011_99","TITLE_ABSTRACT_EXCLUDED","NO_DIRECT_METHOD_FOR_FORWARD_MODEL_MISSPECIFICATION_OR_ROBUST_DISCRIMINATION","LEVEL_3_DISCOVERY_ONLY","","audit/phase2_raw_search_results/D/PHASE2-SEARCH-0106_backward_openalex.json","Prospective title/metadata exclusion; no stronger conclusion was inferred."
"DCL0102","OpenAlex backward citations","PHASE2-SEARCH-0106","2026-07-31","Development of a mathematical model for evaluating the dynamics of normal and apoptotic Chinese hamster ovary cells","Saeideh Naderi; Mukesh Meshram; Catherine Wei; Brendan J. McConkey; Brian Ingalls; Hector Budman; Jeno M. Scharer","2011","10.1002/btpr.647","https://openalex.org/W2163754616","10.3390/bioengineering4020048 (W2601725879)","D-CLOSE-10.1002/btpr.647","TITLE_ABSTRACT_EXCLUDED","NO_DIRECT_METHOD_FOR_FORWARD_MODEL_MISSPECIFICATION_OR_ROBUST_DISCRIMINATION","LEVEL_3_DISCOVERY_ONLY","","audit/phase2_raw_search_results/D/PHASE2-SEARCH-0106_backward_openalex.json","Prospective title/metadata exclusion; no stronger conclusion was inferred."
"DCL0103","OpenAlex backward citations","PHASE2-SEARCH-0106","2026-07-31","Some Notes on Misspecification in Multiple Regressions","Potluri Rao","1971","10.1080/00031305.1971.10477302","https://openalex.org/W2027474258","10.3390/bioengineering4020048 (W2601725879)","D-CLOSE-10.1080/00031305.1971.10477302","TITLE_ABSTRACT_INCLUDED","NA","LEVEL_3_DISCOVERY_ONLY","","audit/phase2_raw_search_results/D/PHASE2-SEARCH-0106_backward_openalex.json","Adjacent discovery lead only; no full-text or guarantee claim was extracted for Phase 2 synthesis."
"DCL0104","OpenAlex backward citations","PHASE2-SEARCH-0106","2026-07-31","Application of Metabolic Flux Analysis in Metabolic Engineering","Sang Yup Lee; Jong Myoung Park; Tae Yong Kim","2011","10.1016/b978-0-12-385120-8.00004-8","https://openalex.org/W1584375372","10.3390/bioengineering4020048 (W2601725879)","D-CLOSE-10.1016/b978-0-12-385120-8.00004-8","TITLE_ABSTRACT_EXCLUDED","NO_DIRECT_METHOD_FOR_FORWARD_MODEL_MISSPECIFICATION_OR_ROBUST_DISCRIMINATION","LEVEL_3_DISCOVERY_ONLY","","audit/phase2_raw_search_results/D/PHASE2-SEARCH-0106_backward_openalex.json","Prospective title/metadata exclusion; no stronger conclusion was inferred."
"DCL0105","OpenAlex backward citations","PHASE2-SEARCH-0106","2026-07-31","20 Bioprocess Engineering","James E. Bailey","1991","10.1016/s0065-2377(08)60167-2","https://openalex.org/W1222146597","10.3390/bioengineering4020048 (W2601725879)","D-CLOSE-10.1016/s0065-2377(08)60167-2","TITLE_ABSTRACT_EXCLUDED","NO_DIRECT_METHOD_FOR_FORWARD_MODEL_MISSPECIFICATION_OR_ROBUST_DISCRIMINATION","LEVEL_3_DISCOVERY_ONLY","","audit/phase2_raw_search_results/D/PHASE2-SEARCH-0106_backward_openalex.json","Prospective title/metadata exclusion; no stronger conclusion was inferred."
"DCL0106","OpenAlex backward citations","PHASE2-SEARCH-0106","2026-07-31","Heteroskedasticity-Robust Tests in Regressions Directions","Davidson; Mackinnon; Davidson","1985","10.2307/20076563","https://openalex.org/W3125511805","10.3390/bioengineering4020048 (W2601725879)","D-CLOSE-10.2307/20076563","TITLE_ABSTRACT_INCLUDED","NA","LEVEL_3_DISCOVERY_ONLY","","audit/phase2_raw_search_results/D/PHASE2-SEARCH-0106_backward_openalex.json","Adjacent discovery lead only; no full-text or guarantee claim was extracted for Phase 2 synthesis."
"DCL0107","OpenAlex backward citations","PHASE2-SEARCH-0106","2026-07-31","Animal Cell Biotechnology","","2013","10.1007/978-1-62703-733-4","https://openalex.org/W4301515466","10.3390/bioengineering4020048 (W2601725879)","D-CLOSE-10.1007/978-1-62703-733-4","TITLE_ABSTRACT_EXCLUDED","NO_DIRECT_METHOD_FOR_FORWARD_MODEL_MISSPECIFICATION_OR_ROBUST_DISCRIMINATION","LEVEL_3_DISCOVERY_ONLY","","audit/phase2_raw_search_results/D/PHASE2-SEARCH-0106_backward_openalex.json","Prospective title/metadata exclusion; no stronger conclusion was inferred."
"DCL0108","OpenAlex backward citations","PHASE2-SEARCH-0106","2026-07-31","Some Specification Tests for the Linear Regression Model","J. Scott Long; Pravin K. Trivedi","1992","10.1177/0049124192021002003","https://openalex.org/W2056162424","10.3390/bioengineering4020048 (W2601725879)","D-CLOSE-10.1177/0049124192021002003","TITLE_ABSTRACT_INCLUDED","NA","LEVEL_3_DISCOVERY_ONLY","","audit/phase2_raw_search_results/D/PHASE2-SEARCH-0106_backward_openalex.json","Adjacent discovery lead only; no full-text or guarantee claim was extracted for Phase 2 synthesis."
"DCL0109","OpenAlex backward citations","PHASE2-SEARCH-0106","2026-07-31","Metabolic Flux Estimation in Mammalian Cell Cultures","Chetan T. Goudar; Richard Biener; James M. Piret; Konstantin B. Konstantinov","2013","10.1007/978-1-62703-733-4_13","https://openalex.org/W2429556350","10.3390/bioengineering4020048 (W2601725879)","D-CLOSE-10.1007/978-1-62703-733-4_13","TITLE_ABSTRACT_EXCLUDED","NO_DIRECT_METHOD_FOR_FORWARD_MODEL_MISSPECIFICATION_OR_ROBUST_DISCRIMINATION","LEVEL_3_DISCOVERY_ONLY","","audit/phase2_raw_search_results/D/PHASE2-SEARCH-0106_backward_openalex.json","Prospective title/metadata exclusion; no stronger conclusion was inferred."
"DCL0110","OpenAlex backward citations","PHASE2-SEARCH-0106","2026-07-31","RMBNToolbox: random models for biochemical networks","Tommi Aho; Olli‐Pekka Smolander; Jari Niemi; Olli Yli‐Harja","2007","10.1186/1752-0509-1-22","https://openalex.org/W2046154060","10.3390/bioengineering4020048 (W2601725879)","D-CLOSE-10.1186/1752-0509-1-22","TITLE_ABSTRACT_EXCLUDED","NO_DIRECT_METHOD_FOR_FORWARD_MODEL_MISSPECIFICATION_OR_ROBUST_DISCRIMINATION","LEVEL_3_DISCOVERY_ONLY","","audit/phase2_raw_search_results/D/PHASE2-SEARCH-0106_backward_openalex.json","Prospective title/metadata exclusion; no stronger conclusion was inferred."
"DCL0111","OpenAlex backward citations","PHASE2-SEARCH-0106","2026-07-31","Evaluating differences of metabolic performances: Statistical methods and their application to animal cell cultivations","Oliver Hädicke; Verena Lohr; Yvonne Genzel; Udo Reichl; Steffen Klamt","2013","10.1002/bit.24926","https://openalex.org/W2132177132","10.3390/bioengineering4020048 (W2601725879)","D-CLOSE-10.1002/bit.24926","TITLE_ABSTRACT_INCLUDED","NA","LEVEL_3_DISCOVERY_ONLY","","audit/phase2_raw_search_results/D/PHASE2-SEARCH-0106_backward_openalex.json","Adjacent discovery lead only; no full-text or guarantee claim was extracted for Phase 2 synthesis."
"DCL0112","OpenAlex backward citations","PHASE2-SEARCH-0106","2026-07-31","Identifying model error in metabolic flux analysis – a generalized least squares approach","Stanislav Sokolenko; Marco Quattrociocchi; Marc G. Aucoin","2016","10.1186/s12918-016-0335-7","https://openalex.org/W2519327819","10.3390/bioengineering4020048 (W2601725879)","D-CLOSE-P0045","DUPLICATE","DUPLICATE_OF_EARLIER_PHASE2_OCCURRENCE","LEVEL_3_DISCOVERY_ONLY","P0045","audit/phase2_raw_search_results/D/PHASE2-SEARCH-0106_backward_openalex.json","The complete source was already included from PHASE2-SEARCH-0104."
"DCL0113","OpenAlex backward citations","PHASE2-SEARCH-0106","2026-07-31","Metabolic Flux Estimation in Mammalian Cell Cultures","Chetan T. Goudar; Richard Biener; James M. Piret; Konstantin B. Konstantinov","2007","10.1007/978-1-59745-399-8_14","https://openalex.org/W4253808107","10.3390/bioengineering4020048 (W2601725879)","D-CLOSE-10.1007/978-1-59745-399-8_14","TITLE_ABSTRACT_EXCLUDED","NO_DIRECT_METHOD_FOR_FORWARD_MODEL_MISSPECIFICATION_OR_ROBUST_DISCRIMINATION","LEVEL_3_DISCOVERY_ONLY","","audit/phase2_raw_search_results/D/PHASE2-SEARCH-0106_backward_openalex.json","Prospective title/metadata exclusion; no stronger conclusion was inferred."
"DCL0114","OpenAlex backward citation ID","PHASE2-SEARCH-0106","2026-07-31","","","","W6604903323","https://openalex.org/W6604903323","10.3390/bioengineering4020048 (W2601725879)","D-CLOSE-W6604903323","AWAITING_VERIFICATION","NA","LEVEL_3_DISCOVERY_ONLY","","audit/phase2_raw_search_results/D/PHASE2-SEARCH-0106_anchor_openalex.json","The anchor lists this reference ID, but the preserved bounded metadata resolution returned no record; no bibliographic or eligibility inference was made."
"DCL0115","OpenAlex forward citations","PHASE2-SEARCH-0106","2026-07-31","Metabolic Checkpoints: Targeting Immunometabolism as a Novel Therapeutic Strategy in Neurologic Diseases","慣斉晟; Bo Wang; Jingming Hou; Rong Hu; Wenyan Li","2026","10.15212/npt-2025-0024","https://openalex.org/W7154623398","10.3390/bioengineering4020048 (W2601725879)","D-CLOSE-10.15212/npt-2025-0024","TITLE_ABSTRACT_EXCLUDED","NO_DIRECT_METHOD_FOR_FORWARD_MODEL_MISSPECIFICATION_OR_ROBUST_DISCRIMINATION","LEVEL_3_DISCOVERY_ONLY","","audit/phase2_raw_search_results/D/PHASE2-SEARCH-0106_forward_openalex.json","Prospective title/metadata exclusion; no stronger conclusion was inferred."
