"discovery_id","search_id","source","search_date","title","authors","year","doi_or_identifier","url","duplicate_group","screening_state","exclusion_reason","software_name","evidence_level","final_corpus_id","notes"
"E-D0001","PHASE2-SEARCH-0041","JuGit project API","2026-07-31","IBG-1 / ModSim / Fluxomics / 13CFLUX","NR","2020","2090","https://jugit.fz-juelich.de/IBG-1/ModSim/Fluxomics/13CFLUX","13CFLUX(v3)","FULL_TEXT_INCLUDED","NA","13CFLUX(v3)","LEVEL_1_LOAD_BEARING","S0009","Official repository and versioned paths inspected."
"E-D0002","PHASE2-SEARCH-0044","GitHub repository API","2026-07-31","fumiomatsuda/mfapy","NR","2018","137216431","https://github.com/fumiomatsuda/mfapy","mfapy","FULL_TEXT_INCLUDED","NA","mfapy","LEVEL_1_LOAD_BEARING","S0004","Official repository and versioned paths inspected."
"E-D0003","PHASE2-SEARCH-0045","GitHub repository API","2026-07-31","Chaowu88/freeflux","NR","2022","525750758","https://github.com/Chaowu88/freeflux","FreeFlux","FULL_TEXT_INCLUDED","NA","FreeFlux","LEVEL_1_LOAD_BEARING","S0005","Official repository and versioned paths inspected."
"E-D0004","PHASE2-SEARCH-0048","GitHub repository API","2026-07-31","sgsokol/influx","NR","2019","220258846","https://github.com/sgsokol/influx","influx_s","FULL_TEXT_INCLUDED","NA","influx_s","LEVEL_1_LOAD_BEARING","S0007","Official repository and versioned paths inspected."
"E-D0005","PHASE2-SEARCH-0050","GitHub repository API","2026-07-31","cfoguet/iso2flux","NR","2016","60068478","https://github.com/cfoguet/iso2flux","Iso2Flux","FULL_TEXT_INCLUDED","NA","Iso2Flux","LEVEL_1_LOAD_BEARING","S0011","Official repository and versioned paths inspected."
"E-D0006","PHASE2-SEARCH-0042","PubMed","2026-07-31","INCA: a computational platform for isotopically non-stationary metabolic flux analysis.","Young JD","2014","PMID:24413674","https://pubmed.ncbi.nlm.nih.gov/24413674/","INCA","TITLE_ABSTRACT_INCLUDED","NA","INCA","LEVEL_2_SUPPORTING","S0002","Software paper; capability claims require repository/document inspection."
"E-D0007","PHASE2-SEARCH-0043","PubMed","2026-07-31","FreeFlux: A Python Package for Time-Efficient Isotopically Nonstationary Metabolic Flux Analysis.","Wu C","2023","PMID:37561998","https://pubmed.ncbi.nlm.nih.gov/37561998/","FreeFlux","TITLE_ABSTRACT_INCLUDED","NA","FreeFlux","LEVEL_2_SUPPORTING","S0005","Software paper; capability claims require repository/document inspection."
"E-D0008","PHASE2-SEARCH-0043","PubMed","2026-07-31","A scientific workflow framework for (13)C metabolic flux analysis.","Dalman T","2016","PMID:26721184","https://pubmed.ncbi.nlm.nih.gov/26721184/","13C-MFA software lead","TITLE_ABSTRACT_INCLUDED","NA","13C-MFA software lead","LEVEL_2_SUPPORTING","","Software paper; capability claims require repository/document inspection."
"E-D0009","PHASE2-SEARCH-0043","PubMed","2026-07-31","Mathematical modeling of isotope labeling experiments for metabolic flux analysis.","Nargund S","2014","PMID:24218213","https://pubmed.ncbi.nlm.nih.gov/24218213/","E-SINGLE-E-D0009","TITLE_ABSTRACT_EXCLUDED","Not a software-method record relevant to Workstream E","","LEVEL_3_DISCOVERY_ONLY","",""
"E-D0010","PHASE2-SEARCH-0043","PubMed","2026-07-31","Metabolic flux analysis of recombinant Pichia pastoris growing on different glycerol/methanol mixtures by iterative fitting of NMR-derived (13)C-labelling data from proteinogenic amino acids.","Jordà J","2014","PMID:23845285","https://pubmed.ncbi.nlm.nih.gov/23845285/","E-SINGLE-E-D0010","TITLE_ABSTRACT_EXCLUDED","Not a software-method record relevant to Workstream E","","LEVEL_3_DISCOVERY_ONLY","",""
"E-D0011","PHASE2-SEARCH-0043","PubMed","2026-07-31","iMS2Flux--a high-throughput processing tool for stable isotope labeled mass spectrometric data used for metabolic flux analysis.","Poskar CH","2012","PMID:23146204","https://pubmed.ncbi.nlm.nih.gov/23146204/","iMS2Flux","TITLE_ABSTRACT_INCLUDED","NA","iMS2Flux","LEVEL_2_SUPPORTING","","Software paper; capability claims require repository/document inspection."
"E-D0012","PHASE2-SEARCH-0043","PubMed","2026-07-31","13CFLUX2--high-performance software suite for (13)C-metabolic flux analysis.","Weitzel M","2013","PMID:23110970","https://pubmed.ncbi.nlm.nih.gov/23110970/","13CFLUX2","TITLE_ABSTRACT_INCLUDED","NA","13CFLUX2","LEVEL_2_SUPPORTING","","Software paper; capability claims require repository/document inspection."
"E-D0013","PHASE2-SEARCH-0047","PubMed","2026-07-31","OpenMebius: an open source software for isotopically nonstationary 13C-based metabolic flux analysis.","Kajihata S","2014","PMID:25006579","https://pubmed.ncbi.nlm.nih.gov/25006579/","OpenMebius","TITLE_ABSTRACT_INCLUDED","NA","OpenMebius","LEVEL_2_SUPPORTING","S0006","Software paper; capability claims require repository/document inspection."
"E-D0014","PHASE2-SEARCH-0046","Crossref","2026-07-31","OpenFLUX: efficient modelling software for 13C-based metabolic flux analysis","Lake-Ee Quek; Christoph Wittmann; Lars K Nielsen; Jens O Krömer","2009","10.1186/1475-2859-8-25","https://doi.org/10.1186/1475-2859-8-25","OpenFLUX","TITLE_ABSTRACT_INCLUDED","NA","OpenFLUX","LEVEL_2_SUPPORTING","","Bibliographic support only; official implementation evidence assessed separately."
"E-D0015","PHASE2-SEARCH-0046","Crossref","2026-07-31","Simple, efficient allocation of modelling runs on heterogeneous clusters with MPI","David I. Donato","2017","10.1016/j.envsoft.2016.11.003","https://doi.org/10.1016/j.envsoft.2016.11.003","E-SINGLE-E-D0015","TITLE_ABSTRACT_EXCLUDED","Name-targeted result is not about OpenFLUX software","","LEVEL_3_DISCOVERY_ONLY","",""
"E-D0016","PHASE2-SEARCH-0046","Crossref","2026-07-31","Computationally efficient modelling of tidal rivers using conceptual reservoir-type models","Pieter Meert; Fernando Pereira; Patrick Willems","2016","10.1016/j.envsoft.2015.11.010","https://doi.org/10.1016/j.envsoft.2015.11.010","E-SINGLE-E-D0016","TITLE_ABSTRACT_EXCLUDED","Name-targeted result is not about OpenFLUX software","","LEVEL_3_DISCOVERY_ONLY","",""
"E-D0017","PHASE2-SEARCH-0046","Crossref","2026-07-31","Cost-efficient climate policies for interdependent carbon pools","Katarina Elofsson; Ing-Marie Gren","2018","10.1016/j.envsoft.2017.12.006","https://doi.org/10.1016/j.envsoft.2017.12.006","E-SINGLE-E-D0017","TITLE_ABSTRACT_EXCLUDED","Name-targeted result is not about OpenFLUX software","","LEVEL_3_DISCOVERY_ONLY","",""
"E-D0018","PHASE2-SEARCH-0046","Crossref","2026-07-31","A computationally efficient approach for watershed scale spatial optimization","R. Cibin; I. Chaubey","2015","10.1016/j.envsoft.2014.12.014","https://doi.org/10.1016/j.envsoft.2014.12.014","E-SINGLE-E-D0018","TITLE_ABSTRACT_EXCLUDED","Name-targeted result is not about OpenFLUX software","","LEVEL_3_DISCOVERY_ONLY","",""
"E-D0019","PHASE2-SEARCH-0046","Crossref","2026-07-31","Modelling and search: Efficient, practical, and innovative approaches to software engineering","Simon Poulding","2013","10.1109/cmsbse.2013.6604428","https://doi.org/10.1109/cmsbse.2013.6604428","E-SINGLE-E-D0019","TITLE_ABSTRACT_EXCLUDED","Name-targeted result is not about OpenFLUX software","","LEVEL_3_DISCOVERY_ONLY","",""
"E-D0020","PHASE2-SEARCH-0046","Crossref","2026-07-31","Memory-efficient flow accumulation using a look-around approach and its OpenMP parallelization","Huidae Cho","2023","10.1016/j.envsoft.2023.105771","https://doi.org/10.1016/j.envsoft.2023.105771","E-SINGLE-E-D0020","TITLE_ABSTRACT_EXCLUDED","Name-targeted result is not about OpenFLUX software","","LEVEL_3_DISCOVERY_ONLY","",""
"E-D0021","PHASE2-SEARCH-0046","Crossref","2026-07-31","Robust and computationally efficient design for run-of-river hydropower","Veysel Yildiz; Solomon Brown; Charles Rougé","2025","10.1016/j.envsoft.2024.106220","https://doi.org/10.1016/j.envsoft.2024.106220","E-SINGLE-E-D0021","TITLE_ABSTRACT_EXCLUDED","Name-targeted result is not about OpenFLUX software","","LEVEL_3_DISCOVERY_ONLY","",""
"E-D0022","PHASE2-SEARCH-0046","Crossref","2026-07-31","Is VARS more intuitive and efficient than Sobol’ indices?","Arnald Puy; Samuele Lo Piano; Andrea Saltelli","2021","10.1016/j.envsoft.2021.104960","https://doi.org/10.1016/j.envsoft.2021.104960","E-SINGLE-E-D0022","TITLE_ABSTRACT_EXCLUDED","Name-targeted result is not about OpenFLUX software","","LEVEL_3_DISCOVERY_ONLY","",""
"E-D0023","PHASE2-SEARCH-0046","Crossref","2026-07-31","EfficientRainNet: Leveraging EfficientNetV2 for memory-efficient rainfall nowcasting","Muhammed Sit; Bong-Chul Seo; Bekir Demiray; Ibrahim Demir","2024","10.1016/j.envsoft.2024.106001","https://doi.org/10.1016/j.envsoft.2024.106001","E-SINGLE-E-D0023","TITLE_ABSTRACT_EXCLUDED","Name-targeted result is not about OpenFLUX software","","LEVEL_3_DISCOVERY_ONLY","",""
"E-D0024","PHASE2-SEARCH-0049","Crossref","2026-07-31","13C-Metabolic Flux Analysis and Metabolic Regulation","Yu Matsuoka; Kazuyuki Shimizu","2012","10.5772/35121","https://doi.org/10.5772/35121","E-SINGLE-E-D0024","TITLE_ABSTRACT_EXCLUDED","Name-targeted result is not about Metran software","","LEVEL_3_DISCOVERY_ONLY","",""
"E-D0025","PHASE2-SEARCH-0049","Crossref","2026-07-31","Investigating E. coli Coculture for Resveratrol Production with 13C Metabolic Flux Analysis","NR","NR","10.1021/acs.jafc.9b07628.s001","https://doi.org/10.1021/acs.jafc.9b07628.s001","E-SINGLE-E-D0025","TITLE_ABSTRACT_EXCLUDED","Name-targeted result is not about Metran software","","LEVEL_3_DISCOVERY_ONLY","",""
"E-D0026","PHASE2-SEARCH-0049","Crossref","2026-07-31","13C Metabolic Flux Analysis","Wolfgang Wiechert","2001","10.1006/mben.2001.0187","https://doi.org/10.1006/mben.2001.0187","E-SINGLE-E-D0026","TITLE_ABSTRACT_EXCLUDED","Name-targeted result is not about Metran software","","LEVEL_3_DISCOVERY_ONLY","",""
"E-D0027","PHASE2-SEARCH-0049","Crossref","2026-07-31","Discrimination of Microalgal Cellular Metabolic Heterogeneity and 13C Metabolic Flux Analysis via Micro Label-Free Mass Cytometry","NR","NR","10.1021/acs.analchem.5c03905.s004","https://doi.org/10.1021/acs.analchem.5c03905.s004","E-SINGLE-E-D0027","TITLE_ABSTRACT_EXCLUDED","Name-targeted result is not about Metran software","","LEVEL_3_DISCOVERY_ONLY","",""
"E-D0028","PHASE2-SEARCH-0049","Crossref","2026-07-31","Discrimination of Microalgal Cellular Metabolic Heterogeneity and 13C Metabolic Flux Analysis via Micro Label-Free Mass Cytometry","NR","NR","10.1021/acs.analchem.5c03905.s002","https://doi.org/10.1021/acs.analchem.5c03905.s002","E-SINGLE-E-D0028","TITLE_ABSTRACT_EXCLUDED","Name-targeted result is not about Metran software","","LEVEL_3_DISCOVERY_ONLY","",""
"E-D0029","PHASE2-SEARCH-0049","Crossref","2026-07-31","Discrimination of Microalgal Cellular Metabolic Heterogeneity and 13C Metabolic Flux Analysis via Micro Label-Free Mass Cytometry","NR","NR","10.1021/acs.analchem.5c03905.s001","https://doi.org/10.1021/acs.analchem.5c03905.s001","E-SINGLE-E-D0029","TITLE_ABSTRACT_EXCLUDED","Name-targeted result is not about Metran software","","LEVEL_3_DISCOVERY_ONLY","",""
"E-D0030","PHASE2-SEARCH-0049","Crossref","2026-07-31","Discrimination of Microalgal Cellular Metabolic Heterogeneity and 13C Metabolic Flux Analysis via Micro Label-Free Mass Cytometry","NR","NR","10.1021/acs.analchem.5c03905.s003","https://doi.org/10.1021/acs.analchem.5c03905.s003","E-SINGLE-E-D0030","TITLE_ABSTRACT_EXCLUDED","Name-targeted result is not about Metran software","","LEVEL_3_DISCOVERY_ONLY","",""
"E-D0031","PHASE2-SEARCH-0049","Crossref","2026-07-31","13C-Metabolic flux analysis of soybean somatic embryos for identification of metabolic control points in developing seed","Quyen Xuan Truong","NR","10.31274/etd-180810-3030","https://doi.org/10.31274/etd-180810-3030","E-SINGLE-E-D0031","TITLE_ABSTRACT_EXCLUDED","Name-targeted result is not about Metran software","","LEVEL_3_DISCOVERY_ONLY","",""
"E-D0032","PHASE2-SEARCH-0049","Crossref","2026-07-31","Parallel labeling experiments with [U-13C]glucose validate E. coli metabolic network model for 13C metabolic flux analysis","Robert W. Leighty; Maciek R. Antoniewicz","2012","10.1016/j.ymben.2012.06.003","https://doi.org/10.1016/j.ymben.2012.06.003","E-SINGLE-E-D0032","TITLE_ABSTRACT_EXCLUDED","Name-targeted result is not about Metran software","","LEVEL_3_DISCOVERY_ONLY","",""
"E-D0033","PHASE2-SEARCH-0049","Crossref","2026-07-31","13C metabolic flux analysis at a genome-scale","Saratram Gopalakrishnan; Costas D. Maranas","2015","10.1016/j.ymben.2015.08.006","https://doi.org/10.1016/j.ymben.2015.08.006","E-SINGLE-E-D0033","TITLE_ABSTRACT_EXCLUDED","Name-targeted result is not about Metran software","","LEVEL_3_DISCOVERY_ONLY","",""
"E-D0034","PHASE2-SEARCH-0051","Crossref","2026-07-31","Isotope Labeling","NR","NR","10.1007/springerreference_35696","https://doi.org/10.1007/springerreference_35696","E-SINGLE-E-D0034","TITLE_ABSTRACT_EXCLUDED","Name-targeted result is not about sysmetab software","","LEVEL_3_DISCOVERY_ONLY","",""
"E-D0035","PHASE2-SEARCH-0051","Crossref","2026-07-31","Escherichia coli Cell-Free Protein Synthesis and Isotope Labeling of Mammalian Proteins","NR","2015","10.1016/bs.mie.2015.08.035","https://doi.org/10.1016/bs.mie.2015.08.035","E-SINGLE-E-D0035","TITLE_ABSTRACT_EXCLUDED","Name-targeted result is not about sysmetab software","","LEVEL_3_DISCOVERY_ONLY","",""
"E-D0036","PHASE2-SEARCH-0051","Crossref","2026-07-31","Isotope Labeling of Proteins in Insect Cells","Lukasz Skora; Binesh Shrestha; Alvar D. Gossert","2015","10.1016/bs.mie.2015.05.013","https://doi.org/10.1016/bs.mie.2015.05.013","E-SINGLE-E-D0036","TITLE_ABSTRACT_EXCLUDED","Name-targeted result is not about sysmetab software","","LEVEL_3_DISCOVERY_ONLY","",""
"E-D0037","PHASE2-SEARCH-0051","Crossref","2026-07-31","Isotope Labeling of Biomolecules","Miklos Guttman; Kelly K. Lee","2016","10.1016/bs.mie.2015.05.021","https://doi.org/10.1016/bs.mie.2015.05.021","E-SINGLE-E-D0037","TITLE_ABSTRACT_EXCLUDED","Name-targeted result is not about sysmetab software","","LEVEL_3_DISCOVERY_ONLY","",""
"E-D0038","PHASE2-SEARCH-0051","Crossref","2026-07-31","Isotope Labeling of Biomolecules - Labeling Methods","NR","2015","10.1016/s0076-6879(15)x0017-6","https://doi.org/10.1016/s0076-6879(15)x0017-6","E-SINGLE-E-D0038","TITLE_ABSTRACT_EXCLUDED","Name-targeted result is not about sysmetab software","","LEVEL_3_DISCOVERY_ONLY","",""
"E-D0039","PHASE2-SEARCH-0051","Crossref","2026-07-31","Supplemental Information 1: Stable isotope labeling results.","NR","NR","10.7717/peerj.8363/supp-1","https://doi.org/10.7717/peerj.8363/supp-1","E-SINGLE-E-D0039","TITLE_ABSTRACT_EXCLUDED","Name-targeted result is not about sysmetab software","","LEVEL_3_DISCOVERY_ONLY","",""
"E-D0040","PHASE2-SEARCH-0051","Crossref","2026-07-31","Novel Stable-Isotope Labeling for Quantitative Proteomics","NR","NR","10.1021/ac0348625.s001","https://doi.org/10.1021/ac0348625.s001","E-SINGLE-E-D0040","TITLE_ABSTRACT_EXCLUDED","Name-targeted result is not about sysmetab software","","LEVEL_3_DISCOVERY_ONLY","",""
"E-D0041","PHASE2-SEARCH-0051","Crossref","2026-07-31","Effective Isotope Labeling of Proteins in a Mammalian Expression System","Mallika Sastry; Carole A. Bewley; Peter D. Kwong","2015","10.1016/bs.mie.2015.09.021","https://doi.org/10.1016/bs.mie.2015.09.021","E-SINGLE-E-D0041","TITLE_ABSTRACT_EXCLUDED","Name-targeted result is not about sysmetab software","","LEVEL_3_DISCOVERY_ONLY","",""
"E-D0042","PHASE2-SEARCH-0051","Crossref","2026-07-31","Copyright","NR","2015","10.1016/s0076-6879(15)00619-9","https://doi.org/10.1016/s0076-6879(15)00619-9","E-SINGLE-E-D0042","TITLE_ABSTRACT_EXCLUDED","Name-targeted result is not about sysmetab software","","LEVEL_3_DISCOVERY_ONLY","",""
"E-D0043","PHASE2-SEARCH-0051","Crossref","2026-07-31","Contributors","NR","2015","10.1016/s0076-6879(15)00621-7","https://doi.org/10.1016/s0076-6879(15)00621-7","E-SINGLE-E-D0043","TITLE_ABSTRACT_EXCLUDED","Name-targeted result is not about sysmetab software","","LEVEL_3_DISCOVERY_ONLY","",""
"E-D0044","PHASE2-SEARCH-0052","Crossref","2026-07-31","Figure 2. Metabolic flux in day 4 GRU102 modeled by metabolic flux balance analysis.","NR","NR","10.7554/elife.50069.005","https://doi.org/10.7554/elife.50069.005","E-SINGLE-E-D0044","TITLE_ABSTRACT_EXCLUDED","Name-targeted result is not about Isodyn software","","LEVEL_3_DISCOVERY_ONLY","",""
"E-D0045","PHASE2-SEARCH-0052","Crossref","2026-07-31","Flux-Related Metabolic Network Descriptions","NR","NR","10.1007/springerreference_168337","https://doi.org/10.1007/springerreference_168337","E-SINGLE-E-D0045","TITLE_ABSTRACT_EXCLUDED","Name-targeted result is not about Isodyn software","","LEVEL_3_DISCOVERY_ONLY","",""
"E-D0046","PHASE2-SEARCH-0052","Crossref","2026-07-31","Supplementary file 1. Nutritional and metabolic parameters used in metabolic flux balance analysis.","NR","NR","10.7554/elife.50069.026","https://doi.org/10.7554/elife.50069.026","E-SINGLE-E-D0046","TITLE_ABSTRACT_EXCLUDED","Name-targeted result is not about Isodyn software","","LEVEL_3_DISCOVERY_ONLY","",""
"E-D0047","PHASE2-SEARCH-0052","Crossref","2026-07-31","Review for ""Model Validation and Selection in Metabolic Flux Analysis and Flux Balance Analysis""","NR","2023","10.1002/btpr.3413/v2/review1","https://doi.org/10.1002/btpr.3413/v2/review1","E-SINGLE-E-D0047","TITLE_ABSTRACT_EXCLUDED","Name-targeted result is not about Isodyn software","","LEVEL_3_DISCOVERY_ONLY","",""
"E-D0048","PHASE2-SEARCH-0052","Crossref","2026-07-31","Review for ""Model Validation and Selection in Metabolic Flux Analysis and Flux Balance Analysis""","NR","2023","10.1002/btpr.3413/v1/review2","https://doi.org/10.1002/btpr.3413/v1/review2","E-SINGLE-E-D0048","TITLE_ABSTRACT_EXCLUDED","Name-targeted result is not about Isodyn software","","LEVEL_3_DISCOVERY_ONLY","",""
"E-D0049","PHASE2-SEARCH-0052","Crossref","2026-07-31","13C Metabolic Flux Analysis","Wolfgang Wiechert","2001","10.1006/mben.2001.0187","https://doi.org/10.1006/mben.2001.0187","E-SINGLE-E-D0049","TITLE_ABSTRACT_EXCLUDED","Name-targeted result is not about Isodyn software","","LEVEL_3_DISCOVERY_ONLY","",""
"E-D0050","PHASE2-SEARCH-0052","Crossref","2026-07-31","Rethinking 13C-metabolic flux analysis – The Bayesian way of flux inference","Axel Theorell; Johann F. Jadebeck; Wolfgang Wiechert; Johnjoe McFadden; Katharina Nöh","2024","10.1016/j.ymben.2024.03.005","https://doi.org/10.1016/j.ymben.2024.03.005","E-SINGLE-E-D0050","TITLE_ABSTRACT_EXCLUDED","Name-targeted result is not about Isodyn software","","LEVEL_3_DISCOVERY_ONLY","",""
"E-D0051","PHASE2-SEARCH-0052","Crossref","2026-07-31","Metabolic Flux Analysis for Escherichia coli by Flux Balance Analysis","Yu Matsuoka; Kazuyuki Shimizu","2014","10.1007/978-1-4939-1170-7_15","https://doi.org/10.1007/978-1-4939-1170-7_15","E-SINGLE-E-D0051","TITLE_ABSTRACT_EXCLUDED","Name-targeted result is not about Isodyn software","","LEVEL_3_DISCOVERY_ONLY","",""
"E-D0052","PHASE2-SEARCH-0052","Crossref","2026-07-31","Metabolic Flux Analysis","Maria Klapa","2009","10.1201/9781439802977.ch15","https://doi.org/10.1201/9781439802977.ch15","E-SINGLE-E-D0052","TITLE_ABSTRACT_EXCLUDED","Name-targeted result is not about Isodyn software","","LEVEL_3_DISCOVERY_ONLY","",""
"E-D0053","PHASE2-SEARCH-0052","Crossref","2026-07-31","13C-Metabolic Flux Analysis and Metabolic Regulation","Yu Matsuoka; Kazuyuki Shimizu","2012","10.5772/35121","https://doi.org/10.5772/35121","E-SINGLE-E-D0053","TITLE_ABSTRACT_EXCLUDED","Name-targeted result is not about Isodyn software","","LEVEL_3_DISCOVERY_ONLY","",""
"E-D0054","PHASE2-SEARCH-0053","Crossref","2026-07-31","ScalaFlux: a scalable approach to quantify fluxes in metabolic subnetworks","Pierre Millard; Uwe Schmitt; Patrick Kiefer; Julia A. Vorholt; Stéphanie Heux; Jean-Charles Portais","2019","10.1101/735308","https://doi.org/10.1101/735308","ScalaFlux","TITLE_ABSTRACT_INCLUDED","NA","ScalaFlux","LEVEL_2_SUPPORTING","","Bibliographic support only; official implementation evidence assessed separately."
"E-D0055","PHASE2-SEARCH-0053","Crossref","2026-07-31","Figure 2. Metabolic flux in day 4 GRU102 modeled by metabolic flux balance analysis.","NR","NR","10.7554/elife.50069.005","https://doi.org/10.7554/elife.50069.005","E-SINGLE-E-D0055","TITLE_ABSTRACT_EXCLUDED","Name-targeted result is not about ScalaFlux software","","LEVEL_3_DISCOVERY_ONLY","",""
"E-D0056","PHASE2-SEARCH-0053","Crossref","2026-07-31","Flux-Related Metabolic Network Descriptions","NR","NR","10.1007/springerreference_168337","https://doi.org/10.1007/springerreference_168337","E-SINGLE-E-D0056","TITLE_ABSTRACT_EXCLUDED","Name-targeted result is not about ScalaFlux software","","LEVEL_3_DISCOVERY_ONLY","",""
"E-D0057","PHASE2-SEARCH-0053","Crossref","2026-07-31","ScalaFlux: A scalable approach to quantify fluxes in metabolic subnetworks","Pierre Millard; Uwe Schmitt; Patrick Kiefer; Julia A. Vorholt; Stéphanie Heux; Jean-Charles Portais","2020","10.1371/journal.pcbi.1007799","https://doi.org/10.1371/journal.pcbi.1007799","ScalaFlux","TITLE_ABSTRACT_INCLUDED","NA","ScalaFlux","LEVEL_2_SUPPORTING","","Bibliographic support only; official implementation evidence assessed separately."
"E-D0058","PHASE2-SEARCH-0053","Crossref","2026-07-31","Supplementary file 1. Nutritional and metabolic parameters used in metabolic flux balance analysis.","NR","NR","10.7554/elife.50069.026","https://doi.org/10.7554/elife.50069.026","E-SINGLE-E-D0058","TITLE_ABSTRACT_EXCLUDED","Name-targeted result is not about ScalaFlux software","","LEVEL_3_DISCOVERY_ONLY","",""
"E-D0059","PHASE2-SEARCH-0053","Crossref","2026-07-31","Review for ""Model Validation and Selection in Metabolic Flux Analysis and Flux Balance Analysis""","NR","2023","10.1002/btpr.3413/v2/review1","https://doi.org/10.1002/btpr.3413/v2/review1","E-SINGLE-E-D0059","TITLE_ABSTRACT_EXCLUDED","Name-targeted result is not about ScalaFlux software","","LEVEL_3_DISCOVERY_ONLY","",""
"E-D0060","PHASE2-SEARCH-0053","Crossref","2026-07-31","Review for ""Model Validation and Selection in Metabolic Flux Analysis and Flux Balance Analysis""","NR","2023","10.1002/btpr.3413/v1/review2","https://doi.org/10.1002/btpr.3413/v1/review2","E-SINGLE-E-D0060","TITLE_ABSTRACT_EXCLUDED","Name-targeted result is not about ScalaFlux software","","LEVEL_3_DISCOVERY_ONLY","",""
"E-D0061","PHASE2-SEARCH-0053","Crossref","2026-07-31","13C Metabolic Flux Analysis","Wolfgang Wiechert","2001","10.1006/mben.2001.0187","https://doi.org/10.1006/mben.2001.0187","E-SINGLE-E-D0061","TITLE_ABSTRACT_EXCLUDED","Name-targeted result is not about ScalaFlux software","","LEVEL_3_DISCOVERY_ONLY","",""
"E-D0062","PHASE2-SEARCH-0053","Crossref","2026-07-31","Rethinking 13C-metabolic flux analysis – The Bayesian way of flux inference","Axel Theorell; Johann F. Jadebeck; Wolfgang Wiechert; Johnjoe McFadden; Katharina Nöh","2024","10.1016/j.ymben.2024.03.005","https://doi.org/10.1016/j.ymben.2024.03.005","E-SINGLE-E-D0062","TITLE_ABSTRACT_EXCLUDED","Name-targeted result is not about ScalaFlux software","","LEVEL_3_DISCOVERY_ONLY","",""
"E-D0063","PHASE2-SEARCH-0053","Crossref","2026-07-31","Metabolic Flux Analysis for Escherichia coli by Flux Balance Analysis","Yu Matsuoka; Kazuyuki Shimizu","2014","10.1007/978-1-4939-1170-7_15","https://doi.org/10.1007/978-1-4939-1170-7_15","E-SINGLE-E-D0063","TITLE_ABSTRACT_EXCLUDED","Name-targeted result is not about ScalaFlux software","","LEVEL_3_DISCOVERY_ONLY","",""
"E-D0064","PHASE2-SEARCH-0054","Crossref","2026-07-31","Quadrupole Mass Analyzer","NR","NR","10.1007/springerreference_36521","https://doi.org/10.1007/springerreference_36521","E-SINGLE-E-D0064","TITLE_ABSTRACT_EXCLUDED","Name-targeted result is not about MIA software","","LEVEL_3_DISCOVERY_ONLY","",""
"E-D0065","PHASE2-SEARCH-0054","Crossref","2026-07-31","MIA: non-targeted mass isotopolome analysis","Daniel Weindl; Andre Wegner; Karsten Hiller","2016","10.1093/bioinformatics/btw317","https://doi.org/10.1093/bioinformatics/btw317","MIA","TITLE_ABSTRACT_INCLUDED","NA","MIA","LEVEL_2_SUPPORTING","","Bibliographic support only; official implementation evidence assessed separately."
"E-D0066","PHASE2-SEARCH-0054","Crossref","2026-07-31","Miniaturized Linear Wire Ion Trap Mass Analyzer","NR","NR","10.1021/acs.analchem.6b01830.s001","https://doi.org/10.1021/acs.analchem.6b01830.s001","E-SINGLE-E-D0066","TITLE_ABSTRACT_EXCLUDED","Name-targeted result is not about MIA software","","LEVEL_3_DISCOVERY_ONLY","",""
"E-D0067","PHASE2-SEARCH-0054","Crossref","2026-07-31","Mass Analyzer","NR","2020","10.32388/99dw8p","https://doi.org/10.32388/99dw8p","E-SINGLE-E-D0067","TITLE_ABSTRACT_EXCLUDED","Name-targeted result is not about MIA software","","LEVEL_3_DISCOVERY_ONLY","",""
"E-D0068","PHASE2-SEARCH-0054","Crossref","2026-07-31","Principles of Operation of a Rotating Wall Mass Analyzer for Preparative Mass Spectrometry","NR","NR","10.1021/jasms.0c00140.s001","https://doi.org/10.1021/jasms.0c00140.s001","E-SINGLE-E-D0068","TITLE_ABSTRACT_EXCLUDED","Name-targeted result is not about MIA software","","LEVEL_3_DISCOVERY_ONLY","",""
"E-D0069","PHASE2-SEARCH-0054","Crossref","2026-07-31","Characterization of the Spectral Accuracy of an Orbitrap Mass Analyzer Using Isotope Ratio Mass Spectrometry","NR","NR","10.1021/acs.analchem.7b03983.s001","https://doi.org/10.1021/acs.analchem.7b03983.s001","E-SINGLE-E-D0069","TITLE_ABSTRACT_EXCLUDED","Name-targeted result is not about MIA software","","LEVEL_3_DISCOVERY_ONLY","",""
"E-D0070","PHASE2-SEARCH-0054","Crossref","2026-07-31","The Carrier Proteome Should Be Reassessed for Each Mass Analyzer Architecture","NR","NR","10.1021/jasms.4c00173.s001","https://doi.org/10.1021/jasms.4c00173.s001","E-SINGLE-E-D0070","TITLE_ABSTRACT_EXCLUDED","Name-targeted result is not about MIA software","","LEVEL_3_DISCOVERY_ONLY","",""
"E-D0071","PHASE2-SEARCH-0054","Crossref","2026-07-31","Performance of a Mass Analyzer with Orbital Trapping  for Peptide Analysis","NR","NR","10.1021/ac0514624.s001","https://doi.org/10.1021/ac0514624.s001","E-SINGLE-E-D0071","TITLE_ABSTRACT_EXCLUDED","Name-targeted result is not about MIA software","","LEVEL_3_DISCOVERY_ONLY","",""
"E-D0072","PHASE2-SEARCH-0054","Crossref","2026-07-31","Determination of Collision Cross-Sections of Protein Ions in an Orbitrap Mass Analyzer","NR","NR","10.1021/acs.analchem.8b00724.s001","https://doi.org/10.1021/acs.analchem.8b00724.s001","E-SINGLE-E-D0072","TITLE_ABSTRACT_EXCLUDED","Name-targeted result is not about MIA software","","LEVEL_3_DISCOVERY_ONLY","",""
"E-D0073","PHASE2-SEARCH-0054","Crossref","2026-07-31","MetaProD: A Highly-Configurable Mass Spectrometry Analyzer for Multiplexed Proteomic and Metaproteomic Data","NR","NR","10.1021/acs.jproteome.2c00614.s002","https://doi.org/10.1021/acs.jproteome.2c00614.s002","E-SINGLE-E-D0073","TITLE_ABSTRACT_EXCLUDED","Name-targeted result is not about MIA software","","LEVEL_3_DISCOVERY_ONLY","",""
"E-D0074","PHASE2-SEARCH-0055","GitHub repository search API","2026-07-31","fumiomatsuda/mfapy","fumiomatsuda","2018","MDEwOlJlcG9zaXRvcnkxMzcyMTY0MzE=","https://github.com/fumiomatsuda/mfapy","fumiomatsuda/mfapy","TITLE_ABSTRACT_INCLUDED","NA","fumiomatsuda/mfapy","LEVEL_2_SUPPORTING","","Official repository lead; versioned files inspected for selected load-bearing platforms."
"E-D0075","PHASE2-SEARCH-0055","GitHub repository search API","2026-07-31","maranasgroup/SteadyState-MFA","maranasgroup","2018","MDEwOlJlcG9zaXRvcnkxNTAxNTE5NzY=","https://github.com/maranasgroup/SteadyState-MFA","maranasgroup/SteadyState-MFA","TITLE_ABSTRACT_INCLUDED","NA","maranasgroup/SteadyState-MFA","LEVEL_2_SUPPORTING","","Official repository lead; versioned files inspected for selected load-bearing platforms."
"E-D0076","PHASE2-SEARCH-0055","GitHub repository search API","2026-07-31","JBEI/bayflux","JBEI","2023","R_kgDOJYhFLg","https://github.com/JBEI/bayflux","JBEI/bayflux","TITLE_ABSTRACT_INCLUDED","NA","JBEI/bayflux","LEVEL_2_SUPPORTING","","Official repository lead; versioned files inspected for selected load-bearing platforms."
"E-D0077","PHASE2-SEARCH-0055","GitHub repository search API","2026-07-31","metabolic-engineering/OpenMebius2","metabolic-engineering","2026","R_kgDOQ37WGA","https://github.com/metabolic-engineering/OpenMebius2","metabolic-engineering/OpenMebius2","TITLE_ABSTRACT_INCLUDED","NA","metabolic-engineering/OpenMebius2","LEVEL_2_SUPPORTING","","Official repository lead; versioned files inspected for selected load-bearing platforms."
"E-D0078","PHASE2-SEARCH-0055","GitHub repository search API","2026-07-31","maranasgroup/Nonstationary-MFA","maranasgroup","2018","MDEwOlJlcG9zaXRvcnkxNTAyMDc0Mzk=","https://github.com/maranasgroup/Nonstationary-MFA","maranasgroup/Nonstationary-MFA","TITLE_ABSTRACT_INCLUDED","NA","maranasgroup/Nonstationary-MFA","LEVEL_2_SUPPORTING","","Official repository lead; versioned files inspected for selected load-bearing platforms."
"E-D0079","PHASE2-SEARCH-0055","GitHub repository search API","2026-07-31","SteshinSS/khnum","SteshinSS","2019","MDEwOlJlcG9zaXRvcnkxNjY1NzEzODE=","https://github.com/SteshinSS/khnum","E-SINGLE-E-D0079","TITLE_ABSTRACT_EXCLUDED","Application-specific code, thesis code, or no general software platform","","LEVEL_3_DISCOVERY_ONLY","",""
"E-D0080","PHASE2-SEARCH-0055","GitHub repository search API","2026-07-31","stephenwwc/13C-MFA","stephenwwc","2019","MDEwOlJlcG9zaXRvcnkyMDUxMTM1Njg=","https://github.com/stephenwwc/13C-MFA","E-SINGLE-E-D0080","TITLE_ABSTRACT_EXCLUDED","Application-specific code, thesis code, or no general software platform","","LEVEL_3_DISCOVERY_ONLY","",""
"E-D0081","PHASE2-SEARCH-0055","GitHub repository search API","2026-07-31","SteshinSS/thesis_msu","SteshinSS","2020","MDEwOlJlcG9zaXRvcnkyNDczMzQwMzE=","https://github.com/SteshinSS/thesis_msu","E-SINGLE-E-D0081","TITLE_ABSTRACT_EXCLUDED","Application-specific code, thesis code, or no general software platform","","LEVEL_3_DISCOVERY_ONLY","",""
"E-D0082","PHASE2-SEARCH-0055","GitHub repository search API","2026-07-31","MetaSys-LISBP/GL_GNT_bypass","MetaSys-LISBP","2023","R_kgDOKk67IA","https://github.com/MetaSys-LISBP/GL_GNT_bypass","E-SINGLE-E-D0082","TITLE_ABSTRACT_EXCLUDED","Application-specific code, thesis code, or no general software platform","","LEVEL_3_DISCOVERY_ONLY","",""
"E-D0083","PHASE2-SEARCH-0055","GitHub repository search API","2026-07-31","ENG4BIODEQBA/HT13CMFA","ENG4BIODEQBA","2024","R_kgDOL62N-Q","https://github.com/ENG4BIODEQBA/HT13CMFA","E-SINGLE-E-D0083","TITLE_ABSTRACT_EXCLUDED","Application-specific code, thesis code, or no general software platform","","LEVEL_3_DISCOVERY_ONLY","",""
"E-D0084","PHASE2-SEARCH-0055","GitHub repository search API","2026-07-31","mli154/genome-scale-modeling-with-proteomics-and-13C-MFA","mli154","2025","R_kgDOQpX10w","https://github.com/mli154/genome-scale-modeling-with-proteomics-and-13C-MFA","E-SINGLE-E-D0084","TITLE_ABSTRACT_EXCLUDED","Application-specific code, thesis code, or no general software platform","","LEVEL_3_DISCOVERY_ONLY","",""
"E-D0085","PHASE2-SEARCH-0055","GitHub repository search API","2026-07-31","Satoshi-Ohno/Ohno_et_al_2020","Satoshi-Ohno","2018","MDEwOlJlcG9zaXRvcnkxNTMxNDExNzU=","https://github.com/Satoshi-Ohno/Ohno_et_al_2020","E-SINGLE-E-D0085","TITLE_ABSTRACT_EXCLUDED","Application-specific code, thesis code, or no general software platform","","LEVEL_3_DISCOVERY_ONLY","",""
"E-D0086","PHASE2-SEARCH-0055","GitHub repository search API","2026-07-31","CZLaboratory/MFA_Selongatus","CZLaboratory","2022","R_kgDOHGBOLw","https://github.com/CZLaboratory/MFA_Selongatus","E-SINGLE-E-D0086","TITLE_ABSTRACT_EXCLUDED","Application-specific code, thesis code, or no general software platform","","LEVEL_3_DISCOVERY_ONLY","",""
"E-D0087","PHASE2-SEARCH-0069","Official Antoniewicz laboratory page","2026-07-31","Metran Software","Antoniewicz Laboratory","NR","https://cheresearch.engin.umich.edu/mranton/metran.html","https://cheresearch.engin.umich.edu/mranton/metran.html","Metran","FULL_TEXT_INCLUDED","NA","Metran","LEVEL_1_LOAD_BEARING","S0008","Official feature page inspected; licence-mediated distribution documented."
"E-D0088","PHASE2-SEARCH-0070","PubMed DOI lookup","2026-07-31","Metabolic Flux Analysis in Isotope Labeling Experiments Using the Adjoint Approach","Mottelet S; Gaullier G; Sadaka G","2017","10.1109/TCBB.2016.2544299","https://pubmed.ncbi.nlm.nih.gov/28113867/","sysmetab","TITLE_ABSTRACT_INCLUDED","NA","sysmetab","LEVEL_2_SUPPORTING","","Primary abstract verifies stationary/nonstationary adjoint-gradient implementation and an open-source package claim; historical repository was not retrievable."
"E-D0089","PHASE2-SEARCH-0071","GitHub repository API","2026-07-31","seliv55/isodyn","Vitaly Selivanov","2019","R_kgDOGitHub_isodyn","https://github.com/seliv55/isodyn","Isodyn","FULL_TEXT_INCLUDED","NA","Isodyn","LEVEL_1_LOAD_BEARING","S0013","Official repository README and source inspected at commit c4f15c4ddce751d20c84b1916901c590594892e4."
"E-D0090","PHASE2-SEARCH-0072","PMC full-text backward-citation pass","2026-07-31","13CFLUX(v3) software-paper citation network","Stratmann et al.","2025","10.1093/bioinformatics/btaf630","https://pmc.ncbi.nlm.nih.gov/articles/PMC12696647/","13CFLUX(v3)","DUPLICATE","Same software paper/platform already retained through PHASE2-SEARCH-0041","13CFLUX(v3)","LEVEL_3_DISCOVERY_ONLY","S0009","Bounded reference inspection found benchmarked FreeFlux, INCA and influx_si, all already represented; no new decision-software family."
"E-D0091","PHASE2-SEARCH-0073","bioRxiv API","2026-07-31","OpenMebius2: GUI-based software for 13C-metabolic flux analysis with tracer labeling pattern suggestions for accurate flux predictions","Imada T; Shimizu H; Toya Y","2026","10.64898/2026.03.20.698926","https://doi.org/10.64898/2026.03.20.698926","OpenMebius2","FULL_TEXT_INCLUDED","NA","OpenMebius2","LEVEL_1_LOAD_BEARING","S0010","Official preprint metadata and versioned repository inspected; flux-precision tracer suggestion, not mechanism discrimination."
"E-D0092","PHASE2-SEARCH-0074","PMC full-text software-paper pass","2026-07-31","BayFlux primary software paper","Backman et al.","2023","10.1371/journal.pcbi.1011111","https://pmc.ncbi.nlm.nih.gov/articles/PMC10664898/","BayFlux","FULL_TEXT_INCLUDED","NA","BayFlux","LEVEL_1_LOAD_BEARING","S0012","Complete primary software paper and backward software comparisons inspected."
"E-D0093","PHASE2-SEARCH-0074","PMC full-text software-paper pass","2026-07-31","FreeFlux primary software paper","Wu et al.","2023","10.1021/acssynbio.3c00265","https://pmc.ncbi.nlm.nih.gov/articles/PMC10510750/","FreeFlux","FULL_TEXT_INCLUDED","NA","FreeFlux","LEVEL_1_LOAD_BEARING","S0005","Complete primary software paper and backward software comparisons inspected."
"E-D0094","PHASE2-SEARCH-0074","Backward citation from FreeFlux primary software paper","2026-07-31","FluxPyt software lead","NR","NR","10.7717/peerj.4716","https://doi.org/10.7717/peerj.4716","FluxPyt","TITLE_ABSTRACT_INCLUDED","NA","FluxPyt","LEVEL_3_DISCOVERY_ONLY","S0014","New software-family lead from FreeFlux Table 2/references; official implementation, licence and maintenance remain unverified."
"E-D0095","PHASE2-SEARCH-0074","Backward citation from FreeFlux primary software paper","2026-07-31","FiatFlux software lead","NR","NR","10.1186/1471-2105-6-209","https://doi.org/10.1186/1471-2105-6-209","FiatFlux","TITLE_ABSTRACT_INCLUDED","NA","FiatFlux","LEVEL_3_DISCOVERY_ONLY","S0015","New software-family lead from FreeFlux Table 2/references; official implementation, licence and maintenance remain unverified."
"E-D0096","PHASE2-SEARCH-0074","Backward citation from FreeFlux primary software paper","2026-07-31","WUflux software lead","NR","NR","NR","","WUflux","TITLE_ABSTRACT_INCLUDED","NA","WUflux","LEVEL_3_DISCOVERY_ONLY","S0016","New software-family lead from FreeFlux Table 2/references; official implementation, licence and maintenance remain unverified."
"E-D0097","PHASE2-SEARCH-0090","SourceForge project REST API","2026-07-31","FluxPyt official SourceForge project and code","Desai Trunil Shamrao","2018","10.7717/peerj.4716","https://sourceforge.net/p/fluxpyt/","FluxPyt","FULL_TEXT_INCLUDED","NA","FluxPyt","LEVEL_1_LOAD_BEARING","S0014","Official repository inspected at commit beb86d8811941aaaed0a05bcb3f6ebc6f49003ec; version is conflicted: setup.cfg 0.1.7 versus package __version__ 0.1.8."
"E-D0098","PHASE2-SEARCH-0091","PMC primary full text","2026-07-31","FiatFlux – a software for metabolic flux analysis from 13C-glucose experiments","Zamboni N; Fischer E; Sauer U","2005","10.1186/1471-2105-6-209","https://pmc.ncbi.nlm.nih.gov/articles/PMC1199586/","FiatFlux","FULL_TEXT_INCLUDED","NA","FiatFlux","LEVEL_1_LOAD_BEARING","S0015","Complete primary software paper inspected; code is available from authors for academic use but no current public versioned repository was identified."
"E-D0099","PHASE2-SEARCH-0092","PMC primary full text","2026-07-31","WUFlux: an open-source platform for 13C metabolic flux analysis of bacterial metabolism","He L; Wu SG; Zhang M; Chen Y; Tang YJ","2016","10.1186/s12859-016-1314-0","https://pmc.ncbi.nlm.nih.gov/articles/PMC5096001/","WUFlux","FULL_TEXT_INCLUDED","NA","WUFlux","LEVEL_1_LOAD_BEARING","S0016","Complete primary software paper inspected; exact EMU, steady-state inverse fitting, GUI, UQ and multi-tracer-input locations recorded in the Workstream E analysis."
"E-D0100","PHASE2-SEARCH-0093","Official project URL access check","2026-07-31","WUFlux project homepage access route","WUFlux authors","NR","http://www.13cmfa.org/","http://www.13cmfa.org/","WUFlux","FULL_TEXT_UNAVAILABLE","Official project host did not resolve during the documented access check","WUFlux","LEVEL_3_DISCOVERY_ONLY","S0016","Paper-named official project host did not resolve on 2026-07-31; primary software paper remains accessible and is the capability evidence."
