"unique_record_id","workstream_record_id","title","authors","year","doi_or_identifier","initial_triage","final_disposition","full_text_access_status","full_text_inspected","access_routes_attempted","primary_source_or_best_official_url","equivalent_verified_evidence","evidence_location","verified_result","guarantee_regime","observation_regime","uncertainty_class","upper_bound_or_construction","lower_bound_or_converse","transfer_to_emu","gap01_effect","gap03_effect","corpus_action","exclusion_reason","notes"
"P2UT-0018","C0402","Robust Testing for Independent Non Identically Distributed Variables and Markov Chains","Lucien Birgé","1983","10.1007/978-1-4612-5503-1_9","LOAD_BEARING","FULL_TEXT_UNAVAILABLE","PAYWALLED_NO_LEGAL_OPEN_COPY_FOUND","no","DOI/Springer chapter page; exact-title searches of recognised institutional repositories and author/publication routes","https://link.springer.com/chapter/10.1007/978-1-4612-5503-1_9","No current corpus row verifies this chapter's exact result. Later verified Birgé-family sources must not be treated as substitutes for its theorem statement without an explicit equivalence argument.","Springer bibliographic record only: Robust and Nonlinear Time Series Analysis, Lecture Notes in Statistics 26, pp. 134-162. No theorem or methodological passage inspected.","No guarantee-level conclusion drawn. The title and citations identify a potentially consequential independent non-identically distributed robust-testing family, but the exact hypotheses, finite-sample error bounds and Markov assumptions remain unverified.","unclear","unclear","unclear","","unverified","UNRESOLVED FROM CURRENT EVIDENCE","Could falsify the claim that heterogeneous fixed-block testing needs new theory, but cannot support that conclusion without primary full text.","Could contain a finite-sample lower bound or impossibility result, but none is verified.","DO_NOT_ADD_UNTIL_FULL_TEXT_VERIFIED","","Manual or library retrieval is justified if no other full-text anchor closes the same independent non-identically distributed testing family."
"P2UT-0026","C0286","Robust Hypothesis Testing with a Single Distance","Gökhan Gül","2017","10.1007/978-3-319-49286-5_3","LOAD_BEARING","FULL_TEXT_UNAVAILABLE","PAYWALLED_NO_LEGAL_OPEN_COPY_FOUND","no","DOI/Springer chapter page; author/dissertation and recognised repository searches","https://link.springer.com/chapter/10.1007/978-3-319-49286-5_3","P0041 (Gül and Zoubir 2017) verifies closely overlapping minimax robust-testing theory from the same research programme; C0650 and C0652 verify the squared-Hellinger special case. They do not verify every assertion in this chapter.","Springer chapter metadata and book table of contents only; chapter pages 23-52. No theorem inspected.","No independent guarantee-level conclusion drawn from the chapter.","unclear","unclear","distance neighbourhood around nominal distributions","","unverified","UNRESOLVED FROM CURRENT EVIDENCE","Non-load-bearing once P0041 and the primary papers are used; the chapter cannot independently establish fixed-sample guarantees.","No chapter-specific converse verified.","DO_NOT_ADD_BOOK_CHAPTER;USE_VERIFIED_PRIMARY_PAPERS","","The chapter is supporting exposition, not necessary evidence for a conclusion already traceable to verified primary papers."
"P2UT-0027","C0283","Robust Hypothesis Testing with Multiple Distances","Gökhan Gül","2017","10.1007/978-3-319-49286-5_4","LOAD_BEARING","FULL_TEXT_UNAVAILABLE","PAYWALLED_NO_LEGAL_OPEN_COPY_FOUND","no","DOI/Springer chapter page; author/dissertation and recognised repository searches","https://link.springer.com/chapter/10.1007/978-3-319-49286-5_4","P0041 and C0656 verify overlapping composite and alpha-divergence uncertainty constructions. C0653 is the closest conference precursor but also remains unavailable.","Springer chapter metadata and book table of contents only; chapter pages 53-80, including listed Section 4.4.2 'Existence of Least Favorable Distributions'. The section itself was not inspected.","No independent guarantee-level conclusion drawn from the chapter.","unclear","unclear","multiple distance neighbourhoods","","unverified","UNRESOLVED FROM CURRENT EVIDENCE","Non-load-bearing for broad existence of robust composite tests because verified primary papers already establish that result.","No chapter-specific converse verified.","DO_NOT_ADD_BOOK_CHAPTER;USE_VERIFIED_PRIMARY_PAPERS","","The table of contents is discovery evidence only and cannot establish the conditions or scope of the existence result."
"P2UT-0028","C0285","Robust Hypothesis Testing with Repeated Observations","Gökhan Gül","2017","10.1007/978-3-319-49286-5_5","LOAD_BEARING","FULL_TEXT_UNAVAILABLE","PAYWALLED_NO_LEGAL_OPEN_COPY_FOUND","no","DOI/Springer chapter page; author/dissertation and recognised repository searches","https://link.springer.com/chapter/10.1007/978-3-319-49286-5_5","P0041 Section IV verifies a fixed-sample asymptotic extension and Section V identifies failures of some robustifications; it does not verify an exact finite-sample repeated-observation theorem for this chapter.","Springer chapter metadata and book table of contents only; chapter pages 81-98. No theorem inspected.","No conclusion is drawn about whether repeated independent observations retain one-sample minimaxity for the chapter's uncertainty classes.","unclear","repeated observations; fixed and variable sample mentioned only in publisher description","unclear","","unverified","UNRESOLVED FROM CURRENT EVIDENCE","Potentially relevant to fixed-replicate testing, but the verified neighbouring paper supports only more limited/asymptotic claims.","Could contain a failure or existence condition for repeated-observation minimaxity, but it is unverified.","DO_NOT_ADD_UNTIL_FULL_TEXT_VERIFIED","","Manual retrieval is only needed if no verified primary paper settles repeated-observation minimaxity for the same uncertainty class."
"P2UT-0031","C0405","Testing hypotheses on independent, not identically distributed models","Wolfgang Wefelmeyer","1987","10.1007/978-94-009-3963-9_20","LOAD_BEARING","FALSE_POSITIVE","PAYWALLED;AUTHOR_PAGE_AND_PUBLISHER_ABSTRACT_INSPECTED","no","DOI/Springer chapter page; official author publication page; publisher-supplied bibliographic abstract","https://link.springer.com/chapter/10.1007/978-94-009-3963-9_20","None required for disposition.","Publisher-supplied abstract: states asymptotic smoothness and an asymptotic power bound under contiguous alternatives; official author bibliography confirms the chapter, pp. 547-564.","The paper concerns asymptotic power theory for independent non-identically distributed models, not fixed-sample nonasymptotic error control or a finite-sample converse.","local_asymptotic","independent non-identically distributed observations; asymptotic contiguous alternatives","parametric nuisance structure","","no fixed-sample converse verified","NOT APPLICABLE","Does not falsify the fixed-sample components of GAP-01.","Does not supply the finite-sample lower bound or design-specific impossibility at issue in GAP-03.","DO_NOT_ADD_FOR_PHASE2A1_FIXED_SAMPLE_FAMILY","Authoritative abstract places the result in an asymptotic contiguous-alternative regime.","Full text remains paywalled, so no stronger claim about the chapter is encoded."
"P2UT-0123","C0650","Robust hypothesis testing for modeling errors","Gökhan Gül; Abdelhak M. Zoubir","2013","10.1109/ICASSP.2013.6638718","LOAD_BEARING","FULL_TEXT_INCLUDED","OPEN_INSTITUTIONAL_PROCEEDINGS_COPY","yes","DOI/IEEE record; exact-title search; University of Zaragoza ICASSP proceedings archive","https://dihana.cps.unizar.es/proceedings/ICASSP/2013/pdfs/0005514.pdf","C0652 is the authors' verified follow-up that reduces the computation and derives the allowable robustness boundary.","pp. 5514-5518: Abstract; Section 2.1 equations (1)-(6) defines the binary squared-Hellinger neighbourhoods and Bayes/minimax problem; Sections 2.2-2.3 derive least-favourable densities and robust rule; Section 4 concludes.","Constructs a minimax robust test between two composite squared-Hellinger neighbourhoods of nominal dominated laws. It derives least-favourable densities and a nonlinear robust likelihood-ratio rule for the one-sample observation law.","exact_finite_sample","single observation from a dominated binary model","two squared-Hellinger distribution neighbourhoods","least-favourable pair and robust randomized likelihood-ratio rule","none in this paper","APPLICABLE WITH COMPUTATIONAL ADAPTATION","Falsifies a broad absence claim for exact fixed-sample minimax tests between special composite distribution classes; it does not solve testing or design over the exact nonlinear EMU-induced families.","Does not provide sample-complexity or tracer-design converses.","ADD_TO_CORPUS_NEW_ID_PENDING","","Direct transfer requires specifying a dominated observation law and replacing or outer-bounding each EMU family by a Hellinger ball; that surrogate can lose mechanistic meaning."
"P2UT-0130","C0653","Robust hypothesis testing with composite distances","Gökhan Gül; Abdelhak M. Zoubir","2014","10.1109/SSP.2014.6884668","LOAD_BEARING","FULL_TEXT_UNAVAILABLE","PAYWALLED_NO_LEGAL_OPEN_COPY_FOUND","no","DOI/IEEE page; proceedings table of contents; exact-title author and recognised-repository searches","https://doi.org/10.1109/SSP.2014.6884668","P0041 and C0656 verify closely related minimax tests over composite or alpha-divergence uncertainty classes; they do not verify this conference paper's exact two-distance construction.","IEEE SSP 2014 table of contents, pp. 432-435, and abstract only. No theorem inspected.","The abstract claims a composite uncertainty class using two distances and existence of least-favourable distributions, but the assumptions and proof were not inspected and therefore are not encoded as verified.","unclear","unclear","combined model-error and outlier distance classes","","unverified","UNRESOLVED FROM CURRENT EVIDENCE","Broad robust-composite existence is already established by verified primary evidence; this record is supporting unless its exact two-distance construction becomes consequential.","No verified converse.","DO_NOT_ADD_UNTIL_FULL_TEXT_VERIFIED","","Do not use the abstract's existence claim as theorem-level evidence."
"P2UT-0136","C0656","Robust Hypothesis Testing with α-Divergence","Gökhan Gül; Abdelhak M. Zoubir","2016","10.1109/TSP.2016.2569405","LOAD_BEARING","FULL_TEXT_INCLUDED","OPEN_AUTHOR_MANUSCRIPT","yes","DOI/IEEE record; arXiv author manuscript linked to the published DOI","https://arxiv.org/abs/1501.05019","P0041 is a related later paper but is not needed to verify this record.","arXiv v3: Section II-A equations (1)-(7) defines dominated alpha-divergence balls and errors; Section II-B equations (8)-(10) establishes the saddle formulation; Theorem III.1 and equations (15)-(20) give the unique least-favourable densities and robust rule; Section III-C derives maximum robustness; Figure 10 and Section V state nonexistence beyond overlap boundary and limitations.","For two dominated composite hypotheses defined by alpha-divergence balls, gives an exact saddle-value minimax Bayes test, least-favourable distributions and a computable robust likelihood-ratio rule. It also derives parameter regions where the least-favourable laws overlap and no minimax robust test of the specified form exists.","exact_finite_sample","a fixed finite observation vector treated through its joint dominated law","two alpha-divergence distribution neighbourhoods","Theorem III.1: unique least-favourable densities and randomized robust likelihood-ratio rule from two nonlinear equations","Exact overlap/robustness-radius obstruction in Section III-C and Figure 10; not a sample-complexity converse","APPLICABLE WITH COMPUTATIONAL ADAPTATION","Establishes exact fixed-sample minimax testing for an important convex surrogate class, rejecting any broad claim that composite-versus-composite finite-sample minimax tests do not exist. It does not compute a test over the exact nonconvex EMU image families or optimize experimental design.","Establishes an identifiability/overlap obstruction for divergence balls, weakening a broad impossibility-gap claim; it does not give replicate-count or design-specific EMU converses.","ADD_TO_CORPUS_NEW_ID_PENDING","","Theorem requires dominated laws and convex alpha-divergence balls. The paper's stated open problem is monotonicity of threshold parameters with robustness radius or alpha."
"P2UT-0143","C0483","On Verifying Composite Hypotheses with Nuisance Parameters in the Multivariate Case","A. V. Bernshtein","1981","10.1137/1125037","LOAD_BEARING","FULL_TEXT_UNAVAILABLE","PAYWALLED_NO_LEGAL_OPEN_COPY_FOUND","no","DOI/SIAM publisher page; Math-Net author/index route and original-language bibliographic searches","https://epubs.siam.org/doi/10.1137/1125037","No exact equivalent source in the current corpus.","SIAM bibliographic record, Theory of Probability and Its Applications 25(2), pp. 287-298; reference list is dominated by local/asymptotic testing work. No theorem or methodological passage inspected.","No claim about fixed-sample construction, uniform errors or converse is drawn. Bibliographic context suggests an asymptotic family but is insufficient to classify the paper's actual result.","unclear","unclear","multivariate nuisance parameters","","unverified","UNRESOLVED FROM CURRENT EVIDENCE","Could bear on nuisance-parameter testing, but cannot falsify an exact finite-sample claim until the primary result is inspected.","Could contain only local/asymptotic optimality rather than a finite-sample converse; the distinction is unresolved.","DO_NOT_ADD_UNTIL_FULL_TEXT_VERIFIED","","Manual retrieval is warranted only if verified foundational sources do not already close the same nuisance-parameter family."
"P2UT-0221","C0652","Robust Hypothesis Testing With Squared Hellinger Distance","Gökhan Gül; Abdelhak M. Zoubir","2014","10.5281/zenodo.54502","LOAD_BEARING","FULL_TEXT_INCLUDED","OPEN_OFFICIAL_PROCEEDINGS_COPY","yes","Zenodo DOI metadata; official EURASIP EUSIPCO proceedings PDF","https://www.eurasip.org/Proceedings/Eusipco/Eusipco2014/HTML/papers/1569926589.pdf","C0650 is the verified precursor.","Section 2.1 equations (1)-(6) defines Hellinger balls, false alarm, miss and minimax Bayes error; Sections 2.2-3 derive LFDs and reduce computation; Section 4 equations (23)-(36) gives the exact overlap/maximum-robustness boundary; Figure 1 and lines in Section 5 state parameter regions where no minimax robust test can be designed; Section 6 concludes.","Constructs the squared-Hellinger-ball minimax test and reduces its computation from four nonlinear equations to two, or one under symmetry. It derives exact robustness-radius boundaries at which least-favourable distributions overlap and the robust test is not designable.","exact_finite_sample","single observation from a dominated binary model","two squared-Hellinger distribution neighbourhoods","least-favourable pair and robust rule; reduced nonlinear system","Section 4 exact overlap/maximum-robustness obstruction; not a sample-complexity converse","APPLICABLE WITH COMPUTATIONAL ADAPTATION","Falsifies broad absence of exact fixed-sample robust composite tests for special convex uncertainty sets; exact EMU-family testing and experiment design remain outside scope.","Provides a verified exact-overlap/identifiability obstruction, so that form of converse is established in general robust testing; no replicate-count or tracer-design converse is supplied.","ADD_TO_CORPUS_NEW_ID_PENDING","","The obstruction concerns uncertainty-radius overlap, not proof that every metabolic design is insufficient."
"P2UT-0034","C0235","Rank tests in heteroscedastic linear model with nuisance parameters","Jana Jurečková; Radim Navrátil","2013","10.1007/s00184-013-0447-7","POTENTIALLY_LOAD_BEARING","FULL_TEXT_UNAVAILABLE","PAYWALLED_NO_LEGAL_OPEN_COPY_FOUND","no","DOI/Springer journal page; official author publication list; recognised bibliographic repository abstract","https://link.springer.com/article/10.1007/s00184-013-0447-7","No equivalent exact source verified in the current corpus.","Publisher-supplied abstract only: nonparametric rank tests in a heteroscedastic linear regression model use ancillary statistics to avoid nuisance-parameter estimation; simulations/application are reported. No theorem inspected.","No finite-sample, uniform or minimax claim is encoded.","unclear","heteroscedastic linear regression","regression nuisance parameters","","unverified","UNRESOLVED FROM CURRENT EVIDENCE","Could supply a nuisance-elimination construction in a narrow regression model; cannot presently support a general EMU transfer claim.","No verified converse.","DO_NOT_ADD_UNTIL_FULL_TEXT_VERIFIED","","Supporting at most unless its theorem gives exact uniform control under a nuisance class."
"P2UT-0070","C0480","Sensitivity of Rao's score test, the Wald test and the likelihood ratio test to nuisance parameters","Bing Li","2001","10.1016/S0378-3758(00)00345-1","POTENTIALLY_LOAD_BEARING","FALSE_POSITIVE","PAYWALLED;OFFICIAL_ABSTRACT_AND_PREVIEW_INSPECTED","no","DOI/ScienceDirect publisher page; exact-title repository searches","https://www.sciencedirect.com/science/article/pii/S0378375800003451","None required for disposition.","Publisher abstract and preview: compares local sensitivity to nuisance parameters using Edgeworth expansions under local alternatives, with terms of order n^-1.","The result is local/asymptotic sensitivity analysis, not a fixed-sample composite test with nonasymptotic Type I/II control.","local_asymptotic","IID/local alternatives","parametric nuisance parameters","","no fixed-sample converse","NOT APPLICABLE","Does not falsify fixed-sample uniform-error or computable-EMU components.","Does not provide finite-sample lower bounds or a design-specific impossibility certificate.","DO_NOT_ADD_FOR_PHASE2A1_FIXED_SAMPLE_FAMILY","Authoritative primary preview places the result in an Edgeworth/local-asymptotic regime.","Full text remains paywalled; no stronger claim is made."
"P2UT-0073","C0242","Noncoherent Detection and Nuisance Parameters","Amos Lapidoth","2017","10.1017/9781316822708.029","POTENTIALLY_LOAD_BEARING","FULL_TEXT_UNAVAILABLE","PAYWALLED_NO_LEGAL_OPEN_COPY_FOUND","no","DOI/Cambridge chapter page; official ETH author/book page","https://www.cambridge.org/core/books/abs/foundation-in-digital-communication/noncoherent-detection-and-nuisance-parameters/2C53CC537DF9983CBF811ED5F561BFB5","The 2009 first-edition chapter C0241 is the same titled textbook family, not independently verified evidence.","Cambridge metadata only: A Foundation in Digital Communication, 2nd ed., Chapter 27, pp. 670-687. No summary or chapter text available.","No methodological or guarantee conclusion drawn. The official source verifies that this is a digital-communications textbook chapter.","unclear","unclear","signal phase/amplitude nuisance parameters presumed from subject but not verified","","unverified","UNRESOLVED FROM CURRENT EVIDENCE","At most a narrow signal-detection example; it cannot support a general fixed-sample EMU claim without inspection.","No verified converse.","DO_NOT_ADD_UNTIL_FULL_TEXT_VERIFIED","","Do not infer the detection model from the chapter title."
"P2UT-0075","C0241","Noncoherent Detection and Nuisance Parameters","Amos Lapidoth","2009","10.1017/CBO9780511981234.028","POTENTIALLY_LOAD_BEARING","FULL_TEXT_UNAVAILABLE","PAYWALLED_NO_LEGAL_OPEN_COPY_FOUND","no","DOI/Cambridge first-edition route; official ETH author/book page","https://www.afidc.ethz.ch/A_Foundation_in_Digital_Communication/First_Edition.html","The 2017 second-edition chapter C0242 is the same titled textbook family, not independently verified evidence.","Official ETH book page and Cambridge metadata only: first edition, Chapter 27. No chapter text inspected.","No methodological or guarantee conclusion drawn.","unclear","unclear","unclear","","unverified","UNRESOLVED FROM CURRENT EVIDENCE","Cannot falsify GAP-01 from title or textbook placement.","No verified converse.","DO_NOT_ADD_UNTIL_FULL_TEXT_VERIFIED","","Treat the two editions as related records, not as proof that their mathematical content is identical."
"P2UT-0099","C0231","Nuisance parameters. Tests with invariant power functions","Ju. V. Linnik","1968","10.1090/mmono/020/04","POTENTIALLY_LOAD_BEARING","FULL_TEXT_UNAVAILABLE","PAYWALLED_NO_LEGAL_OPEN_COPY_FOUND","no","DOI/AMS monograph page; Google Books limited preview; exact-title searches","https://bookstore.ams.org/MMONO/20","No exact equivalent primary source verified in the current corpus.","AMS table of contents and bibliographic record only: Statistical Problems with Nuisance Parameters, Translations of Mathematical Monographs 20. No theorem inspected.","No claim about exact similar tests, invariant power, uniform nuisance control or computation is drawn.","unclear","unclear","nuisance-parameter and invariance classes","","unverified","UNRESOLVED FROM CURRENT EVIDENCE","Potentially consequential classical nuisance-parameter theory, but unavailable chapter text cannot establish direct transfer or an exact guarantee.","No verified lower bound or impossibility result.","DO_NOT_ADD_UNTIL_FULL_TEXT_VERIFIED","","Manual retrieval is warranted only if other verified invariant-testing anchors do not settle the same issue."
"P2UT-0124","C0136","Composite Hypothesis Testing for Cooperative Spectrum Sensing in Cognitive Radio","Sepideh Zarrin; Teng Joon Lim","2009","10.1109/ICC.2009.5198841","POTENTIALLY_LOAD_BEARING","FULL_TEXT_UNAVAILABLE","PAYWALLED_NO_LEGAL_OPEN_COPY_FOUND","no","DOI/IEEE route; authors' university publication page; proceedings table of contents; exact-title repository searches","https://doi.org/10.1109/ICC.2009.5198841","The authors' open 2010 journal extension, DOI 10.1109/TSP.2010.2045425, was inspected from the official author page. Its Sections III-IV derive an asymptotically equivalent linear/locally most powerful composite detector and use simulations, not uniform finite-sample guarantees.","Conference abstract and proceedings metadata only, pp. 1721-1725. Exact conference full text not inspected. Equivalent 2010 journal extension: Section III equations (8)-(21) explicitly uses MLE consistency and an asymptotic GLRT equivalence; Sections IV-V give threshold approximations and simulations.","The exact conference record cannot carry a strong conclusion. The verified superseding journal treatment is an asymptotic, application-specific composite detector with unknown signal/channel parameters.","unverified for exact record; local/global asymptotic for verified 2010 extension","fixed sensing block in a cooperative radio system; asymptotic calibration in extension","unknown signal and channel parameters","","no converse","NOT APPLICABLE","Shows practical composite-detector construction in a narrow signal model, but not uniform finite-sample error guarantees for nonlinear EMU families.","No finite-sample or design-specific converse.","DO_NOT_ADD_EXACT_RECORD_UNTIL_FULL_TEXT_VERIFIED;CONSIDER_2010_EXTENSION_SEPARATELY","","Do not transfer the 2010 extension's verified properties backward to the inaccessible 2009 conference paper."
"P2UT-0213","C0664","P Values and Nuisance Parameters","Luc Demortier","2008","10.5170/CERN-2008-001.23","POTENTIALLY_LOAD_BEARING","FULL_TEXT_EXCLUDED","OPEN_CERN_PROCEEDINGS_COPY","yes","DOI/CERN Document Server record and official proceedings PDF","https://cds.cern.ch/record/1099967","No equivalent needed; this is an expository review rather than a primary methodological result.","CERN-2008-001, pp. 23-33: Abstract and Section 1 identify a review; Section 3 reviews supremum/confidence-set, bootstrap and Bayesian predictive handling of nuisance parameters; Section 4 equation (29) is explicitly asymptotic; Section 5 summarizes.","Reviews p-value treatment with nuisance parameters and systematic uncertainty. It does not introduce a new fixed-sample minimax composite-testing theorem or converse.","mixed review; includes asymptotic approximations and simulation/bootstrap procedures","fixed data analyses with nuisance parameters; no general fixed-block theorem","systematic uncertainty/nuisance parameters","reviewed methods only","none","NOT APPLICABLE","Useful orientation but cannot serve as primary load-bearing evidence for GAP-01.","No original converse.","DO_NOT_ADD_AS_PRIMARY_METHOD_EVIDENCE","Secondary/expository workshop review; no original load-bearing fixed-sample theorem.","May be retained as discovery context if the corpus permits secondary sources, but not as evidence for an absence or guarantee claim."
"P2UT-0222","C0492","Marginal Likelihood-based One-sided LR Test for Testing Higher Order Autocorrelation in Presence of Nuisance Parameters - A Distance Based Approach","Rumana Rois; Tapati Basak; Ajit K. Majumder","2012","10.5539/ijsp.v1n2p69","POTENTIALLY_LOAD_BEARING","FULL_TEXT_EXCLUDED","OPEN_PUBLISHER_FULL_TEXT","yes","DOI/official CCSE article page and publisher PDF","https://ccsenet.org/journal/index.php/ijsp/article/view/18084","No equivalent needed for disposition.","Section 2 equations (2.1)-(2.3) defines Gaussian regression with AR(p) errors and nuisance regression coefficients; Section 3.1 explicitly assumes asymptotic normality; equations (3.2.4) and (3.3.1) use asymptotic chi-square/weighted-mixture null laws; Section 5 uses 5,000-run Monte Carlo at n=50; Section 7 concludes.","Proposes a one-sided marginal-likelihood LR statistic for a specific autocorrelation problem. Calibration is asymptotic and power evidence is simulation-based; no uniform finite-sample Type I/II bound is supplied.","local/global asymptotic; simulation_based","Gaussian linear regression with AR(p) errors, n=50 in simulation","regression coefficients as nuisance parameters","computable DMLR statistic","none","NOT APPLICABLE","Does not falsify fixed-sample uniform-error or exact nonlinear-EMU components.","No finite-sample lower bound or impossibility certificate.","DO_NOT_ADD_FOR_FOUNDATIONAL_FIXED_SAMPLE_FAMILY","Full text confirms asymptotic calibration and simulation-only power comparison in a narrow regression model.","Could be supporting evidence for application-specific nuisance handling, not for a general guarantee claim."
