"change_id","change_date","unique_record_id","phase2_record_id","artifacts_changed","previous_state","new_state","reason","mapping_source","status"
"P2A1-CLOSURE-0001","2026-07-31","P2UT-0008","A0003","audit/phase2_screening.csv;audit/phase2_unresolved_triage.csv","FALSE_POSITIVE","DEFERRED_RELEVANT_SUPPORTING","DEFERRED_FROM_NARROW_GAP01_GAP03_REPAIR; ORIGINAL_BROADER_PHASE2_RELEVANCE_PRESERVED","audit/phase2a1_deferred_records.csv","APPLIED"
"P2A1-CLOSURE-0002","2026-07-31","P2UT-0006","A0005","audit/phase2_screening.csv;audit/phase2_unresolved_triage.csv","FALSE_POSITIVE","OUT_OF_SCOPE_FOR_PHASE2A1","OUTSIDE_NARROW_GAP01_GAP03_REPAIR; NOT_EXCLUDED_FROM_BROADER_PHASE2_REVIEW","audit/phase2a1_deferred_records.csv","APPLIED"
"P2A1-CLOSURE-0003","2026-07-31","P2UT-0232","A0007","audit/phase2_screening.csv;audit/phase2_unresolved_triage.csv","FALSE_POSITIVE","DEFERRED_RELEVANT_SUPPORTING","DEFERRED_FROM_NARROW_GAP01_GAP03_REPAIR; ORIGINAL_BROADER_PHASE2_RELEVANCE_PRESERVED","audit/phase2a1_deferred_records.csv","APPLIED"
"P2A1-CLOSURE-0004","2026-07-31","P2UT-0152","A0014","audit/phase2_screening.csv;audit/phase2_unresolved_triage.csv","FALSE_POSITIVE","OUT_OF_SCOPE_FOR_PHASE2A1","OUTSIDE_NARROW_GAP01_GAP03_REPAIR; NOT_EXCLUDED_FROM_BROADER_PHASE2_REVIEW","audit/phase2a1_deferred_records.csv","APPLIED"
"P2A1-CLOSURE-0005","2026-07-31","P2UT-0048","A0017","audit/phase2_screening.csv;audit/phase2_unresolved_triage.csv","FALSE_POSITIVE","OUT_OF_SCOPE_FOR_PHASE2A1","OUTSIDE_NARROW_GAP01_GAP03_REPAIR; NOT_EXCLUDED_FROM_BROADER_PHASE2_REVIEW","audit/phase2a1_deferred_records.csv","APPLIED"
"P2A1-CLOSURE-0006","2026-07-31","P2UT-0158","A0021","audit/phase2_screening.csv;audit/phase2_unresolved_triage.csv","FALSE_POSITIVE","DEFERRED_RELEVANT_SUPPORTING","DEFERRED_FROM_NARROW_GAP01_GAP03_REPAIR; ORIGINAL_BROADER_PHASE2_RELEVANCE_PRESERVED","audit/phase2a1_deferred_records.csv","APPLIED"
"P2A1-CLOSURE-0007","2026-07-31","P2UT-0155","A0043","audit/phase2_screening.csv;audit/phase2_unresolved_triage.csv","FALSE_POSITIVE","OUT_OF_SCOPE_FOR_PHASE2A1","OUTSIDE_NARROW_GAP01_GAP03_REPAIR; NOT_EXCLUDED_FROM_BROADER_PHASE2_REVIEW","audit/phase2a1_deferred_records.csv","APPLIED"
"P2A1-CLOSURE-0008","2026-07-31","P2UT-0159","A0050","audit/phase2_screening.csv;audit/phase2_unresolved_triage.csv","FALSE_POSITIVE","OUT_OF_SCOPE_FOR_PHASE2A1","OUTSIDE_NARROW_GAP01_GAP03_REPAIR; NOT_EXCLUDED_FROM_BROADER_PHASE2_REVIEW","audit/phase2a1_deferred_records.csv","APPLIED"
"P2A1-CLOSURE-0009","2026-07-31","P2UT-0076","A0067","audit/phase2_screening.csv;audit/phase2_unresolved_triage.csv","FALSE_POSITIVE","OUT_OF_SCOPE_FOR_PHASE2A1","OUTSIDE_NARROW_GAP01_GAP03_REPAIR; NOT_EXCLUDED_FROM_BROADER_PHASE2_REVIEW","audit/phase2a1_deferred_records.csv","APPLIED"
"P2A1-CLOSURE-0010","2026-07-31","P2UT-0057","A0076","audit/phase2_screening.csv;audit/phase2_unresolved_triage.csv","FALSE_POSITIVE","DEFERRED_RELEVANT_SUPPORTING","DEFERRED_FROM_NARROW_GAP01_GAP03_REPAIR; ORIGINAL_BROADER_PHASE2_RELEVANCE_PRESERVED","audit/phase2a1_deferred_records.csv","APPLIED"
"P2A1-CLOSURE-0011","2026-07-31","P2UT-0088","A0078","audit/phase2_screening.csv;audit/phase2_unresolved_triage.csv","FALSE_POSITIVE","OUT_OF_SCOPE_FOR_PHASE2A1","OUTSIDE_NARROW_GAP01_GAP03_REPAIR; NOT_EXCLUDED_FROM_BROADER_PHASE2_REVIEW","audit/phase2a1_deferred_records.csv","APPLIED"
"P2A1-CLOSURE-0012","2026-07-31","P2UT-0046","A0084","audit/phase2_screening.csv;audit/phase2_unresolved_triage.csv","FALSE_POSITIVE","DEFERRED_RELEVANT_SUPPORTING","DEFERRED_FROM_NARROW_GAP01_GAP03_REPAIR; ORIGINAL_BROADER_PHASE2_RELEVANCE_PRESERVED","audit/phase2a1_deferred_records.csv","APPLIED"
"P2A1-CLOSURE-0013","2026-07-31","P2UT-0059","A0124","audit/phase2_screening.csv;audit/phase2_unresolved_triage.csv","FALSE_POSITIVE","DEFERRED_RELEVANT_SUPPORTING","DEFERRED_FROM_NARROW_GAP01_GAP03_REPAIR; ORIGINAL_BROADER_PHASE2_RELEVANCE_PRESERVED","audit/phase2a1_deferred_records.csv","APPLIED"
"P2A1-CLOSURE-0014","2026-07-31","P2UT-0061","A0132","audit/phase2_screening.csv;audit/phase2_unresolved_triage.csv","FALSE_POSITIVE","DEFERRED_RELEVANT_SUPPORTING","DEFERRED_FROM_NARROW_GAP01_GAP03_REPAIR; ORIGINAL_BROADER_PHASE2_RELEVANCE_PRESERVED","audit/phase2a1_deferred_records.csv","APPLIED"
"P2A1-CLOSURE-0015","2026-07-31","P2UT-0063","A0138","audit/phase2_screening.csv;audit/phase2_unresolved_triage.csv","FALSE_POSITIVE","DEFERRED_RELEVANT_SUPPORTING","DEFERRED_FROM_NARROW_GAP01_GAP03_REPAIR; ORIGINAL_BROADER_PHASE2_RELEVANCE_PRESERVED","audit/phase2a1_deferred_records.csv","APPLIED"
"P2A1-CLOSURE-0016","2026-07-31","P2UT-0045","A0142","audit/phase2_screening.csv;audit/phase2_unresolved_triage.csv","FALSE_POSITIVE","OUT_OF_SCOPE_FOR_PHASE2A1","OUTSIDE_NARROW_GAP01_GAP03_REPAIR; NOT_EXCLUDED_FROM_BROADER_PHASE2_REVIEW","audit/phase2a1_deferred_records.csv","APPLIED"
"P2A1-CLOSURE-0017","2026-07-31","P2UT-0047","A0149","audit/phase2_screening.csv;audit/phase2_unresolved_triage.csv","FALSE_POSITIVE","DEFERRED_RELEVANT_SUPPORTING","DEFERRED_FROM_NARROW_GAP01_GAP03_REPAIR; ORIGINAL_BROADER_PHASE2_RELEVANCE_PRESERVED","audit/phase2a1_deferred_records.csv","APPLIED"
"P2A1-CLOSURE-0018","2026-07-31","P2UT-0065","A0151","audit/phase2_screening.csv;audit/phase2_unresolved_triage.csv","FALSE_POSITIVE","OUT_OF_SCOPE_FOR_PHASE2A1","OUTSIDE_NARROW_GAP01_GAP03_REPAIR; NOT_EXCLUDED_FROM_BROADER_PHASE2_REVIEW","audit/phase2a1_deferred_records.csv","APPLIED"
"P2A1-CLOSURE-0019","2026-07-31","P2UT-0089","A0158","audit/phase2_screening.csv;audit/phase2_unresolved_triage.csv","FALSE_POSITIVE","DEFERRED_RELEVANT_SUPPORTING","DEFERRED_FROM_NARROW_GAP01_GAP03_REPAIR; ORIGINAL_BROADER_PHASE2_RELEVANCE_PRESERVED","audit/phase2a1_deferred_records.csv","APPLIED"
"P2A1-CLOSURE-0020","2026-07-31","P2UT-0051","A0161","audit/phase2_screening.csv;audit/phase2_unresolved_triage.csv","FALSE_POSITIVE","OUT_OF_SCOPE_FOR_PHASE2A1","OUTSIDE_NARROW_GAP01_GAP03_REPAIR; NOT_EXCLUDED_FROM_BROADER_PHASE2_REVIEW","audit/phase2a1_deferred_records.csv","APPLIED"
"P2A1-CLOSURE-0021","2026-07-31","P2UT-0021","A0162","audit/phase2_screening.csv;audit/phase2_unresolved_triage.csv","FALSE_POSITIVE","OUT_OF_SCOPE_FOR_PHASE2A1","OUTSIDE_NARROW_GAP01_GAP03_REPAIR; NOT_EXCLUDED_FROM_BROADER_PHASE2_REVIEW","audit/phase2a1_deferred_records.csv","APPLIED"
"P2A1-CLOSURE-0022","2026-07-31","P2UT-0035","A0165","audit/phase2_screening.csv;audit/phase2_unresolved_triage.csv","FALSE_POSITIVE","DEFERRED_RELEVANT_SUPPORTING","DEFERRED_FROM_NARROW_GAP01_GAP03_REPAIR; ORIGINAL_BROADER_PHASE2_RELEVANCE_PRESERVED","audit/phase2a1_deferred_records.csv","APPLIED"
"P2A1-CLOSURE-0023","2026-07-31","P2UT-0187","A0170","audit/phase2_screening.csv;audit/phase2_unresolved_triage.csv","FALSE_POSITIVE","OUT_OF_SCOPE_FOR_PHASE2A1","OUTSIDE_NARROW_GAP01_GAP03_REPAIR; NOT_EXCLUDED_FROM_BROADER_PHASE2_REVIEW","audit/phase2a1_deferred_records.csv","APPLIED"
"P2A1-CLOSURE-0024","2026-07-31","P2UT-0005","AC0028","audit/phase2_screening.csv;audit/phase2_unresolved_triage.csv","FALSE_POSITIVE","OUT_OF_SCOPE_FOR_PHASE2A1","OUTSIDE_NARROW_GAP01_GAP03_REPAIR; NOT_EXCLUDED_FROM_BROADER_PHASE2_REVIEW","audit/phase2a1_deferred_records.csv","APPLIED"
"P2A1-CLOSURE-0025","2026-07-31","P2UT-0054","AC0059","audit/phase2_screening.csv;audit/phase2_unresolved_triage.csv","FALSE_POSITIVE","DEFERRED_RELEVANT_SUPPORTING","DEFERRED_FROM_NARROW_GAP01_GAP03_REPAIR; ORIGINAL_BROADER_PHASE2_RELEVANCE_PRESERVED","audit/phase2a1_deferred_records.csv","APPLIED"
"P2A1-CLOSURE-0026","2026-07-31","P2UT-0139","AC0106","audit/phase2_screening.csv;audit/phase2_unresolved_triage.csv","FALSE_POSITIVE","OUT_OF_SCOPE_FOR_PHASE2A1","OUTSIDE_NARROW_GAP01_GAP03_REPAIR; NOT_EXCLUDED_FROM_BROADER_PHASE2_REVIEW","audit/phase2a1_deferred_records.csv","APPLIED"
"P2A1-CLOSURE-0027","2026-07-31","P2UT-0091","AC0107","audit/phase2_screening.csv;audit/phase2_unresolved_triage.csv","FALSE_POSITIVE","OUT_OF_SCOPE_FOR_PHASE2A1","OUTSIDE_NARROW_GAP01_GAP03_REPAIR; NOT_EXCLUDED_FROM_BROADER_PHASE2_REVIEW","audit/phase2a1_deferred_records.csv","APPLIED"
"P2A1-CLOSURE-0028","2026-07-31","P2UT-0142","AC0108","audit/phase2_screening.csv;audit/phase2_unresolved_triage.csv","FALSE_POSITIVE","OUT_OF_SCOPE_FOR_PHASE2A1","OUTSIDE_NARROW_GAP01_GAP03_REPAIR; NOT_EXCLUDED_FROM_BROADER_PHASE2_REVIEW","audit/phase2a1_deferred_records.csv","APPLIED"
"P2A1-CLOSURE-0029","2026-07-31","P2UT-0001","AC0113","audit/phase2_screening.csv;audit/phase2_unresolved_triage.csv","FALSE_POSITIVE","OUT_OF_SCOPE_FOR_PHASE2A1","OUTSIDE_NARROW_GAP01_GAP03_REPAIR; NOT_EXCLUDED_FROM_BROADER_PHASE2_REVIEW","audit/phase2a1_deferred_records.csv","APPLIED"
"P2A1-CLOSURE-0030","2026-07-31","P2UT-0098","AC0114","audit/phase2_screening.csv;audit/phase2_unresolved_triage.csv","FALSE_POSITIVE","OUT_OF_SCOPE_FOR_PHASE2A1","OUTSIDE_NARROW_GAP01_GAP03_REPAIR; NOT_EXCLUDED_FROM_BROADER_PHASE2_REVIEW","audit/phase2a1_deferred_records.csv","APPLIED"
"P2A1-CLOSURE-0031","2026-07-31","P2UT-0060","AC0141","audit/phase2_screening.csv;audit/phase2_unresolved_triage.csv","FALSE_POSITIVE","DEFERRED_RELEVANT_SUPPORTING","DEFERRED_FROM_NARROW_GAP01_GAP03_REPAIR; ORIGINAL_BROADER_PHASE2_RELEVANCE_PRESERVED","audit/phase2a1_deferred_records.csv","APPLIED"
"P2A1-CLOSURE-0032","2026-07-31","P2UT-0050","AC0143","audit/phase2_screening.csv;audit/phase2_unresolved_triage.csv","FALSE_POSITIVE","OUT_OF_SCOPE_FOR_PHASE2A1","OUTSIDE_NARROW_GAP01_GAP03_REPAIR; NOT_EXCLUDED_FROM_BROADER_PHASE2_REVIEW","audit/phase2a1_deferred_records.csv","APPLIED"
"P2A1-CLOSURE-0033","2026-07-31","P2UT-0062","AC0165","audit/phase2_screening.csv;audit/phase2_unresolved_triage.csv","FALSE_POSITIVE","DEFERRED_RELEVANT_SUPPORTING","DEFERRED_FROM_NARROW_GAP01_GAP03_REPAIR; ORIGINAL_BROADER_PHASE2_RELEVANCE_PRESERVED","audit/phase2a1_deferred_records.csv","APPLIED"
"P2A1-CLOSURE-0034","2026-07-31","P2UT-0058","AC0191","audit/phase2_screening.csv;audit/phase2_unresolved_triage.csv","FALSE_POSITIVE","OUT_OF_SCOPE_FOR_PHASE2A1","OUTSIDE_NARROW_GAP01_GAP03_REPAIR; NOT_EXCLUDED_FROM_BROADER_PHASE2_REVIEW","audit/phase2a1_deferred_records.csv","APPLIED"
"P2A1-CLOSURE-0035","2026-07-31","P2UT-0013","AC0197","audit/phase2_screening.csv;audit/phase2_unresolved_triage.csv","FALSE_POSITIVE","OUT_OF_SCOPE_FOR_PHASE2A1","OUTSIDE_NARROW_GAP01_GAP03_REPAIR; NOT_EXCLUDED_FROM_BROADER_PHASE2_REVIEW","audit/phase2a1_deferred_records.csv","APPLIED"
"P2A1-CLOSURE-0036","2026-07-31","P2UT-0039","AC0235","audit/phase2_screening.csv;audit/phase2_unresolved_triage.csv","FALSE_POSITIVE","DEFERRED_RELEVANT_SUPPORTING","DEFERRED_FROM_NARROW_GAP01_GAP03_REPAIR; ORIGINAL_BROADER_PHASE2_RELEVANCE_PRESERVED","audit/phase2a1_deferred_records.csv","APPLIED"
"P2A1-CLOSURE-0037","2026-07-31","P2UT-0233","AC0253","audit/phase2_screening.csv;audit/phase2_unresolved_triage.csv","FALSE_POSITIVE","DEFERRED_RELEVANT_SUPPORTING","DEFERRED_FROM_NARROW_GAP01_GAP03_REPAIR; ORIGINAL_BROADER_PHASE2_RELEVANCE_PRESERVED","audit/phase2a1_deferred_records.csv","APPLIED"
"P2A1-CLOSURE-0038","2026-07-31","P2UT-0093","AC0256","audit/phase2_screening.csv;audit/phase2_unresolved_triage.csv","FALSE_POSITIVE","OUT_OF_SCOPE_FOR_PHASE2A1","OUTSIDE_NARROW_GAP01_GAP03_REPAIR; NOT_EXCLUDED_FROM_BROADER_PHASE2_REVIEW","audit/phase2a1_deferred_records.csv","APPLIED"
"P2A1-CLOSURE-0039","2026-07-31","P2UT-0145","AC0258","audit/phase2_screening.csv;audit/phase2_unresolved_triage.csv","FALSE_POSITIVE","DEFERRED_RELEVANT_SUPPORTING","DEFERRED_FROM_NARROW_GAP01_GAP03_REPAIR; ORIGINAL_BROADER_PHASE2_RELEVANCE_PRESERVED","audit/phase2a1_deferred_records.csv","APPLIED"
"P2A1-CLOSURE-0040","2026-07-31","P2UT-0141","AC0264","audit/phase2_screening.csv;audit/phase2_unresolved_triage.csv","FALSE_POSITIVE","OUT_OF_SCOPE_FOR_PHASE2A1","OUTSIDE_NARROW_GAP01_GAP03_REPAIR; NOT_EXCLUDED_FROM_BROADER_PHASE2_REVIEW","audit/phase2a1_deferred_records.csv","APPLIED"
"P2A1-CLOSURE-0041","2026-07-31","P2UT-0077","AC0273","audit/phase2_screening.csv;audit/phase2_unresolved_triage.csv","FALSE_POSITIVE","DEFERRED_RELEVANT_SUPPORTING","DEFERRED_FROM_NARROW_GAP01_GAP03_REPAIR; ORIGINAL_BROADER_PHASE2_RELEVANCE_PRESERVED","audit/phase2a1_deferred_records.csv","APPLIED"
"P2A1-CLOSURE-0042","2026-07-31","P2UT-0198","AC0279","audit/phase2_screening.csv;audit/phase2_unresolved_triage.csv","FALSE_POSITIVE","OUT_OF_SCOPE_FOR_PHASE2A1","OUTSIDE_NARROW_GAP01_GAP03_REPAIR; NOT_EXCLUDED_FROM_BROADER_PHASE2_REVIEW","audit/phase2a1_deferred_records.csv","APPLIED"
"P2A1-CLOSURE-0043","2026-07-31","P2UT-0022","AC0322","audit/phase2_screening.csv;audit/phase2_unresolved_triage.csv","FALSE_POSITIVE","OUT_OF_SCOPE_FOR_PHASE2A1","OUTSIDE_NARROW_GAP01_GAP03_REPAIR; NOT_EXCLUDED_FROM_BROADER_PHASE2_REVIEW","audit/phase2a1_deferred_records.csv","APPLIED"
"P2A1-CLOSURE-0044","2026-07-31","P2UT-0078","AC0330","audit/phase2_screening.csv;audit/phase2_unresolved_triage.csv","FALSE_POSITIVE","DEFERRED_RELEVANT_SUPPORTING","DEFERRED_FROM_NARROW_GAP01_GAP03_REPAIR; ORIGINAL_BROADER_PHASE2_RELEVANCE_PRESERVED","audit/phase2a1_deferred_records.csv","APPLIED"
"P2A1-CLOSURE-0045","2026-07-31","P2UT-0197","AC0334","audit/phase2_screening.csv;audit/phase2_unresolved_triage.csv","FALSE_POSITIVE","OUT_OF_SCOPE_FOR_PHASE2A1","OUTSIDE_NARROW_GAP01_GAP03_REPAIR; NOT_EXCLUDED_FROM_BROADER_PHASE2_REVIEW","audit/phase2a1_deferred_records.csv","APPLIED"
"P2A1-CLOSURE-0046","2026-07-31","P2UT-0066","AC0336","audit/phase2_screening.csv;audit/phase2_unresolved_triage.csv","FALSE_POSITIVE","OUT_OF_SCOPE_FOR_PHASE2A1","OUTSIDE_NARROW_GAP01_GAP03_REPAIR; NOT_EXCLUDED_FROM_BROADER_PHASE2_REVIEW","audit/phase2a1_deferred_records.csv","APPLIED"
"P2A1-CLOSURE-0047","2026-07-31","P2UT-0067","AC0337","audit/phase2_screening.csv;audit/phase2_unresolved_triage.csv","FALSE_POSITIVE","OUT_OF_SCOPE_FOR_PHASE2A1","OUTSIDE_NARROW_GAP01_GAP03_REPAIR; NOT_EXCLUDED_FROM_BROADER_PHASE2_REVIEW","audit/phase2a1_deferred_records.csv","APPLIED"
"P2A1-CLOSURE-0048","2026-07-31","P2UT-0056","AC0339","audit/phase2_screening.csv;audit/phase2_unresolved_triage.csv","FALSE_POSITIVE","DEFERRED_RELEVANT_SUPPORTING","DEFERRED_FROM_NARROW_GAP01_GAP03_REPAIR; ORIGINAL_BROADER_PHASE2_RELEVANCE_PRESERVED","audit/phase2a1_deferred_records.csv","APPLIED"
"P2A1-CLOSURE-0049","2026-07-31","P2UT-0112","AC0340","audit/phase2_screening.csv;audit/phase2_unresolved_triage.csv","FALSE_POSITIVE","OUT_OF_SCOPE_FOR_PHASE2A1","OUTSIDE_NARROW_GAP01_GAP03_REPAIR; NOT_EXCLUDED_FROM_BROADER_PHASE2_REVIEW","audit/phase2a1_deferred_records.csv","APPLIED"
"P2A1-CLOSURE-0050","2026-07-31","P2UT-0023","AC0344","audit/phase2_screening.csv;audit/phase2_unresolved_triage.csv","FALSE_POSITIVE","OUT_OF_SCOPE_FOR_PHASE2A1","OUTSIDE_NARROW_GAP01_GAP03_REPAIR; NOT_EXCLUDED_FROM_BROADER_PHASE2_REVIEW","audit/phase2a1_deferred_records.csv","APPLIED"
"P2A1-CLOSURE-0051","2026-07-31","P2UT-0020","AC0345","audit/phase2_screening.csv;audit/phase2_unresolved_triage.csv","FALSE_POSITIVE","OUT_OF_SCOPE_FOR_PHASE2A1","OUTSIDE_NARROW_GAP01_GAP03_REPAIR; NOT_EXCLUDED_FROM_BROADER_PHASE2_REVIEW","audit/phase2a1_deferred_records.csv","APPLIED"
"P2A1-CLOSURE-0052","2026-07-31","P2UT-0004","AC0346","audit/phase2_screening.csv;audit/phase2_unresolved_triage.csv","FALSE_POSITIVE","OUT_OF_SCOPE_FOR_PHASE2A1","OUTSIDE_NARROW_GAP01_GAP03_REPAIR; NOT_EXCLUDED_FROM_BROADER_PHASE2_REVIEW","audit/phase2a1_deferred_records.csv","APPLIED"
"P2A1-CLOSURE-0053","2026-07-31","P2UT-0161","AC0350","audit/phase2_screening.csv;audit/phase2_unresolved_triage.csv","FALSE_POSITIVE","OUT_OF_SCOPE_FOR_PHASE2A1","OUTSIDE_NARROW_GAP01_GAP03_REPAIR; NOT_EXCLUDED_FROM_BROADER_PHASE2_REVIEW","audit/phase2a1_deferred_records.csv","APPLIED"
"P2A1-CLOSURE-0054","2026-07-31","P2UT-0157","ROOT-D0018","audit/phase2_screening.csv;audit/phase2_unresolved_triage.csv","FALSE_POSITIVE","DEFERRED_RELEVANT_SUPPORTING","DEFERRED_FROM_NARROW_GAP01_GAP03_REPAIR; ORIGINAL_BROADER_PHASE2_RELEVANCE_PRESERVED","audit/phase2a1_deferred_records.csv","APPLIED"
"P2A1-CLOSURE-0055","2026-07-31","P2UT-0175","ROOT-D0027","audit/phase2_screening.csv;audit/phase2_unresolved_triage.csv","FALSE_POSITIVE","DEFERRED_RELEVANT_SUPPORTING","DEFERRED_FROM_NARROW_GAP01_GAP03_REPAIR; ORIGINAL_BROADER_PHASE2_RELEVANCE_PRESERVED","audit/phase2a1_deferred_records.csv","APPLIED"
"P2A1-CLOSURE-0056","2026-07-31","P2UT-0231","ROOT-D0060","audit/phase2_screening.csv;audit/phase2_unresolved_triage.csv","FALSE_POSITIVE","DEFERRED_RELEVANT_SUPPORTING","DEFERRED_FROM_NARROW_GAP01_GAP03_REPAIR; ORIGINAL_BROADER_PHASE2_RELEVANCE_PRESERVED","audit/phase2a1_deferred_records.csv","APPLIED"
"P2A1-CLOSURE-0057","2026-07-31","P2UT-0113","ROOT-D0087","audit/phase2_screening.csv;audit/phase2_unresolved_triage.csv","FALSE_POSITIVE","DEFERRED_RELEVANT_SUPPORTING","DEFERRED_FROM_NARROW_GAP01_GAP03_REPAIR; ORIGINAL_BROADER_PHASE2_RELEVANCE_PRESERVED","audit/phase2a1_deferred_records.csv","APPLIED"
"P2A1-CLOSURE-0058","2026-07-31","P2UT-0172","ROOT-D0107","audit/phase2_screening.csv;audit/phase2_unresolved_triage.csv","FALSE_POSITIVE","DEFERRED_RELEVANT_SUPPORTING","DEFERRED_FROM_NARROW_GAP01_GAP03_REPAIR; ORIGINAL_BROADER_PHASE2_RELEVANCE_PRESERVED","audit/phase2a1_deferred_records.csv","APPLIED"
"P2A1-CLOSURE-0059","2026-07-31","P2UT-0173","ROOT-D0116","audit/phase2_screening.csv;audit/phase2_unresolved_triage.csv","FALSE_POSITIVE","DEFERRED_RELEVANT_SUPPORTING","DEFERRED_FROM_NARROW_GAP01_GAP03_REPAIR; ORIGINAL_BROADER_PHASE2_RELEVANCE_PRESERVED","audit/phase2a1_deferred_records.csv","APPLIED"
"P2A1-CLOSURE-0060","2026-07-31","P2UT-0114","ROOT-D0136","audit/phase2_screening.csv;audit/phase2_unresolved_triage.csv","FALSE_POSITIVE","DEFERRED_RELEVANT_SUPPORTING","DEFERRED_FROM_NARROW_GAP01_GAP03_REPAIR; ORIGINAL_BROADER_PHASE2_RELEVANCE_PRESERVED","audit/phase2a1_deferred_records.csv","APPLIED"
"P2A1-CLOSURE-0061","2026-07-31","P2UT-0068","B-AUDIT-000025","audit/phase2_screening.csv;audit/phase2_unresolved_triage.csv","FALSE_POSITIVE","DEFERRED_RELEVANT_SUPPORTING","DEFERRED_FROM_NARROW_GAP01_GAP03_REPAIR; ORIGINAL_BROADER_PHASE2_RELEVANCE_PRESERVED","audit/phase2a1_deferred_records.csv","APPLIED"
"P2A1-CLOSURE-0062","2026-07-31","P2UT-0012","B-AUDIT-000028","audit/phase2_screening.csv;audit/phase2_unresolved_triage.csv","FALSE_POSITIVE","DEFERRED_RELEVANT_SUPPORTING","DEFERRED_FROM_NARROW_GAP01_GAP03_REPAIR; ORIGINAL_BROADER_PHASE2_RELEVANCE_PRESERVED","audit/phase2a1_deferred_records.csv","APPLIED"
"P2A1-CLOSURE-0063","2026-07-31","P2UT-0153","B-AUDIT-000089","audit/phase2_screening.csv;audit/phase2_unresolved_triage.csv","FALSE_POSITIVE","DEFERRED_RELEVANT_SUPPORTING","DEFERRED_FROM_NARROW_GAP01_GAP03_REPAIR; ORIGINAL_BROADER_PHASE2_RELEVANCE_PRESERVED","audit/phase2a1_deferred_records.csv","APPLIED"
"P2A1-CLOSURE-0064","2026-07-31","P2UT-0154","B-AUDIT-000091","audit/phase2_screening.csv;audit/phase2_unresolved_triage.csv","FALSE_POSITIVE","DEFERRED_RELEVANT_SUPPORTING","DEFERRED_FROM_NARROW_GAP01_GAP03_REPAIR; ORIGINAL_BROADER_PHASE2_RELEVANCE_PRESERVED","audit/phase2a1_deferred_records.csv","APPLIED"
"P2A1-CLOSURE-0065","2026-07-31","P2UT-0138","B-AUDIT-000093","audit/phase2_screening.csv;audit/phase2_unresolved_triage.csv","FALSE_POSITIVE","DEFERRED_RELEVANT_SUPPORTING","DEFERRED_FROM_NARROW_GAP01_GAP03_REPAIR; ORIGINAL_BROADER_PHASE2_RELEVANCE_PRESERVED","audit/phase2a1_deferred_records.csv","APPLIED"
"P2A1-CLOSURE-0066","2026-07-31","P2UT-0156","B-AUDIT-000096","audit/phase2_screening.csv;audit/phase2_unresolved_triage.csv","FALSE_POSITIVE","DEFERRED_RELEVANT_SUPPORTING","DEFERRED_FROM_NARROW_GAP01_GAP03_REPAIR; ORIGINAL_BROADER_PHASE2_RELEVANCE_PRESERVED","audit/phase2a1_deferred_records.csv","APPLIED"
"P2A1-CLOSURE-0067","2026-07-31","P2UT-0101","B-AUDIT-000135","audit/phase2_screening.csv;audit/phase2_unresolved_triage.csv","FALSE_POSITIVE","DEFERRED_RELEVANT_SUPPORTING","DEFERRED_FROM_NARROW_GAP01_GAP03_REPAIR; ORIGINAL_BROADER_PHASE2_RELEVANCE_PRESERVED","audit/phase2a1_deferred_records.csv","APPLIED"
"P2A1-CLOSURE-0068","2026-07-31","P2UT-0115","B-AUDIT-000170","audit/phase2_screening.csv;audit/phase2_unresolved_triage.csv","FALSE_POSITIVE","DEFERRED_RELEVANT_SUPPORTING","DEFERRED_FROM_NARROW_GAP01_GAP03_REPAIR; ORIGINAL_BROADER_PHASE2_RELEVANCE_PRESERVED","audit/phase2a1_deferred_records.csv","APPLIED"
"P2A1-CLOSURE-0069","2026-07-31","P2UT-0204","B-AUDIT-000172","audit/phase2_screening.csv;audit/phase2_unresolved_triage.csv","FALSE_POSITIVE","DEFERRED_RELEVANT_SUPPORTING","DEFERRED_FROM_NARROW_GAP01_GAP03_REPAIR; ORIGINAL_BROADER_PHASE2_RELEVANCE_PRESERVED","audit/phase2a1_deferred_records.csv","APPLIED"
"P2A1-CLOSURE-0070","2026-07-31","P2UT-0226","B-AUDIT-000174","audit/phase2_screening.csv;audit/phase2_unresolved_triage.csv","FALSE_POSITIVE","DEFERRED_RELEVANT_SUPPORTING","DEFERRED_FROM_NARROW_GAP01_GAP03_REPAIR; ORIGINAL_BROADER_PHASE2_RELEVANCE_PRESERVED","audit/phase2a1_deferred_records.csv","APPLIED"
"P2A1-CLOSURE-0071","2026-07-31","P2UT-0024","B-AUDIT-000189","audit/phase2_screening.csv;audit/phase2_unresolved_triage.csv","FALSE_POSITIVE","DEFERRED_RELEVANT_SUPPORTING","DEFERRED_FROM_NARROW_GAP01_GAP03_REPAIR; ORIGINAL_BROADER_PHASE2_RELEVANCE_PRESERVED","audit/phase2a1_deferred_records.csv","APPLIED"
"P2A1-CLOSURE-0072","2026-07-31","P2UT-0106","B-AUDIT-000191","audit/phase2_screening.csv;audit/phase2_unresolved_triage.csv","FALSE_POSITIVE","DEFERRED_RELEVANT_SUPPORTING","DEFERRED_FROM_NARROW_GAP01_GAP03_REPAIR; ORIGINAL_BROADER_PHASE2_RELEVANCE_PRESERVED","audit/phase2a1_deferred_records.csv","APPLIED"
"P2A1-CLOSURE-0073","2026-07-31","P2UT-0100","B-AUDIT-000192","audit/phase2_screening.csv;audit/phase2_unresolved_triage.csv","FALSE_POSITIVE","DEFERRED_RELEVANT_SUPPORTING","DEFERRED_FROM_NARROW_GAP01_GAP03_REPAIR; ORIGINAL_BROADER_PHASE2_RELEVANCE_PRESERVED","audit/phase2a1_deferred_records.csv","APPLIED"
"P2A1-CLOSURE-0074","2026-07-31","P2UT-0082","B-AUDIT-000197","audit/phase2_screening.csv;audit/phase2_unresolved_triage.csv","FALSE_POSITIVE","DEFERRED_RELEVANT_SUPPORTING","DEFERRED_FROM_NARROW_GAP01_GAP03_REPAIR; ORIGINAL_BROADER_PHASE2_RELEVANCE_PRESERVED","audit/phase2a1_deferred_records.csv","APPLIED"
"P2A1-CLOSURE-0075","2026-07-31","P2UT-0083","C0026","audit/phase2_screening.csv;audit/phase2_unresolved_triage.csv","FALSE_POSITIVE","DEFERRED_RELEVANT_ADJACENT","ADJACENT_TO_BROADER_REVIEW_BUT_NOT_FULL_TEXT_PRIORITISED_FOR_NARROW_GAP01_GAP03_REPAIR","audit/phase2a1_deferred_records.csv","APPLIED"
"P2A1-CLOSURE-0076","2026-07-31","P2UT-0014","C0027","audit/phase2_screening.csv;audit/phase2_unresolved_triage.csv","FALSE_POSITIVE","DEFERRED_RELEVANT_ADJACENT","ADJACENT_TO_BROADER_REVIEW_BUT_NOT_FULL_TEXT_PRIORITISED_FOR_NARROW_GAP01_GAP03_REPAIR","audit/phase2a1_deferred_records.csv","APPLIED"
"P2A1-CLOSURE-0077","2026-07-31","P2UT-0084","C0028","audit/phase2_screening.csv;audit/phase2_unresolved_triage.csv","FALSE_POSITIVE","DEFERRED_RELEVANT_ADJACENT","ADJACENT_TO_BROADER_REVIEW_BUT_NOT_FULL_TEXT_PRIORITISED_FOR_NARROW_GAP01_GAP03_REPAIR","audit/phase2a1_deferred_records.csv","APPLIED"
"P2A1-CLOSURE-0078","2026-07-31","P2UT-0102","C0029","audit/phase2_screening.csv;audit/phase2_unresolved_triage.csv","FALSE_POSITIVE","DEFERRED_RELEVANT_ADJACENT","ADJACENT_TO_BROADER_REVIEW_BUT_NOT_FULL_TEXT_PRIORITISED_FOR_NARROW_GAP01_GAP03_REPAIR","audit/phase2a1_deferred_records.csv","APPLIED"
"P2A1-CLOSURE-0079","2026-07-31","P2UT-0199","C0030","audit/phase2_screening.csv;audit/phase2_unresolved_triage.csv","FALSE_POSITIVE","DEFERRED_RELEVANT_ADJACENT","ADJACENT_TO_BROADER_REVIEW_BUT_NOT_FULL_TEXT_PRIORITISED_FOR_NARROW_GAP01_GAP03_REPAIR","audit/phase2a1_deferred_records.csv","APPLIED"
"P2A1-CLOSURE-0080","2026-07-31","P2UT-0196","C0032","audit/phase2_screening.csv;audit/phase2_unresolved_triage.csv","FALSE_POSITIVE","DEFERRED_RELEVANT_ADJACENT","ADJACENT_TO_BROADER_REVIEW_BUT_NOT_FULL_TEXT_PRIORITISED_FOR_NARROW_GAP01_GAP03_REPAIR","audit/phase2a1_deferred_records.csv","APPLIED"
"P2A1-CLOSURE-0081","2026-07-31","P2UT-0195","C0034","audit/phase2_screening.csv;audit/phase2_unresolved_triage.csv","FALSE_POSITIVE","DEFERRED_RELEVANT_ADJACENT","ADJACENT_TO_BROADER_REVIEW_BUT_NOT_FULL_TEXT_PRIORITISED_FOR_NARROW_GAP01_GAP03_REPAIR","audit/phase2a1_deferred_records.csv","APPLIED"
"P2A1-CLOSURE-0082","2026-07-31","P2UT-0040","C0035","audit/phase2_screening.csv;audit/phase2_unresolved_triage.csv","FALSE_POSITIVE","DEFERRED_RELEVANT_ADJACENT","ADJACENT_TO_BROADER_REVIEW_BUT_NOT_FULL_TEXT_PRIORITISED_FOR_NARROW_GAP01_GAP03_REPAIR","audit/phase2a1_deferred_records.csv","APPLIED"
"P2A1-CLOSURE-0083","2026-07-31","P2UT-0118","C0036","audit/phase2_screening.csv;audit/phase2_unresolved_triage.csv","FALSE_POSITIVE","DEFERRED_RELEVANT_ADJACENT","ADJACENT_TO_BROADER_REVIEW_BUT_NOT_FULL_TEXT_PRIORITISED_FOR_NARROW_GAP01_GAP03_REPAIR","audit/phase2a1_deferred_records.csv","APPLIED"
"P2A1-CLOSURE-0084","2026-07-31","P2UT-0189","C0037","audit/phase2_screening.csv;audit/phase2_unresolved_triage.csv","FALSE_POSITIVE","DEFERRED_RELEVANT_ADJACENT","ADJACENT_TO_BROADER_REVIEW_BUT_NOT_FULL_TEXT_PRIORITISED_FOR_NARROW_GAP01_GAP03_REPAIR","audit/phase2a1_deferred_records.csv","APPLIED"
"P2A1-CLOSURE-0085","2026-07-31","P2UT-0072","C0038","audit/phase2_screening.csv;audit/phase2_unresolved_triage.csv","FALSE_POSITIVE","DEFERRED_RELEVANT_ADJACENT","ADJACENT_TO_BROADER_REVIEW_BUT_NOT_FULL_TEXT_PRIORITISED_FOR_NARROW_GAP01_GAP03_REPAIR","audit/phase2a1_deferred_records.csv","APPLIED"
"P2A1-CLOSURE-0086","2026-07-31","P2UT-0071","C0039","audit/phase2_screening.csv;audit/phase2_unresolved_triage.csv","FALSE_POSITIVE","DEFERRED_RELEVANT_ADJACENT","ADJACENT_TO_BROADER_REVIEW_BUT_NOT_FULL_TEXT_PRIORITISED_FOR_NARROW_GAP01_GAP03_REPAIR","audit/phase2a1_deferred_records.csv","APPLIED"
"P2A1-CLOSURE-0087","2026-07-31","P2UT-0019","C0041","audit/phase2_screening.csv;audit/phase2_unresolved_triage.csv","FALSE_POSITIVE","DEFERRED_RELEVANT_ADJACENT","ADJACENT_TO_BROADER_REVIEW_BUT_NOT_FULL_TEXT_PRIORITISED_FOR_NARROW_GAP01_GAP03_REPAIR","audit/phase2a1_deferred_records.csv","APPLIED"
"P2A1-CLOSURE-0088","2026-07-31","P2UT-0041","C0042","audit/phase2_screening.csv;audit/phase2_unresolved_triage.csv","FALSE_POSITIVE","DEFERRED_RELEVANT_ADJACENT","ADJACENT_TO_BROADER_REVIEW_BUT_NOT_FULL_TEXT_PRIORITISED_FOR_NARROW_GAP01_GAP03_REPAIR","audit/phase2a1_deferred_records.csv","APPLIED"
"P2A1-CLOSURE-0089","2026-07-31","P2UT-0194","C0043","audit/phase2_screening.csv;audit/phase2_unresolved_triage.csv","FALSE_POSITIVE","DEFERRED_RELEVANT_ADJACENT","ADJACENT_TO_BROADER_REVIEW_BUT_NOT_FULL_TEXT_PRIORITISED_FOR_NARROW_GAP01_GAP03_REPAIR","audit/phase2a1_deferred_records.csv","APPLIED"
"P2A1-CLOSURE-0090","2026-07-31","P2UT-0043","C0045","audit/phase2_screening.csv;audit/phase2_unresolved_triage.csv","FALSE_POSITIVE","DEFERRED_RELEVANT_ADJACENT","ADJACENT_TO_BROADER_REVIEW_BUT_NOT_FULL_TEXT_PRIORITISED_FOR_NARROW_GAP01_GAP03_REPAIR","audit/phase2a1_deferred_records.csv","APPLIED"
"P2A1-CLOSURE-0091","2026-07-31","P2UT-0044","C0047","audit/phase2_screening.csv;audit/phase2_unresolved_triage.csv","FALSE_POSITIVE","DEFERRED_RELEVANT_ADJACENT","ADJACENT_TO_BROADER_REVIEW_BUT_NOT_FULL_TEXT_PRIORITISED_FOR_NARROW_GAP01_GAP03_REPAIR","audit/phase2a1_deferred_records.csv","APPLIED"
"P2A1-CLOSURE-0092","2026-07-31","P2UT-0069","C0050","audit/phase2_screening.csv;audit/phase2_unresolved_triage.csv","FALSE_POSITIVE","DEFERRED_RELEVANT_ADJACENT","ADJACENT_TO_BROADER_REVIEW_BUT_NOT_FULL_TEXT_PRIORITISED_FOR_NARROW_GAP01_GAP03_REPAIR","audit/phase2a1_deferred_records.csv","APPLIED"
"P2A1-CLOSURE-0093","2026-07-31","P2UT-0225","C0060","audit/phase2_screening.csv;audit/phase2_unresolved_triage.csv","FALSE_POSITIVE","DEFERRED_RELEVANT_ADJACENT","ADJACENT_TO_BROADER_REVIEW_BUT_NOT_FULL_TEXT_PRIORITISED_FOR_NARROW_GAP01_GAP03_REPAIR","audit/phase2a1_deferred_records.csv","APPLIED"
"P2A1-CLOSURE-0094","2026-07-31","P2UT-0200","C0076","audit/phase2_screening.csv;audit/phase2_unresolved_triage.csv","FALSE_POSITIVE","DEFERRED_RELEVANT_ADJACENT","ADJACENT_TO_BROADER_REVIEW_BUT_NOT_FULL_TEXT_PRIORITISED_FOR_NARROW_GAP01_GAP03_REPAIR","audit/phase2a1_deferred_records.csv","APPLIED"
"P2A1-CLOSURE-0095","2026-07-31","P2UT-0165","C0084","audit/phase2_screening.csv;audit/phase2_unresolved_triage.csv","FALSE_POSITIVE","DEFERRED_RELEVANT_ADJACENT","ADJACENT_TO_BROADER_REVIEW_BUT_NOT_FULL_TEXT_PRIORITISED_FOR_NARROW_GAP01_GAP03_REPAIR","audit/phase2a1_deferred_records.csv","APPLIED"
"P2A1-CLOSURE-0096","2026-07-31","P2UT-0038","C0086","audit/phase2_screening.csv;audit/phase2_unresolved_triage.csv","FALSE_POSITIVE","DEFERRED_RELEVANT_ADJACENT","ADJACENT_TO_BROADER_REVIEW_BUT_NOT_FULL_TEXT_PRIORITISED_FOR_NARROW_GAP01_GAP03_REPAIR","audit/phase2a1_deferred_records.csv","APPLIED"
"P2A1-CLOSURE-0097","2026-07-31","P2UT-0052","C0093","audit/phase2_screening.csv;audit/phase2_unresolved_triage.csv","FALSE_POSITIVE","DEFERRED_RELEVANT_ADJACENT","ADJACENT_TO_BROADER_REVIEW_BUT_NOT_FULL_TEXT_PRIORITISED_FOR_NARROW_GAP01_GAP03_REPAIR","audit/phase2a1_deferred_records.csv","APPLIED"
"P2A1-CLOSURE-0098","2026-07-31","P2UT-0127","C0126","audit/phase2_screening.csv;audit/phase2_unresolved_triage.csv","FALSE_POSITIVE","DEFERRED_RELEVANT_ADJACENT","ADJACENT_TO_BROADER_REVIEW_BUT_NOT_FULL_TEXT_PRIORITISED_FOR_NARROW_GAP01_GAP03_REPAIR","audit/phase2a1_deferred_records.csv","APPLIED"
"P2A1-CLOSURE-0099","2026-07-31","P2UT-0126","C0128","audit/phase2_screening.csv;audit/phase2_unresolved_triage.csv","FALSE_POSITIVE","DEFERRED_RELEVANT_ADJACENT","ADJACENT_TO_BROADER_REVIEW_BUT_NOT_FULL_TEXT_PRIORITISED_FOR_NARROW_GAP01_GAP03_REPAIR","audit/phase2a1_deferred_records.csv","APPLIED"
"P2A1-CLOSURE-0100","2026-07-31","P2UT-0125","C0140","audit/phase2_screening.csv;audit/phase2_unresolved_triage.csv","FALSE_POSITIVE","DEFERRED_RELEVANT_ADJACENT","ADJACENT_TO_BROADER_REVIEW_BUT_NOT_FULL_TEXT_PRIORITISED_FOR_NARROW_GAP01_GAP03_REPAIR","audit/phase2a1_deferred_records.csv","APPLIED"
"P2A1-CLOSURE-0101","2026-07-31","P2UT-0122","C0146","audit/phase2_screening.csv;audit/phase2_unresolved_triage.csv","FALSE_POSITIVE","DEFERRED_RELEVANT_ADJACENT","ADJACENT_TO_BROADER_REVIEW_BUT_NOT_FULL_TEXT_PRIORITISED_FOR_NARROW_GAP01_GAP03_REPAIR","audit/phase2a1_deferred_records.csv","APPLIED"
"P2A1-CLOSURE-0102","2026-07-31","P2UT-0212","C0165","audit/phase2_screening.csv;audit/phase2_unresolved_triage.csv","FALSE_POSITIVE","DEFERRED_RELEVANT_ADJACENT","ADJACENT_TO_BROADER_REVIEW_BUT_NOT_FULL_TEXT_PRIORITISED_FOR_NARROW_GAP01_GAP03_REPAIR","audit/phase2a1_deferred_records.csv","APPLIED"
"P2A1-CLOSURE-0103","2026-07-31","P2UT-0017","C0176","audit/phase2_screening.csv;audit/phase2_unresolved_triage.csv","FALSE_POSITIVE","DEFERRED_RELEVANT_ADJACENT","ADJACENT_TO_BROADER_REVIEW_BUT_NOT_FULL_TEXT_PRIORITISED_FOR_NARROW_GAP01_GAP03_REPAIR","audit/phase2a1_deferred_records.csv","APPLIED"
"P2A1-CLOSURE-0104","2026-07-31","P2UT-0016","C0178","audit/phase2_screening.csv;audit/phase2_unresolved_triage.csv","FALSE_POSITIVE","DEFERRED_RELEVANT_ADJACENT","ADJACENT_TO_BROADER_REVIEW_BUT_NOT_FULL_TEXT_PRIORITISED_FOR_NARROW_GAP01_GAP03_REPAIR","audit/phase2a1_deferred_records.csv","APPLIED"
"P2A1-CLOSURE-0105","2026-07-31","P2UT-0131","C0181","audit/phase2_screening.csv;audit/phase2_unresolved_triage.csv","FALSE_POSITIVE","DEFERRED_RELEVANT_ADJACENT","ADJACENT_TO_BROADER_REVIEW_BUT_NOT_FULL_TEXT_PRIORITISED_FOR_NARROW_GAP01_GAP03_REPAIR","audit/phase2a1_deferred_records.csv","APPLIED"
"P2A1-CLOSURE-0106","2026-07-31","P2UT-0144","C0182","audit/phase2_screening.csv;audit/phase2_unresolved_triage.csv","FALSE_POSITIVE","DEFERRED_RELEVANT_ADJACENT","ADJACENT_TO_BROADER_REVIEW_BUT_NOT_FULL_TEXT_PRIORITISED_FOR_NARROW_GAP01_GAP03_REPAIR","audit/phase2a1_deferred_records.csv","APPLIED"
"P2A1-CLOSURE-0107","2026-07-31","P2UT-0186","C0183","audit/phase2_screening.csv;audit/phase2_unresolved_triage.csv","FALSE_POSITIVE","DEFERRED_RELEVANT_ADJACENT","ADJACENT_TO_BROADER_REVIEW_BUT_NOT_FULL_TEXT_PRIORITISED_FOR_NARROW_GAP01_GAP03_REPAIR","audit/phase2a1_deferred_records.csv","APPLIED"
"P2A1-CLOSURE-0108","2026-07-31","P2UT-0183","C0188","audit/phase2_screening.csv;audit/phase2_unresolved_triage.csv","FALSE_POSITIVE","DEFERRED_RELEVANT_ADJACENT","ADJACENT_TO_BROADER_REVIEW_BUT_NOT_FULL_TEXT_PRIORITISED_FOR_NARROW_GAP01_GAP03_REPAIR","audit/phase2a1_deferred_records.csv","APPLIED"
"P2A1-CLOSURE-0109","2026-07-31","P2UT-0223","C0189","audit/phase2_screening.csv;audit/phase2_unresolved_triage.csv","FALSE_POSITIVE","DEFERRED_RELEVANT_ADJACENT","ADJACENT_TO_BROADER_REVIEW_BUT_NOT_FULL_TEXT_PRIORITISED_FOR_NARROW_GAP01_GAP03_REPAIR","audit/phase2a1_deferred_records.csv","APPLIED"
"P2A1-CLOSURE-0110","2026-07-31","P2UT-0097","C0193","audit/phase2_screening.csv;audit/phase2_unresolved_triage.csv","FALSE_POSITIVE","DEFERRED_RELEVANT_ADJACENT","ADJACENT_TO_BROADER_REVIEW_BUT_NOT_FULL_TEXT_PRIORITISED_FOR_NARROW_GAP01_GAP03_REPAIR","audit/phase2a1_deferred_records.csv","APPLIED"
"P2A1-CLOSURE-0111","2026-07-31","P2UT-0092","C0195","audit/phase2_screening.csv;audit/phase2_unresolved_triage.csv","FALSE_POSITIVE","DEFERRED_RELEVANT_ADJACENT","ADJACENT_TO_BROADER_REVIEW_BUT_NOT_FULL_TEXT_PRIORITISED_FOR_NARROW_GAP01_GAP03_REPAIR","audit/phase2a1_deferred_records.csv","APPLIED"
"P2A1-CLOSURE-0112","2026-07-31","P2UT-0208","C0226","audit/phase2_screening.csv;audit/phase2_unresolved_triage.csv","FALSE_POSITIVE","DEFERRED_RELEVANT_ADJACENT","ADJACENT_TO_BROADER_REVIEW_BUT_NOT_FULL_TEXT_PRIORITISED_FOR_NARROW_GAP01_GAP03_REPAIR","audit/phase2a1_deferred_records.csv","APPLIED"
"P2A1-CLOSURE-0113","2026-07-31","P2UT-0177","C0228","audit/phase2_screening.csv;audit/phase2_unresolved_triage.csv","FALSE_POSITIVE","DEFERRED_RELEVANT_ADJACENT","ADJACENT_TO_BROADER_REVIEW_BUT_NOT_FULL_TEXT_PRIORITISED_FOR_NARROW_GAP01_GAP03_REPAIR","audit/phase2a1_deferred_records.csv","APPLIED"
"P2A1-CLOSURE-0114","2026-07-31","P2UT-0192","C0234","audit/phase2_screening.csv;audit/phase2_unresolved_triage.csv","FALSE_POSITIVE","FALSE_POSITIVE_CONFIRMED","Record-level title/abstract scope assessment: this is a simulation study of factor-analysis underfactoring and generic fit indices; it addresses neither stable-isotope metabolic tracing nor a transferable experimental-design, composite-testing, mechanism-discrimination, or scientific-software method relevant to this review.","audit/phase2a1_deferred_records.csv","APPLIED"
"P2A1-CLOSURE-0115","2026-07-31","P2UT-0190","C0236","audit/phase2_screening.csv;audit/phase2_unresolved_triage.csv","FALSE_POSITIVE","DEFERRED_RELEVANT_ADJACENT","ADJACENT_TO_BROADER_REVIEW_BUT_NOT_FULL_TEXT_PRIORITISED_FOR_NARROW_GAP01_GAP03_REPAIR","audit/phase2a1_deferred_records.csv","APPLIED"
"P2A1-CLOSURE-0116","2026-07-31","P2UT-0074","C0237","audit/phase2_screening.csv;audit/phase2_unresolved_triage.csv","FALSE_POSITIVE","DEFERRED_RELEVANT_ADJACENT","ADJACENT_TO_BROADER_REVIEW_BUT_NOT_FULL_TEXT_PRIORITISED_FOR_NARROW_GAP01_GAP03_REPAIR","audit/phase2a1_deferred_records.csv","APPLIED"
"P2A1-CLOSURE-0117","2026-07-31","P2UT-0193","C0238","audit/phase2_screening.csv;audit/phase2_unresolved_triage.csv","FALSE_POSITIVE","FALSE_POSITIVE_CONFIRMED","Record-level title/abstract scope assessment: this is an interpretable-machine-learning analysis of generic model-fit indices; it addresses neither stable-isotope metabolic tracing nor a transferable experimental-design, composite-testing, mechanism-discrimination, or scientific-software method relevant to this review.","audit/phase2a1_deferred_records.csv","APPLIED"
"P2A1-CLOSURE-0118","2026-07-31","P2UT-0209","C0243","audit/phase2_screening.csv;audit/phase2_unresolved_triage.csv","FALSE_POSITIVE","DEFERRED_RELEVANT_ADJACENT","ADJACENT_TO_BROADER_REVIEW_BUT_NOT_FULL_TEXT_PRIORITISED_FOR_NARROW_GAP01_GAP03_REPAIR","audit/phase2a1_deferred_records.csv","APPLIED"
"P2A1-CLOSURE-0119","2026-07-31","P2UT-0036","C0244","audit/phase2_screening.csv;audit/phase2_unresolved_triage.csv","FALSE_POSITIVE","DEFERRED_RELEVANT_ADJACENT","ADJACENT_TO_BROADER_REVIEW_BUT_NOT_FULL_TEXT_PRIORITISED_FOR_NARROW_GAP01_GAP03_REPAIR","audit/phase2a1_deferred_records.csv","APPLIED"
"P2A1-CLOSURE-0120","2026-07-31","P2UT-0163","C0245","audit/phase2_screening.csv;audit/phase2_unresolved_triage.csv","FALSE_POSITIVE","DEFERRED_RELEVANT_ADJACENT","ADJACENT_TO_BROADER_REVIEW_BUT_NOT_FULL_TEXT_PRIORITISED_FOR_NARROW_GAP01_GAP03_REPAIR","audit/phase2a1_deferred_records.csv","APPLIED"
"P2A1-CLOSURE-0121","2026-07-31","P2UT-0032","C0246","audit/phase2_screening.csv;audit/phase2_unresolved_triage.csv","FALSE_POSITIVE","DEFERRED_RELEVANT_ADJACENT","ADJACENT_TO_BROADER_REVIEW_BUT_NOT_FULL_TEXT_PRIORITISED_FOR_NARROW_GAP01_GAP03_REPAIR","audit/phase2a1_deferred_records.csv","APPLIED"
"P2A1-CLOSURE-0122","2026-07-31","P2UT-0095","C0247","audit/phase2_screening.csv;audit/phase2_unresolved_triage.csv","FALSE_POSITIVE","DEFERRED_RELEVANT_ADJACENT","ADJACENT_TO_BROADER_REVIEW_BUT_NOT_FULL_TEXT_PRIORITISED_FOR_NARROW_GAP01_GAP03_REPAIR","audit/phase2a1_deferred_records.csv","APPLIED"
"P2A1-CLOSURE-0123","2026-07-31","P2UT-0042","C0248","audit/phase2_screening.csv;audit/phase2_unresolved_triage.csv","FALSE_POSITIVE","DEFERRED_RELEVANT_ADJACENT","ADJACENT_TO_BROADER_REVIEW_BUT_NOT_FULL_TEXT_PRIORITISED_FOR_NARROW_GAP01_GAP03_REPAIR","audit/phase2a1_deferred_records.csv","APPLIED"
"P2A1-CLOSURE-0124","2026-07-31","P2UT-0003","C0250","audit/phase2_screening.csv;audit/phase2_unresolved_triage.csv","FALSE_POSITIVE","DEFERRED_RELEVANT_ADJACENT","ADJACENT_TO_BROADER_REVIEW_BUT_NOT_FULL_TEXT_PRIORITISED_FOR_NARROW_GAP01_GAP03_REPAIR","audit/phase2a1_deferred_records.csv","APPLIED"
"P2A1-CLOSURE-0125","2026-07-31","P2UT-0207","C0251","audit/phase2_screening.csv;audit/phase2_unresolved_triage.csv","FALSE_POSITIVE","DEFERRED_RELEVANT_ADJACENT","ADJACENT_TO_BROADER_REVIEW_BUT_NOT_FULL_TEXT_PRIORITISED_FOR_NARROW_GAP01_GAP03_REPAIR","audit/phase2a1_deferred_records.csv","APPLIED"
"P2A1-CLOSURE-0126","2026-07-31","P2UT-0206","C0252","audit/phase2_screening.csv;audit/phase2_unresolved_triage.csv","FALSE_POSITIVE","DEFERRED_RELEVANT_ADJACENT","ADJACENT_TO_BROADER_REVIEW_BUT_NOT_FULL_TEXT_PRIORITISED_FOR_NARROW_GAP01_GAP03_REPAIR","audit/phase2a1_deferred_records.csv","APPLIED"
"P2A1-CLOSURE-0127","2026-07-31","P2UT-0085","C0253","audit/phase2_screening.csv;audit/phase2_unresolved_triage.csv","FALSE_POSITIVE","DEFERRED_RELEVANT_ADJACENT","ADJACENT_TO_BROADER_REVIEW_BUT_NOT_FULL_TEXT_PRIORITISED_FOR_NARROW_GAP01_GAP03_REPAIR","audit/phase2a1_deferred_records.csv","APPLIED"
"P2A1-CLOSURE-0128","2026-07-31","P2UT-0181","C0267","audit/phase2_screening.csv;audit/phase2_unresolved_triage.csv","FALSE_POSITIVE","DEFERRED_RELEVANT_ADJACENT","ADJACENT_TO_BROADER_REVIEW_BUT_NOT_FULL_TEXT_PRIORITISED_FOR_NARROW_GAP01_GAP03_REPAIR","audit/phase2a1_deferred_records.csv","APPLIED"
"P2A1-CLOSURE-0129","2026-07-31","P2UT-0029","C0287","audit/phase2_screening.csv;audit/phase2_unresolved_triage.csv","FALSE_POSITIVE","DEFERRED_RELEVANT_ADJACENT","ADJACENT_TO_BROADER_REVIEW_BUT_NOT_FULL_TEXT_PRIORITISED_FOR_NARROW_GAP01_GAP03_REPAIR","audit/phase2a1_deferred_records.csv","APPLIED"
"P2A1-CLOSURE-0130","2026-07-31","P2UT-0219","C0326","audit/phase2_screening.csv;audit/phase2_unresolved_triage.csv","FALSE_POSITIVE","DEFERRED_RELEVANT_ADJACENT","ADJACENT_TO_BROADER_REVIEW_BUT_NOT_FULL_TEXT_PRIORITISED_FOR_NARROW_GAP01_GAP03_REPAIR","audit/phase2a1_deferred_records.csv","APPLIED"
"P2A1-CLOSURE-0131","2026-07-31","P2UT-0119","C0327","audit/phase2_screening.csv;audit/phase2_unresolved_triage.csv","FALSE_POSITIVE","DEFERRED_RELEVANT_ADJACENT","ADJACENT_TO_BROADER_REVIEW_BUT_NOT_FULL_TEXT_PRIORITISED_FOR_NARROW_GAP01_GAP03_REPAIR","audit/phase2a1_deferred_records.csv","APPLIED"
"P2A1-CLOSURE-0132","2026-07-31","P2UT-0220","C0328","audit/phase2_screening.csv;audit/phase2_unresolved_triage.csv","FALSE_POSITIVE","DEFERRED_RELEVANT_ADJACENT","ADJACENT_TO_BROADER_REVIEW_BUT_NOT_FULL_TEXT_PRIORITISED_FOR_NARROW_GAP01_GAP03_REPAIR","audit/phase2a1_deferred_records.csv","APPLIED"
"P2A1-CLOSURE-0133","2026-07-31","P2UT-0129","C0329","audit/phase2_screening.csv;audit/phase2_unresolved_triage.csv","FALSE_POSITIVE","DEFERRED_RELEVANT_ADJACENT","ADJACENT_TO_BROADER_REVIEW_BUT_NOT_FULL_TEXT_PRIORITISED_FOR_NARROW_GAP01_GAP03_REPAIR","audit/phase2a1_deferred_records.csv","APPLIED"
"P2A1-CLOSURE-0134","2026-07-31","P2UT-0216","C0330","audit/phase2_screening.csv;audit/phase2_unresolved_triage.csv","FALSE_POSITIVE","DEFERRED_RELEVANT_ADJACENT","ADJACENT_TO_BROADER_REVIEW_BUT_NOT_FULL_TEXT_PRIORITISED_FOR_NARROW_GAP01_GAP03_REPAIR","audit/phase2a1_deferred_records.csv","APPLIED"
"P2A1-CLOSURE-0135","2026-07-31","P2UT-0120","C0331","audit/phase2_screening.csv;audit/phase2_unresolved_triage.csv","FALSE_POSITIVE","DEFERRED_RELEVANT_ADJACENT","ADJACENT_TO_BROADER_REVIEW_BUT_NOT_FULL_TEXT_PRIORITISED_FOR_NARROW_GAP01_GAP03_REPAIR","audit/phase2a1_deferred_records.csv","APPLIED"
"P2A1-CLOSURE-0136","2026-07-31","P2UT-0135","C0332","audit/phase2_screening.csv;audit/phase2_unresolved_triage.csv","FALSE_POSITIVE","DEFERRED_RELEVANT_ADJACENT","ADJACENT_TO_BROADER_REVIEW_BUT_NOT_FULL_TEXT_PRIORITISED_FOR_NARROW_GAP01_GAP03_REPAIR","audit/phase2a1_deferred_records.csv","APPLIED"
"P2A1-CLOSURE-0137","2026-07-31","P2UT-0185","C0333","audit/phase2_screening.csv;audit/phase2_unresolved_triage.csv","FALSE_POSITIVE","DEFERRED_RELEVANT_ADJACENT","ADJACENT_TO_BROADER_REVIEW_BUT_NOT_FULL_TEXT_PRIORITISED_FOR_NARROW_GAP01_GAP03_REPAIR","audit/phase2a1_deferred_records.csv","APPLIED"
"P2A1-CLOSURE-0138","2026-07-31","P2UT-0137","C0334","audit/phase2_screening.csv;audit/phase2_unresolved_triage.csv","FALSE_POSITIVE","DEFERRED_RELEVANT_ADJACENT","ADJACENT_TO_BROADER_REVIEW_BUT_NOT_FULL_TEXT_PRIORITISED_FOR_NARROW_GAP01_GAP03_REPAIR","audit/phase2a1_deferred_records.csv","APPLIED"
"P2A1-CLOSURE-0139","2026-07-31","P2UT-0121","C0335","audit/phase2_screening.csv;audit/phase2_unresolved_triage.csv","FALSE_POSITIVE","DEFERRED_RELEVANT_ADJACENT","ADJACENT_TO_BROADER_REVIEW_BUT_NOT_FULL_TEXT_PRIORITISED_FOR_NARROW_GAP01_GAP03_REPAIR","audit/phase2a1_deferred_records.csv","APPLIED"
"P2A1-CLOSURE-0140","2026-07-31","P2UT-0180","C0336","audit/phase2_screening.csv;audit/phase2_unresolved_triage.csv","FALSE_POSITIVE","DEFERRED_RELEVANT_ADJACENT","ADJACENT_TO_BROADER_REVIEW_BUT_NOT_FULL_TEXT_PRIORITISED_FOR_NARROW_GAP01_GAP03_REPAIR","audit/phase2a1_deferred_records.csv","APPLIED"
"P2A1-CLOSURE-0141","2026-07-31","P2UT-0215","C0338","audit/phase2_screening.csv;audit/phase2_unresolved_triage.csv","FALSE_POSITIVE","DEFERRED_RELEVANT_ADJACENT","ADJACENT_TO_BROADER_REVIEW_BUT_NOT_FULL_TEXT_PRIORITISED_FOR_NARROW_GAP01_GAP03_REPAIR","audit/phase2a1_deferred_records.csv","APPLIED"
"P2A1-CLOSURE-0142","2026-07-31","P2UT-0214","C0339","audit/phase2_screening.csv;audit/phase2_unresolved_triage.csv","FALSE_POSITIVE","DEFERRED_RELEVANT_ADJACENT","ADJACENT_TO_BROADER_REVIEW_BUT_NOT_FULL_TEXT_PRIORITISED_FOR_NARROW_GAP01_GAP03_REPAIR","audit/phase2a1_deferred_records.csv","APPLIED"
"P2A1-CLOSURE-0143","2026-07-31","P2UT-0128","C0340","audit/phase2_screening.csv;audit/phase2_unresolved_triage.csv","FALSE_POSITIVE","DEFERRED_RELEVANT_ADJACENT","ADJACENT_TO_BROADER_REVIEW_BUT_NOT_FULL_TEXT_PRIORITISED_FOR_NARROW_GAP01_GAP03_REPAIR","audit/phase2a1_deferred_records.csv","APPLIED"
"P2A1-CLOSURE-0144","2026-07-31","P2UT-0217","C0341","audit/phase2_screening.csv;audit/phase2_unresolved_triage.csv","FALSE_POSITIVE","DEFERRED_RELEVANT_ADJACENT","ADJACENT_TO_BROADER_REVIEW_BUT_NOT_FULL_TEXT_PRIORITISED_FOR_NARROW_GAP01_GAP03_REPAIR","audit/phase2a1_deferred_records.csv","APPLIED"
"P2A1-CLOSURE-0145","2026-07-31","P2UT-0218","C0342","audit/phase2_screening.csv;audit/phase2_unresolved_triage.csv","FALSE_POSITIVE","DEFERRED_RELEVANT_ADJACENT","ADJACENT_TO_BROADER_REVIEW_BUT_NOT_FULL_TEXT_PRIORITISED_FOR_NARROW_GAP01_GAP03_REPAIR","audit/phase2a1_deferred_records.csv","APPLIED"
"P2A1-CLOSURE-0146","2026-07-31","P2UT-0191","C0343","audit/phase2_screening.csv;audit/phase2_unresolved_triage.csv","FALSE_POSITIVE","DEFERRED_RELEVANT_ADJACENT","ADJACENT_TO_BROADER_REVIEW_BUT_NOT_FULL_TEXT_PRIORITISED_FOR_NARROW_GAP01_GAP03_REPAIR","audit/phase2a1_deferred_records.csv","APPLIED"
"P2A1-CLOSURE-0147","2026-07-31","P2UT-0179","C0350","audit/phase2_screening.csv;audit/phase2_unresolved_triage.csv","FALSE_POSITIVE","DEFERRED_RELEVANT_ADJACENT","ADJACENT_TO_BROADER_REVIEW_BUT_NOT_FULL_TEXT_PRIORITISED_FOR_NARROW_GAP01_GAP03_REPAIR","audit/phase2a1_deferred_records.csv","APPLIED"
"P2A1-CLOSURE-0148","2026-07-31","P2UT-0031","C0405","audit/phase2_screening.csv;audit/phase2_unresolved_triage.csv","FALSE_POSITIVE","DEFERRED_RELEVANT_ADJACENT","ADJACENT_TO_BROADER_REVIEW_BUT_NOT_FULL_TEXT_PRIORITISED_FOR_NARROW_GAP01_GAP03_REPAIR","audit/phase2a1_deferred_records.csv","APPLIED"
"P2A1-CLOSURE-0149","2026-07-31","P2UT-0164","C0477","audit/phase2_screening.csv;audit/phase2_unresolved_triage.csv","FALSE_POSITIVE","DEFERRED_RELEVANT_ADJACENT","ADJACENT_TO_BROADER_REVIEW_BUT_NOT_FULL_TEXT_PRIORITISED_FOR_NARROW_GAP01_GAP03_REPAIR","audit/phase2a1_deferred_records.csv","APPLIED"
"P2A1-CLOSURE-0150","2026-07-31","P2UT-0111","C0478","audit/phase2_screening.csv;audit/phase2_unresolved_triage.csv","FALSE_POSITIVE","DEFERRED_RELEVANT_ADJACENT","ADJACENT_TO_BROADER_REVIEW_BUT_NOT_FULL_TEXT_PRIORITISED_FOR_NARROW_GAP01_GAP03_REPAIR","audit/phase2a1_deferred_records.csv","APPLIED"
"P2A1-CLOSURE-0151","2026-07-31","P2UT-0070","C0480","audit/phase2_screening.csv;audit/phase2_unresolved_triage.csv","FALSE_POSITIVE","DEFERRED_RELEVANT_ADJACENT","ADJACENT_TO_BROADER_REVIEW_BUT_NOT_FULL_TEXT_PRIORITISED_FOR_NARROW_GAP01_GAP03_REPAIR","audit/phase2a1_deferred_records.csv","APPLIED"
"P2A1-CLOSURE-0152","2026-07-31","P2UT-0053","C0481","audit/phase2_screening.csv;audit/phase2_unresolved_triage.csv","FALSE_POSITIVE","DEFERRED_RELEVANT_ADJACENT","ADJACENT_TO_BROADER_REVIEW_BUT_NOT_FULL_TEXT_PRIORITISED_FOR_NARROW_GAP01_GAP03_REPAIR","audit/phase2a1_deferred_records.csv","APPLIED"
"P2A1-CLOSURE-0153","2026-07-31","P2UT-0025","C0482","audit/phase2_screening.csv;audit/phase2_unresolved_triage.csv","FALSE_POSITIVE","DEFERRED_RELEVANT_ADJACENT","ADJACENT_TO_BROADER_REVIEW_BUT_NOT_FULL_TEXT_PRIORITISED_FOR_NARROW_GAP01_GAP03_REPAIR","audit/phase2a1_deferred_records.csv","APPLIED"
"P2A1-CLOSURE-0154","2026-07-31","P2UT-0108","C0486","audit/phase2_screening.csv;audit/phase2_unresolved_triage.csv","FALSE_POSITIVE","DEFERRED_RELEVANT_ADJACENT","ADJACENT_TO_BROADER_REVIEW_BUT_NOT_FULL_TEXT_PRIORITISED_FOR_NARROW_GAP01_GAP03_REPAIR","audit/phase2a1_deferred_records.csv","APPLIED"
"P2A1-CLOSURE-0155","2026-07-31","P2UT-0182","C0487","audit/phase2_screening.csv;audit/phase2_unresolved_triage.csv","FALSE_POSITIVE","DEFERRED_RELEVANT_ADJACENT","ADJACENT_TO_BROADER_REVIEW_BUT_NOT_FULL_TEXT_PRIORITISED_FOR_NARROW_GAP01_GAP03_REPAIR","audit/phase2a1_deferred_records.csv","APPLIED"
"P2A1-CLOSURE-0156","2026-07-31","P2UT-0109","C0488","audit/phase2_screening.csv;audit/phase2_unresolved_triage.csv","FALSE_POSITIVE","DEFERRED_RELEVANT_ADJACENT","ADJACENT_TO_BROADER_REVIEW_BUT_NOT_FULL_TEXT_PRIORITISED_FOR_NARROW_GAP01_GAP03_REPAIR","audit/phase2a1_deferred_records.csv","APPLIED"
"P2A1-CLOSURE-0157","2026-07-31","P2UT-0169","C0489","audit/phase2_screening.csv;audit/phase2_unresolved_triage.csv","FALSE_POSITIVE","DEFERRED_RELEVANT_ADJACENT","ADJACENT_TO_BROADER_REVIEW_BUT_NOT_FULL_TEXT_PRIORITISED_FOR_NARROW_GAP01_GAP03_REPAIR","audit/phase2a1_deferred_records.csv","APPLIED"
"P2A1-CLOSURE-0158","2026-07-31","P2UT-0015","C0490","audit/phase2_screening.csv;audit/phase2_unresolved_triage.csv","FALSE_POSITIVE","DEFERRED_RELEVANT_ADJACENT","ADJACENT_TO_BROADER_REVIEW_BUT_NOT_FULL_TEXT_PRIORITISED_FOR_NARROW_GAP01_GAP03_REPAIR","audit/phase2a1_deferred_records.csv","APPLIED"
"P2A1-CLOSURE-0159","2026-07-31","P2UT-0171","C0491","audit/phase2_screening.csv;audit/phase2_unresolved_triage.csv","FALSE_POSITIVE","DEFERRED_RELEVANT_ADJACENT","ADJACENT_TO_BROADER_REVIEW_BUT_NOT_FULL_TEXT_PRIORITISED_FOR_NARROW_GAP01_GAP03_REPAIR","audit/phase2a1_deferred_records.csv","APPLIED"
"P2A1-CLOSURE-0160","2026-07-31","P2UT-0107","C0493","audit/phase2_screening.csv;audit/phase2_unresolved_triage.csv","FALSE_POSITIVE","DEFERRED_RELEVANT_ADJACENT","ADJACENT_TO_BROADER_REVIEW_BUT_NOT_FULL_TEXT_PRIORITISED_FOR_NARROW_GAP01_GAP03_REPAIR","audit/phase2a1_deferred_records.csv","APPLIED"
"P2A1-CLOSURE-0161","2026-07-31","P2UT-0110","C0495","audit/phase2_screening.csv;audit/phase2_unresolved_triage.csv","FALSE_POSITIVE","DEFERRED_RELEVANT_ADJACENT","ADJACENT_TO_BROADER_REVIEW_BUT_NOT_FULL_TEXT_PRIORITISED_FOR_NARROW_GAP01_GAP03_REPAIR","audit/phase2a1_deferred_records.csv","APPLIED"
"P2A1-CLOSURE-0162","2026-07-31","P2UT-0205","C0496","audit/phase2_screening.csv;audit/phase2_unresolved_triage.csv","FALSE_POSITIVE","DEFERRED_RELEVANT_ADJACENT","ADJACENT_TO_BROADER_REVIEW_BUT_NOT_FULL_TEXT_PRIORITISED_FOR_NARROW_GAP01_GAP03_REPAIR","audit/phase2a1_deferred_records.csv","APPLIED"
"P2A1-CLOSURE-0163","2026-07-31","P2UT-0096","C0497","audit/phase2_screening.csv;audit/phase2_unresolved_triage.csv","FALSE_POSITIVE","DEFERRED_RELEVANT_ADJACENT","ADJACENT_TO_BROADER_REVIEW_BUT_NOT_FULL_TEXT_PRIORITISED_FOR_NARROW_GAP01_GAP03_REPAIR","audit/phase2a1_deferred_records.csv","APPLIED"
"P2A1-CLOSURE-0164","2026-07-31","P2UT-0033","C0525","audit/phase2_screening.csv;audit/phase2_unresolved_triage.csv","FALSE_POSITIVE","DEFERRED_RELEVANT_ADJACENT","ADJACENT_TO_BROADER_REVIEW_BUT_NOT_FULL_TEXT_PRIORITISED_FOR_NARROW_GAP01_GAP03_REPAIR","audit/phase2a1_deferred_records.csv","APPLIED"
"P2A1-CLOSURE-0165","2026-07-31","P2UT-0134","C0611","audit/phase2_screening.csv;audit/phase2_unresolved_triage.csv","FALSE_POSITIVE","DEFERRED_RELEVANT_ADJACENT","ADJACENT_TO_BROADER_REVIEW_BUT_NOT_FULL_TEXT_PRIORITISED_FOR_NARROW_GAP01_GAP03_REPAIR","audit/phase2a1_deferred_records.csv","APPLIED"
"P2A1-CLOSURE-0166","2026-07-31","P2UT-0167","C0617","audit/phase2_screening.csv;audit/phase2_unresolved_triage.csv","FALSE_POSITIVE","DEFERRED_RELEVANT_ADJACENT","ADJACENT_TO_BROADER_REVIEW_BUT_NOT_FULL_TEXT_PRIORITISED_FOR_NARROW_GAP01_GAP03_REPAIR","audit/phase2a1_deferred_records.csv","APPLIED"
"P2A1-CLOSURE-0167","2026-07-31","P2UT-0170","C0622","audit/phase2_screening.csv;audit/phase2_unresolved_triage.csv","FALSE_POSITIVE","DEFERRED_RELEVANT_ADJACENT","ADJACENT_TO_BROADER_REVIEW_BUT_NOT_FULL_TEXT_PRIORITISED_FOR_NARROW_GAP01_GAP03_REPAIR","audit/phase2a1_deferred_records.csv","APPLIED"
"P2A1-CLOSURE-0168","2026-07-31","P2UT-0168","C0623","audit/phase2_screening.csv;audit/phase2_unresolved_triage.csv","FALSE_POSITIVE","DEFERRED_RELEVANT_ADJACENT","ADJACENT_TO_BROADER_REVIEW_BUT_NOT_FULL_TEXT_PRIORITISED_FOR_NARROW_GAP01_GAP03_REPAIR","audit/phase2a1_deferred_records.csv","APPLIED"
"P2A1-CLOSURE-0169","2026-07-31","P2UT-0117","C0624","audit/phase2_screening.csv;audit/phase2_unresolved_triage.csv","FALSE_POSITIVE","DEFERRED_RELEVANT_ADJACENT","ADJACENT_TO_BROADER_REVIEW_BUT_NOT_FULL_TEXT_PRIORITISED_FOR_NARROW_GAP01_GAP03_REPAIR","audit/phase2a1_deferred_records.csv","APPLIED"
"P2A1-CLOSURE-0170","2026-07-31","P2UT-0210","C0625","audit/phase2_screening.csv;audit/phase2_unresolved_triage.csv","FALSE_POSITIVE","DEFERRED_RELEVANT_ADJACENT","ADJACENT_TO_BROADER_REVIEW_BUT_NOT_FULL_TEXT_PRIORITISED_FOR_NARROW_GAP01_GAP03_REPAIR","audit/phase2a1_deferred_records.csv","APPLIED"
"P2A1-CLOSURE-0171","2026-07-31","P2UT-0176","C0698","audit/phase2_screening.csv;audit/phase2_unresolved_triage.csv","FALSE_POSITIVE","DEFERRED_RELEVANT_ADJACENT","ADJACENT_TO_BROADER_REVIEW_BUT_NOT_FULL_TEXT_PRIORITISED_FOR_NARROW_GAP01_GAP03_REPAIR","audit/phase2a1_deferred_records.csv","APPLIED"
"P2A1-CLOSURE-0172","2026-07-31","P2UT-0087","DCL0031","audit/phase2_screening.csv;audit/phase2_unresolved_triage.csv","FALSE_POSITIVE","OUT_OF_SCOPE_FOR_PHASE2A1","OUTSIDE_NARROW_GAP01_GAP03_REPAIR; NOT_EXCLUDED_FROM_BROADER_PHASE2_REVIEW","audit/phase2a1_deferred_records.csv","APPLIED"
"P2A1-CLOSURE-0173","2026-07-31","P2UT-0037","DCL0032","audit/phase2_screening.csv;audit/phase2_unresolved_triage.csv","FALSE_POSITIVE","DEFERRED_RELEVANT_SUPPORTING","DEFERRED_FROM_NARROW_GAP01_GAP03_REPAIR; ORIGINAL_BROADER_PHASE2_RELEVANCE_PRESERVED","audit/phase2a1_deferred_records.csv","APPLIED"
"P2A1-CLOSURE-0174","2026-07-31","P2UT-0049","DCL0037","audit/phase2_screening.csv;audit/phase2_unresolved_triage.csv","FALSE_POSITIVE","DEFERRED_RELEVANT_SUPPORTING","DEFERRED_FROM_NARROW_GAP01_GAP03_REPAIR; ORIGINAL_BROADER_PHASE2_RELEVANCE_PRESERVED","audit/phase2a1_deferred_records.csv","APPLIED"
"P2A1-CLOSURE-0175","2026-07-31","P2UT-0178","DCL0039","audit/phase2_screening.csv;audit/phase2_unresolved_triage.csv","FALSE_POSITIVE","DEFERRED_RELEVANT_SUPPORTING","DEFERRED_FROM_NARROW_GAP01_GAP03_REPAIR; ORIGINAL_BROADER_PHASE2_RELEVANCE_PRESERVED","audit/phase2a1_deferred_records.csv","APPLIED"
"P2A1-CLOSURE-0176","2026-07-31","P2UT-0146","DCL0041","audit/phase2_screening.csv;audit/phase2_unresolved_triage.csv","FALSE_POSITIVE","DEFERRED_RELEVANT_SUPPORTING","DEFERRED_FROM_NARROW_GAP01_GAP03_REPAIR; ORIGINAL_BROADER_PHASE2_RELEVANCE_PRESERVED","audit/phase2a1_deferred_records.csv","APPLIED"
"P2A1-CLOSURE-0177","2026-07-31","P2UT-0030","DCL0047","audit/phase2_screening.csv;audit/phase2_unresolved_triage.csv","FALSE_POSITIVE","DEFERRED_RELEVANT_SUPPORTING","DEFERRED_FROM_NARROW_GAP01_GAP03_REPAIR; ORIGINAL_BROADER_PHASE2_RELEVANCE_PRESERVED","audit/phase2a1_deferred_records.csv","APPLIED"
"P2A1-CLOSURE-0178","2026-07-31","P2UT-0148","DCL0048","audit/phase2_screening.csv;audit/phase2_unresolved_triage.csv","FALSE_POSITIVE","DEFERRED_RELEVANT_SUPPORTING","DEFERRED_FROM_NARROW_GAP01_GAP03_REPAIR; ORIGINAL_BROADER_PHASE2_RELEVANCE_PRESERVED","audit/phase2a1_deferred_records.csv","APPLIED"
"P2A1-CLOSURE-0179","2026-07-31","P2UT-0086","DCL0066","audit/phase2_screening.csv;audit/phase2_unresolved_triage.csv","FALSE_POSITIVE","OUT_OF_SCOPE_FOR_PHASE2A1","OUTSIDE_NARROW_GAP01_GAP03_REPAIR; NOT_EXCLUDED_FROM_BROADER_PHASE2_REVIEW","audit/phase2a1_deferred_records.csv","APPLIED"
"P2A1-CLOSURE-0180","2026-07-31","P2UT-0103","DCL0068","audit/phase2_screening.csv;audit/phase2_unresolved_triage.csv","FALSE_POSITIVE","OUT_OF_SCOPE_FOR_PHASE2A1","OUTSIDE_NARROW_GAP01_GAP03_REPAIR; NOT_EXCLUDED_FROM_BROADER_PHASE2_REVIEW","audit/phase2a1_deferred_records.csv","APPLIED"
"P2A1-CLOSURE-0181","2026-07-31","P2UT-0081","DCL0069","audit/phase2_screening.csv;audit/phase2_unresolved_triage.csv","FALSE_POSITIVE","OUT_OF_SCOPE_FOR_PHASE2A1","OUTSIDE_NARROW_GAP01_GAP03_REPAIR; NOT_EXCLUDED_FROM_BROADER_PHASE2_REVIEW","audit/phase2a1_deferred_records.csv","APPLIED"
"P2A1-CLOSURE-0182","2026-07-31","P2UT-0080","DCL0070","audit/phase2_screening.csv;audit/phase2_unresolved_triage.csv","FALSE_POSITIVE","OUT_OF_SCOPE_FOR_PHASE2A1","OUTSIDE_NARROW_GAP01_GAP03_REPAIR; NOT_EXCLUDED_FROM_BROADER_PHASE2_REVIEW","audit/phase2a1_deferred_records.csv","APPLIED"
"P2A1-CLOSURE-0183","2026-07-31","P2UT-0162","DCL0071","audit/phase2_screening.csv;audit/phase2_unresolved_triage.csv","FALSE_POSITIVE","OUT_OF_SCOPE_FOR_PHASE2A1","OUTSIDE_NARROW_GAP01_GAP03_REPAIR; NOT_EXCLUDED_FROM_BROADER_PHASE2_REVIEW","audit/phase2a1_deferred_records.csv","APPLIED"
"P2A1-CLOSURE-0184","2026-07-31","P2UT-0201","DCL0073","audit/phase2_screening.csv;audit/phase2_unresolved_triage.csv","FALSE_POSITIVE","OUT_OF_SCOPE_FOR_PHASE2A1","OUTSIDE_NARROW_GAP01_GAP03_REPAIR; NOT_EXCLUDED_FROM_BROADER_PHASE2_REVIEW","audit/phase2a1_deferred_records.csv","APPLIED"
"P2A1-CLOSURE-0185","2026-07-31","P2UT-0090","DCL0076","audit/phase2_screening.csv;audit/phase2_unresolved_triage.csv","FALSE_POSITIVE","OUT_OF_SCOPE_FOR_PHASE2A1","OUTSIDE_NARROW_GAP01_GAP03_REPAIR; NOT_EXCLUDED_FROM_BROADER_PHASE2_REVIEW","audit/phase2a1_deferred_records.csv","APPLIED"
"P2A1-CLOSURE-0186","2026-07-31","P2UT-0160","DCL0079","audit/phase2_screening.csv;audit/phase2_unresolved_triage.csv","FALSE_POSITIVE","OUT_OF_SCOPE_FOR_PHASE2A1","OUTSIDE_NARROW_GAP01_GAP03_REPAIR; NOT_EXCLUDED_FROM_BROADER_PHASE2_REVIEW","audit/phase2a1_deferred_records.csv","APPLIED"
"P2A1-CLOSURE-0187","2026-07-31","P2UT-0202","DCL0080","audit/phase2_screening.csv;audit/phase2_unresolved_triage.csv","FALSE_POSITIVE","DEFERRED_RELEVANT_SUPPORTING","DEFERRED_FROM_NARROW_GAP01_GAP03_REPAIR; ORIGINAL_BROADER_PHASE2_RELEVANCE_PRESERVED","audit/phase2a1_deferred_records.csv","APPLIED"
"P2A1-CLOSURE-0188","2026-07-31","P2UT-0203","DCL0082","audit/phase2_screening.csv;audit/phase2_unresolved_triage.csv","FALSE_POSITIVE","OUT_OF_SCOPE_FOR_PHASE2A1","OUTSIDE_NARROW_GAP01_GAP03_REPAIR; NOT_EXCLUDED_FROM_BROADER_PHASE2_REVIEW","audit/phase2a1_deferred_records.csv","APPLIED"
"P2A1-CLOSURE-0189","2026-07-31","P2UT-0079","DCL0083","audit/phase2_screening.csv;audit/phase2_unresolved_triage.csv","FALSE_POSITIVE","OUT_OF_SCOPE_FOR_PHASE2A1","OUTSIDE_NARROW_GAP01_GAP03_REPAIR; NOT_EXCLUDED_FROM_BROADER_PHASE2_REVIEW","audit/phase2a1_deferred_records.csv","APPLIED"
"P2A1-CLOSURE-0190","2026-07-31","P2UT-0140","DCL0087","audit/phase2_screening.csv;audit/phase2_unresolved_triage.csv","FALSE_POSITIVE","OUT_OF_SCOPE_FOR_PHASE2A1","OUTSIDE_NARROW_GAP01_GAP03_REPAIR; NOT_EXCLUDED_FROM_BROADER_PHASE2_REVIEW","audit/phase2a1_deferred_records.csv","APPLIED"
"P2A1-CLOSURE-0191","2026-07-31","P2UT-0002","DCL0091","audit/phase2_screening.csv;audit/phase2_unresolved_triage.csv","FALSE_POSITIVE","OUT_OF_SCOPE_FOR_PHASE2A1","OUTSIDE_NARROW_GAP01_GAP03_REPAIR; NOT_EXCLUDED_FROM_BROADER_PHASE2_REVIEW","audit/phase2a1_deferred_records.csv","APPLIED"
"P2A1-CLOSURE-0192","2026-07-31","P2UT-0010","DCL0094","audit/phase2_screening.csv;audit/phase2_unresolved_triage.csv","FALSE_POSITIVE","OUT_OF_SCOPE_FOR_PHASE2A1","OUTSIDE_NARROW_GAP01_GAP03_REPAIR; NOT_EXCLUDED_FROM_BROADER_PHASE2_REVIEW","audit/phase2a1_deferred_records.csv","APPLIED"
"P2A1-CLOSURE-0193","2026-07-31","P2UT-0009","DCL0098","audit/phase2_screening.csv;audit/phase2_unresolved_triage.csv","FALSE_POSITIVE","OUT_OF_SCOPE_FOR_PHASE2A1","OUTSIDE_NARROW_GAP01_GAP03_REPAIR; NOT_EXCLUDED_FROM_BROADER_PHASE2_REVIEW","audit/phase2a1_deferred_records.csv","APPLIED"
"P2A1-CLOSURE-0194","2026-07-31","P2UT-0011","DCL0099","audit/phase2_screening.csv;audit/phase2_unresolved_triage.csv","FALSE_POSITIVE","OUT_OF_SCOPE_FOR_PHASE2A1","OUTSIDE_NARROW_GAP01_GAP03_REPAIR; NOT_EXCLUDED_FROM_BROADER_PHASE2_REVIEW","audit/phase2a1_deferred_records.csv","APPLIED"
"P2A1-CLOSURE-0195","2026-07-31","P2UT-0094","DCL0103","audit/phase2_screening.csv;audit/phase2_unresolved_triage.csv","FALSE_POSITIVE","DEFERRED_RELEVANT_SUPPORTING","DEFERRED_FROM_NARROW_GAP01_GAP03_REPAIR; ORIGINAL_BROADER_PHASE2_RELEVANCE_PRESERVED","audit/phase2a1_deferred_records.csv","APPLIED"
"P2A1-CLOSURE-0196","2026-07-31","P2UT-0188","DCL0106","audit/phase2_screening.csv;audit/phase2_unresolved_triage.csv","FALSE_POSITIVE","OUT_OF_SCOPE_FOR_PHASE2A1","OUTSIDE_NARROW_GAP01_GAP03_REPAIR; NOT_EXCLUDED_FROM_BROADER_PHASE2_REVIEW","audit/phase2a1_deferred_records.csv","APPLIED"
"P2A1-CLOSURE-0197","2026-07-31","P2UT-0147","DCL0108","audit/phase2_screening.csv;audit/phase2_unresolved_triage.csv","FALSE_POSITIVE","OUT_OF_SCOPE_FOR_PHASE2A1","OUTSIDE_NARROW_GAP01_GAP03_REPAIR; NOT_EXCLUDED_FROM_BROADER_PHASE2_REVIEW","audit/phase2a1_deferred_records.csv","APPLIED"
"P2A1-CLOSURE-0198","2026-07-31","P2UT-0007","DCL0111","audit/phase2_screening.csv;audit/phase2_unresolved_triage.csv","FALSE_POSITIVE","OUT_OF_SCOPE_FOR_PHASE2A1","OUTSIDE_NARROW_GAP01_GAP03_REPAIR; NOT_EXCLUDED_FROM_BROADER_PHASE2_REVIEW","audit/phase2a1_deferred_records.csv","APPLIED"
"P2A1-CLOSURE-0199","2026-07-31","P2UT-0236","E-D0006","audit/phase2_screening.csv;audit/phase2_unresolved_triage.csv","FALSE_POSITIVE","DEFERRED_RELEVANT_SUPPORTING","DEFERRED_FROM_NARROW_GAP01_GAP03_REPAIR; ORIGINAL_BROADER_PHASE2_RELEVANCE_PRESERVED","audit/phase2a1_deferred_records.csv","APPLIED"
"P2A1-CLOSURE-0200","2026-07-31","P2UT-0239","E-D0007","audit/phase2_screening.csv;audit/phase2_unresolved_triage.csv","FALSE_POSITIVE","DEFERRED_RELEVANT_SUPPORTING","DEFERRED_FROM_NARROW_GAP01_GAP03_REPAIR; ORIGINAL_BROADER_PHASE2_RELEVANCE_PRESERVED","audit/phase2a1_deferred_records.csv","APPLIED"
"P2A1-CLOSURE-0201","2026-07-31","P2UT-0238","E-D0008","audit/phase2_screening.csv;audit/phase2_unresolved_triage.csv","FALSE_POSITIVE","DEFERRED_RELEVANT_SUPPORTING","DEFERRED_FROM_NARROW_GAP01_GAP03_REPAIR; ORIGINAL_BROADER_PHASE2_RELEVANCE_PRESERVED","audit/phase2a1_deferred_records.csv","APPLIED"
"P2A1-CLOSURE-0202","2026-07-31","P2UT-0235","E-D0011","audit/phase2_screening.csv;audit/phase2_unresolved_triage.csv","FALSE_POSITIVE","DEFERRED_RELEVANT_SUPPORTING","DEFERRED_FROM_NARROW_GAP01_GAP03_REPAIR; ORIGINAL_BROADER_PHASE2_RELEVANCE_PRESERVED","audit/phase2a1_deferred_records.csv","APPLIED"
"P2A1-CLOSURE-0203","2026-07-31","P2UT-0234","E-D0012","audit/phase2_screening.csv;audit/phase2_unresolved_triage.csv","FALSE_POSITIVE","DEFERRED_RELEVANT_SUPPORTING","DEFERRED_FROM_NARROW_GAP01_GAP03_REPAIR; ORIGINAL_BROADER_PHASE2_RELEVANCE_PRESERVED","audit/phase2a1_deferred_records.csv","APPLIED"
"P2A1-CLOSURE-0204","2026-07-31","P2UT-0237","E-D0013","audit/phase2_screening.csv;audit/phase2_unresolved_triage.csv","FALSE_POSITIVE","DEFERRED_RELEVANT_SUPPORTING","DEFERRED_FROM_NARROW_GAP01_GAP03_REPAIR; ORIGINAL_BROADER_PHASE2_RELEVANCE_PRESERVED","audit/phase2a1_deferred_records.csv","APPLIED"
"P2A1-CLOSURE-0205","2026-07-31","P2UT-0151","E-D0014","audit/phase2_screening.csv;audit/phase2_unresolved_triage.csv","FALSE_POSITIVE","DEFERRED_RELEVANT_SUPPORTING","DEFERRED_FROM_NARROW_GAP01_GAP03_REPAIR; ORIGINAL_BROADER_PHASE2_RELEVANCE_PRESERVED","audit/phase2a1_deferred_records.csv","APPLIED"
"P2A1-CLOSURE-0206","2026-07-31","P2UT-0116","E-D0054","audit/phase2_screening.csv;audit/phase2_unresolved_triage.csv","FALSE_POSITIVE","OUT_OF_SCOPE_FOR_PHASE2A1","OUTSIDE_NARROW_GAP01_GAP03_REPAIR; NOT_EXCLUDED_FROM_BROADER_PHASE2_REVIEW","audit/phase2a1_deferred_records.csv","APPLIED"
"P2A1-CLOSURE-0207","2026-07-31","P2UT-0104","E-D0065","audit/phase2_screening.csv;audit/phase2_unresolved_triage.csv","FALSE_POSITIVE","OUT_OF_SCOPE_FOR_PHASE2A1","OUTSIDE_NARROW_GAP01_GAP03_REPAIR; NOT_EXCLUDED_FROM_BROADER_PHASE2_REVIEW","audit/phase2a1_deferred_records.csv","APPLIED"
"P2A1-CLOSURE-0208","2026-07-31","P2UT-0227","E-D0074","audit/phase2_screening.csv;audit/phase2_unresolved_triage.csv","FALSE_POSITIVE","OUT_OF_SCOPE_FOR_PHASE2A1","OUTSIDE_NARROW_GAP01_GAP03_REPAIR; NOT_EXCLUDED_FROM_BROADER_PHASE2_REVIEW","audit/phase2a1_deferred_records.csv","APPLIED"
"P2A1-CLOSURE-0209","2026-07-31","P2UT-0228","E-D0075","audit/phase2_screening.csv;audit/phase2_unresolved_triage.csv","FALSE_POSITIVE","OUT_OF_SCOPE_FOR_PHASE2A1","OUTSIDE_NARROW_GAP01_GAP03_REPAIR; NOT_EXCLUDED_FROM_BROADER_PHASE2_REVIEW","audit/phase2a1_deferred_records.csv","APPLIED"
"P2A1-CLOSURE-0210","2026-07-31","P2UT-0240","E-D0076","audit/phase2_screening.csv;audit/phase2_unresolved_triage.csv","FALSE_POSITIVE","OUT_OF_SCOPE_FOR_PHASE2A1","OUTSIDE_NARROW_GAP01_GAP03_REPAIR; NOT_EXCLUDED_FROM_BROADER_PHASE2_REVIEW","audit/phase2a1_deferred_records.csv","APPLIED"
"P2A1-CLOSURE-0211","2026-07-31","P2UT-0241","E-D0077","audit/phase2_screening.csv;audit/phase2_unresolved_triage.csv","FALSE_POSITIVE","OUT_OF_SCOPE_FOR_PHASE2A1","OUTSIDE_NARROW_GAP01_GAP03_REPAIR; NOT_EXCLUDED_FROM_BROADER_PHASE2_REVIEW","audit/phase2a1_deferred_records.csv","APPLIED"
"P2A1-CLOSURE-0212","2026-07-31","P2UT-0229","E-D0078","audit/phase2_screening.csv;audit/phase2_unresolved_triage.csv","FALSE_POSITIVE","OUT_OF_SCOPE_FOR_PHASE2A1","OUTSIDE_NARROW_GAP01_GAP03_REPAIR; NOT_EXCLUDED_FROM_BROADER_PHASE2_REVIEW","audit/phase2a1_deferred_records.csv","APPLIED"
"P2A1-CLOSURE-0213","2026-07-31","P2UT-0133","E-D0088","audit/phase2_screening.csv;audit/phase2_unresolved_triage.csv","FALSE_POSITIVE","DEFERRED_RELEVANT_SUPPORTING","DEFERRED_FROM_NARROW_GAP01_GAP03_REPAIR; ORIGINAL_BROADER_PHASE2_RELEVANCE_PRESERVED","audit/phase2a1_deferred_records.csv","APPLIED"
"P2A1-CLOSURE-0214","2026-07-31","P2UT-0224","E-D0094","audit/phase2_screening.csv;audit/phase2_unresolved_triage.csv","FALSE_POSITIVE","DEFERRED_RELEVANT_SUPPORTING","DEFERRED_FROM_NARROW_GAP01_GAP03_REPAIR; ORIGINAL_BROADER_PHASE2_RELEVANCE_PRESERVED","audit/phase2a1_deferred_records.csv","APPLIED"
"P2A1-CLOSURE-0215","2026-07-31","P2UT-0149","E-D0095","audit/phase2_screening.csv;audit/phase2_unresolved_triage.csv","FALSE_POSITIVE","DEFERRED_RELEVANT_SUPPORTING","DEFERRED_FROM_NARROW_GAP01_GAP03_REPAIR; ORIGINAL_BROADER_PHASE2_RELEVANCE_PRESERVED","audit/phase2a1_deferred_records.csv","APPLIED"
"P2A1-CLOSURE-0216","2026-07-31","P2UT-0230","E-D0096","audit/phase2_screening.csv;audit/phase2_unresolved_triage.csv","FALSE_POSITIVE","DEFERRED_RELEVANT_SUPPORTING","DEFERRED_FROM_NARROW_GAP01_GAP03_REPAIR; ORIGINAL_BROADER_PHASE2_RELEVANCE_PRESERVED","audit/phase2a1_deferred_records.csv","APPLIED"
