"workstream_record_id","search_source","query_id","search_date","title","authors","year","doi_or_identifier","source_native_id","duplicate_group","screening_state","exclusion_reason","evidence_level","final_corpus_id","notes"
"A0001","PubMed","PHASE2-SEARCH-0001","2026-07-31","Robustifying Experimental Tracer Design for(13)C-Metabolic Flux Analysis.","Beyß M; Parra-Peña VD; Ramirez-Malule H; Nöh K","2021","10.3389/fbioe.2021.685323","PMID:34239861","A-DUP-0001","FULL_TEXT_INCLUDED","","LEVEL_1_LOAD_BEARING","P0009","Prospective Workstream A screening; API result-rank set preserved in raw snapshot."
"A0002","PubMed","PHASE2-SEARCH-0001","2026-07-31","A Pareto approach to resolve the conflict between information gain and experimental costs: Multiple-criteria design of carbon labeling experiments.","Nöh K; Niedenführ S; Beyß M; Wiechert W","2018","10.1371/journal.pcbi.1006533","PMID:30379837","A-DUP-0002","FULL_TEXT_INCLUDED","","LEVEL_1_LOAD_BEARING","P0036","Prospective Workstream A screening; API result-rank set preserved in raw snapshot."
"A0003","PubMed","PHASE2-SEARCH-0001","2026-07-31","IsoDesign: a software for optimizing the design of 13C-metabolic flux analysis experiments.","Millard P; Sokol S; Letisse F; Portais JC","2014","10.1002/bit.24997","PMID:23893473","A-DUP-0003","TITLE_ABSTRACT_INCLUDED","","LEVEL_2_SUPPORTING","","Prospective Workstream A screening; API result-rank set preserved in raw snapshot. Abstract-level software/design lead; no load-bearing claim."
"A0004","PubMed","PHASE2-SEARCH-0001","2026-07-31","Rational design of ¹³C-labeling experiments for metabolic flux analysis in mammalian cells.","Crown SB; Ahn WS; Antoniewicz MR","2012","10.1186/1752-0509-6-43","PMID:22591686","A-DUP-0004","FULL_TEXT_INCLUDED","","LEVEL_1_LOAD_BEARING","P0006","Prospective Workstream A screening; API result-rank set preserved in raw snapshot."
"A0005","PubMed","PHASE2-SEARCH-0001","2026-07-31","Collisional fragmentation of central carbon metabolites in LC-MS/MS increases precision of ¹³C metabolic flux analysis.","Rühl M; Rupp B; Nöh K; Wiechert W; Sauer U; Zamboni N","2012","10.1002/bit.24344","PMID:22012626","A-DUP-0005","TITLE_ABSTRACT_INCLUDED","","LEVEL_2_SUPPORTING","","Prospective Workstream A screening; API result-rank set preserved in raw snapshot. Direct measurement-fragmentation lead relevant to measurement design."
"A0006","PubMed","PHASE2-SEARCH-0001","2026-07-31","OpenFLUX: efficient modelling software for 13C-based metabolic flux analysis.","Quek LE; Wittmann C; Nielsen LK; Krömer JO","2009","10.1186/1475-2859-8-25","PMID:19409084","A-DUP-0006","TITLE_ABSTRACT_EXCLUDED","NO_GENERALISABLE_EXPERIMENTAL_DESIGN_METHOD","LEVEL_3_DISCOVERY_ONLY","","Prospective Workstream A screening; API result-rank set preserved in raw snapshot."
"A0007","PubMed","PHASE2-SEARCH-0001","2026-07-31","Experimental design principles for isotopically instationary 13C labeling experiments.","Nöh K; Wiechert W","2006","PMID:16598793","PMID:16598793","A-DUP-0007","TITLE_ABSTRACT_INCLUDED","","LEVEL_2_SUPPORTING","","Prospective Workstream A screening; API result-rank set preserved in raw snapshot."
"A0008","PubMed","PHASE2-SEARCH-0001","2026-07-31","Theoretical aspects of 13C metabolic flux analysis with sole quantification of carbon dioxide labeling.","Yang TH; Heinzle E; Wittmann C","2005","PMID:15833440","PMID:15833440","A-DUP-0008","TITLE_ABSTRACT_EXCLUDED","NO_GENERALISABLE_EXPERIMENTAL_DESIGN_METHOD","LEVEL_3_DISCOVERY_ONLY","","Prospective Workstream A screening; API result-rank set preserved in raw snapshot."
"A0009","PubMed","PHASE2-SEARCH-0001","2026-07-31","A universal framework for 13C metabolic flux analysis.","Wiechert W; Möllney M; Petersen S; de Graaf AA","2001","PMID:11461148","PMID:11461148","A-DUP-0009","TITLE_ABSTRACT_EXCLUDED","NO_GENERALISABLE_EXPERIMENTAL_DESIGN_METHOD","LEVEL_3_DISCOVERY_ONLY","","Prospective Workstream A screening; API result-rank set preserved in raw snapshot."
"A0010","OpenAlex","PHASE2-SEARCH-0002","2026-07-31","Rational design of 13C-labeling experiments for metabolic flux analysis in mammalian cells","Scott B. Crown; Woo Suk Ahn; Maciek R. Antoniewicz","2012","10.1186/1752-0509-6-43","https://openalex.org/W2008421457","A-DUP-0004","DUPLICATE","DUPLICATE_RECORD_RETURNED_BY_EARLIER_PHASE2A_QUERY","LEVEL_3_DISCOVERY_ONLY","P0006","Prospective Workstream A screening; API result-rank set preserved in raw snapshot."
"A0011","OpenAlex","PHASE2-SEARCH-0002","2026-07-31","Optimization of 13C isotopic tracers for metabolic flux analysis in mammalian cells","Jason L. Walther; Christian M. Metallo; Jie Zhang; Gregory Stephanopoulos","2011","10.1016/j.ymben.2011.12.004","https://openalex.org/W1999612141","A-DUP-0010","FULL_TEXT_INCLUDED","","LEVEL_1_LOAD_BEARING","P0007","Prospective Workstream A screening; API result-rank set preserved in raw snapshot."
"A0012","OpenAlex","PHASE2-SEARCH-0002","2026-07-31","13C Metabolic Flux Analysis Identifies an Unusual Route for Pyruvate Dissimilation in Mycobacteria which Requires Isocitrate Lyase and Carbon Dioxide Fixation","Dany J. V. Beste; Bhushan Bonde; N. Hawkins; Jane L. Ward; Michael H. Beale; Stephan Noack; Katharina Nöh; Nicholas J. Kruger; R. George Ratcliffe; Johnjoe McFadden","2011","10.1371/journal.ppat.1002091","https://openalex.org/W2024455490","A-DUP-0011","TITLE_ABSTRACT_EXCLUDED","NO_GENERALISABLE_EXPERIMENTAL_DESIGN_METHOD","LEVEL_3_DISCOVERY_ONLY","","Prospective Workstream A screening; API result-rank set preserved in raw snapshot."
"A0013","OpenAlex","PHASE2-SEARCH-0002","2026-07-31","SUMOFLUX: A Generalized Method for Targeted 13C Metabolic Flux Ratio Analysis","Maria Zimmermann‐Kogadeeva; Nicola Zamboni","2016","10.1371/journal.pcbi.1005109","https://openalex.org/W2520030234","A-DUP-0012","TITLE_ABSTRACT_EXCLUDED","NO_GENERALISABLE_EXPERIMENTAL_DESIGN_METHOD","LEVEL_3_DISCOVERY_ONLY","","Prospective Workstream A screening; API result-rank set preserved in raw snapshot."
"A0014","OpenAlex","PHASE2-SEARCH-0002","2026-07-31","Fructose metabolism in humans – what isotopic tracer studies tell us","Sam Z. Sun; Mark W. Empie","2012","10.1186/1743-7075-9-89","https://openalex.org/W2104918317","A-DUP-0013","TITLE_ABSTRACT_INCLUDED","","LEVEL_2_SUPPORTING","","Prospective Workstream A screening; API result-rank set preserved in raw snapshot."
"A0015","OpenAlex","PHASE2-SEARCH-0002","2026-07-31","The Protein Cost of Metabolic Fluxes: Prediction from Enzymatic Rate Laws and Cost Minimization","Εlad Noor; Avi I. Flamholz; Arren Bar‐Even; Dan Davidi; Ron Milo; Wolfram Liebermeister","2016","10.1371/journal.pcbi.1005167","https://openalex.org/W2312280072","A-DUP-0014","TITLE_ABSTRACT_EXCLUDED","NO_GENERALISABLE_EXPERIMENTAL_DESIGN_METHOD","LEVEL_3_DISCOVERY_ONLY","","Prospective Workstream A screening; API result-rank set preserved in raw snapshot."
"A0016","OpenAlex","PHASE2-SEARCH-0002","2026-07-31","A comprehensive metabolic profile of cultured astrocytes using isotopic transient metabolic flux analysis and 13C-labeled glucose","Ana I. Amaral","2011","10.3389/fnene.2011.00005","https://openalex.org/W1985651814","A-DUP-0015","TITLE_ABSTRACT_EXCLUDED","NO_GENERALISABLE_EXPERIMENTAL_DESIGN_METHOD","LEVEL_3_DISCOVERY_ONLY","","Prospective Workstream A screening; API result-rank set preserved in raw snapshot."
"A0017","OpenAlex","PHASE2-SEARCH-0002","2026-07-31","Isotopically nonstationary metabolic flux analysis (INST-MFA): putting theory into practice","Yi Ern Cheah; Jamey D. Young","2018","10.1016/j.copbio.2018.02.013","https://openalex.org/W2806788718","A-DUP-0016","TITLE_ABSTRACT_INCLUDED","","LEVEL_2_SUPPORTING","","Prospective Workstream A screening; API result-rank set preserved in raw snapshot."
"A0018","OpenAlex","PHASE2-SEARCH-0002","2026-07-31","Rapid Analysis of Glycolytic and Oxidative Substrate Flux of Cancer Cells in a Microplate","Lisa Winer; Min Wu","2014","10.1371/journal.pone.0109916","https://openalex.org/W2002215164","A-DUP-0017","TITLE_ABSTRACT_EXCLUDED","UNRELATED_TO_13C_MFA_EXPERIMENTAL_DESIGN","LEVEL_3_DISCOVERY_ONLY","","Prospective Workstream A screening; API result-rank set preserved in raw snapshot."
"A0019","OpenAlex","PHASE2-SEARCH-0002","2026-07-31","13C labeling experiments at metabolic nonstationary conditions: An exploratory study","A. Wahl; Katharina Nöh; Wolfgang Wiechert","2008","10.1186/1471-2105-9-152","https://openalex.org/W1992812133","A-DUP-0018","TITLE_ABSTRACT_INCLUDED","","LEVEL_2_SUPPORTING","P0046","Prospective Workstream A screening; API result-rank set preserved in raw snapshot."
"A0020","OpenAlex","PHASE2-SEARCH-0002","2026-07-31","13C metabolic flux analysis-guided metabolic engineering of Escherichia coli for improved acetol production from glycerol","Ruilian Yao; Jiawei Li; Lei Feng; Xuehong Zhang; Hongbo Hu","2019","10.1186/s13068-019-1372-4","https://openalex.org/W2914029604","A-DUP-0019","TITLE_ABSTRACT_EXCLUDED","NO_GENERALISABLE_EXPERIMENTAL_DESIGN_METHOD","LEVEL_3_DISCOVERY_ONLY","","Prospective Workstream A screening; API result-rank set preserved in raw snapshot."
"A0021","OpenAlex","PHASE2-SEARCH-0002","2026-07-31","OpenFLUX2: 13C-MFA modeling software package adjusted for the comprehensive analysis of single and parallel labeling experiments","М.С. Шуплецов; L. I. Golubeva; Svetlana S Rubina; Dmitry A Podvyaznikov; Shintaro Iwatani; Sergey V. Mashko","2014","10.1186/s12934-014-0152-x","https://openalex.org/W2127636197","A-DUP-0020","TITLE_ABSTRACT_INCLUDED","","LEVEL_2_SUPPORTING","","Prospective Workstream A screening; API result-rank set preserved in raw snapshot."
"A0022","OpenAlex","PHASE2-SEARCH-0002","2026-07-31","Metabolic flux analysis in Ashbya gossypii using 13C-labeled yeast extract: industrial riboflavin production under complex nutrient conditions","Susanne Katharina Schwechheimer; Judith Becker; Lindsay Peyriga; Jean‐Charles Portais; Christoph Wittmann","2018","10.1186/s12934-018-1003-y","https://openalex.org/W2898008780","A-DUP-0021","TITLE_ABSTRACT_EXCLUDED","NO_GENERALISABLE_EXPERIMENTAL_DESIGN_METHOD","LEVEL_3_DISCOVERY_ONLY","","Prospective Workstream A screening; API result-rank set preserved in raw snapshot."
"A0023","OpenAlex","PHASE2-SEARCH-0002","2026-07-31","Tracing metabolic flux in vivo: basic model structures of tracer methodology","Il‐Young Kim; Sanghee Park; Yeongmin Kim; HeeJoo Kim; Robert R. Wolfe","2022","10.1038/s12276-022-00814-z","https://openalex.org/W4295079513","A-DUP-0022","TITLE_ABSTRACT_EXCLUDED","NO_GENERALISABLE_EXPERIMENTAL_DESIGN_METHOD","LEVEL_3_DISCOVERY_ONLY","","Prospective Workstream A screening; API result-rank set preserved in raw snapshot."
"A0024","OpenAlex","PHASE2-SEARCH-0002","2026-07-31","Flux-P: Automating Metabolic Flux Analysis","Birgitta E. Ebert; Anna-Lena Lamprecht; Bernhard Steffen; Lars M. Blank","2012","10.3390/metabo2040872","https://openalex.org/W2070395061","A-DUP-0023","TITLE_ABSTRACT_EXCLUDED","NO_GENERALISABLE_EXPERIMENTAL_DESIGN_METHOD","LEVEL_3_DISCOVERY_ONLY","","Prospective Workstream A screening; API result-rank set preserved in raw snapshot."
"A0025","OpenAlex","PHASE2-SEARCH-0002","2026-07-31","The return of metabolism: biochemistry and physiology of the pentose phosphate pathway","Anna Stincone; Alessandro Prigione; Thorsten Cramer; Mirjam M. C. Wamelink; Kate Campbell; Eric C. Cheung; Viridiana Olín‐Sandoval; Nana‐Maria Grüning; Antje Krüger; Mohammad Tauqeer Alam; Markus A. Keller; Michael Breitenbach; Kevin M. Brindle; Joshua D. Rabinowitz; Markus Ralser","2014","10.1111/brv.12140","https://openalex.org/W1673751863","A-DUP-0024","TITLE_ABSTRACT_EXCLUDED","NO_GENERALISABLE_EXPERIMENTAL_DESIGN_METHOD","LEVEL_3_DISCOVERY_ONLY","","Prospective Workstream A screening; API result-rank set preserved in raw snapshot."
"A0026","OpenAlex","PHASE2-SEARCH-0002","2026-07-31","IsoDesign: A software for optimizing the design of <sup>13</sup>C‐metabolic flux analysis experiments","Pierre Millard; Sergueï Sokol; Fabien Létisse; Jean‐Charles Portais","2013","10.1002/bit.24997","https://openalex.org/W2096303998","A-DUP-0003","DUPLICATE","DUPLICATE_RECORD_RETURNED_BY_EARLIER_PHASE2A_QUERY","LEVEL_3_DISCOVERY_ONLY","","Prospective Workstream A screening; API result-rank set preserved in raw snapshot. Abstract-level software/design lead; no load-bearing claim."
"A0027","OpenAlex","PHASE2-SEARCH-0002","2026-07-31","Metabolic Labeling of Proteins for Proteomics","Robert J. Beynon; Julie M. Pratt","2005","10.1074/mcp.r400010-mcp200","https://openalex.org/W2046602608","A-DUP-0025","TITLE_ABSTRACT_EXCLUDED","NO_GENERALISABLE_EXPERIMENTAL_DESIGN_METHOD","LEVEL_3_DISCOVERY_ONLY","","Prospective Workstream A screening; API result-rank set preserved in raw snapshot."
"A0028","OpenAlex","PHASE2-SEARCH-0002","2026-07-31","Model validation and selection in metabolic flux analysis and flux balance analysis","Joshua A. M. Kaste; Yair Shachar‐Hill","2023","10.1002/btpr.3413","https://openalex.org/W4361304224","A-DUP-0026","TITLE_ABSTRACT_EXCLUDED","NO_GENERALISABLE_EXPERIMENTAL_DESIGN_METHOD","LEVEL_3_DISCOVERY_ONLY","","Prospective Workstream A screening; API result-rank set preserved in raw snapshot."
"A0029","OpenAlex","PHASE2-SEARCH-0002","2026-07-31","Metabolic flux analysis: a comprehensive review on sample preparation, analytical techniques, data analysis, computational modelling, and main application areas","Bruna de Falco; Francesco Giannino; Fabrizio Cartenì; Stefano Mazzoleni; Dong‐Hyun Kim","2022","10.1039/d2ra03326g","https://openalex.org/W4294934919","A-DUP-0027","TITLE_ABSTRACT_EXCLUDED","SECONDARY_SOURCE_NOT_RETAINED_FOR_PRIMARY_METHOD_EVIDENCE","LEVEL_3_DISCOVERY_ONLY","","Prospective Workstream A screening; API result-rank set preserved in raw snapshot."
"A0030","OpenAlex","PHASE2-SEARCH-0002","2026-07-31","Metabolic Modelling as a Framework for Metabolomics Data Integration and Analysis","Svetlana Volkova; Marta R. A. Matos; Matthias Mattanovich; Igor Marín de Mas","2020","10.3390/metabo10080303","https://openalex.org/W3044317230","A-DUP-0028","TITLE_ABSTRACT_EXCLUDED","NO_GENERALISABLE_EXPERIMENTAL_DESIGN_METHOD","LEVEL_3_DISCOVERY_ONLY","","Prospective Workstream A screening; API result-rank set preserved in raw snapshot."
"A0031","OpenAlex","PHASE2-SEARCH-0002","2026-07-31","Comparative Genome-Scale Reconstruction of Gapless Metabolic Networks for Present and Ancestral Species","Esa Pitkänen; Paula Jouhten; Jian Hou; Muhammad Fahad Syed; Peter Blomberg; Jana Kludas; Merja Oja; Liisa Holm; Merja Penttilä; Juho Rousu; Mikko Arvas","2014","10.1371/journal.pcbi.1003465","https://openalex.org/W2084503127","A-DUP-0029","TITLE_ABSTRACT_EXCLUDED","UNRELATED_TO_13C_MFA_EXPERIMENTAL_DESIGN","LEVEL_3_DISCOVERY_ONLY","","Prospective Workstream A screening; API result-rank set preserved in raw snapshot."
"A0032","OpenAlex","PHASE2-SEARCH-0002","2026-07-31","13C-metabolic flux analysis of Clostridium ljungdahlii illuminates its core metabolism under mixotrophic culture conditions","Michael L. Dahle; Eleftherios T. Papoutsakis; Maciek R. Antoniewicz","2022","10.1016/j.ymben.2022.03.011","https://openalex.org/W4220909530","A-DUP-0030","TITLE_ABSTRACT_EXCLUDED","NO_GENERALISABLE_EXPERIMENTAL_DESIGN_METHOD","LEVEL_3_DISCOVERY_ONLY","","Prospective Workstream A screening; API result-rank set preserved in raw snapshot."
"A0033","OpenAlex","PHASE2-SEARCH-0002","2026-07-31","Visual workflows for 13 C-metabolic flux analysis","Katharina Nöh; Peter Droste; Wolfgang Wiechert","2014","10.1093/bioinformatics/btu585","https://openalex.org/W2150071383","A-DUP-0031","TITLE_ABSTRACT_EXCLUDED","NO_GENERALISABLE_EXPERIMENTAL_DESIGN_METHOD","LEVEL_3_DISCOVERY_ONLY","","Prospective Workstream A screening; API result-rank set preserved in raw snapshot."
"A0034","OpenAlex","PHASE2-SEARCH-0002","2026-07-31","Dissecting the genetic and metabolic mechanisms of adaptation to the knockout of a major metabolic enzyme in <i>Escherichia coli</i>","Christopher P. Long; Jacqueline E. Gonzalez; Adam M. Feist; Bernhard Ø. Palsson; Maciek R. Antoniewicz","2017","10.1073/pnas.1716056115","https://openalex.org/W2779511151","A-DUP-0032","TITLE_ABSTRACT_EXCLUDED","UNRELATED_TO_13C_MFA_EXPERIMENTAL_DESIGN","LEVEL_3_DISCOVERY_ONLY","","Prospective Workstream A screening; API result-rank set preserved in raw snapshot."
"A0035","PubMed","PHASE2-SEARCH-0003","2026-07-31","A Pareto approach to resolve the conflict between information gain and experimental costs: Multiple-criteria design of carbon labeling experiments.","Nöh K; Niedenführ S; Beyß M; Wiechert W","2018","10.1371/journal.pcbi.1006533","PMID:30379837","A-DUP-0002","DUPLICATE","DUPLICATE_RECORD_RETURNED_BY_EARLIER_PHASE2A_QUERY","LEVEL_3_DISCOVERY_ONLY","P0036","Prospective Workstream A screening; API result-rank set preserved in raw snapshot."
"A0036","OpenAlex","PHASE2-SEARCH-0004","2026-07-31","Metabolic networks in motion: 13C‐based flux analysis","Uwe Sauer","2006","10.1038/msb4100109","https://openalex.org/W2160079005","A-DUP-0033","TITLE_ABSTRACT_EXCLUDED","UNRELATED_TO_13C_MFA_EXPERIMENTAL_DESIGN","LEVEL_3_DISCOVERY_ONLY","","Prospective Workstream A screening; API result-rank set preserved in raw snapshot."
"A0037","OpenAlex","PHASE2-SEARCH-0004","2026-07-31","A guide to 13C metabolic flux analysis for the cancer biologist","Maciek R. Antoniewicz","2018","10.1038/s12276-018-0060-y","https://openalex.org/W2796927648","A-DUP-0034","TITLE_ABSTRACT_EXCLUDED","SECONDARY_SOURCE_NOT_RETAINED_FOR_PRIMARY_METHOD_EVIDENCE","LEVEL_3_DISCOVERY_ONLY","","Prospective Workstream A screening; API result-rank set preserved in raw snapshot."
"A0038","OpenAlex","PHASE2-SEARCH-0004","2026-07-31","Towards better understanding of industrial cell factories: novel approaches for 13C metabolic flux analysis in complex nutrient environments","Susanne Katharina Schwechheimer; Judith Becker; Christoph Wittmann","2018","10.1016/j.copbio.2018.07.001","https://openalex.org/W2887708028","A-DUP-0035","TITLE_ABSTRACT_EXCLUDED","NO_GENERALISABLE_EXPERIMENTAL_DESIGN_METHOD","LEVEL_3_DISCOVERY_ONLY","","Prospective Workstream A screening; API result-rank set preserved in raw snapshot."
"A0039","OpenAlex","PHASE2-SEARCH-0004","2026-07-31","13C Metabolic Flux Analysis Identifies an Unusual Route for Pyruvate Dissimilation in Mycobacteria which Requires Isocitrate Lyase and Carbon Dioxide Fixation","Dany J. V. Beste; Bhushan Bonde; N. Hawkins; Jane L. Ward; Michael H. Beale; Stephan Noack; Katharina Nöh; Nicholas J. Kruger; R. George Ratcliffe; Johnjoe McFadden","2011","10.1371/journal.ppat.1002091","https://openalex.org/W2024455490","A-DUP-0011","DUPLICATE","DUPLICATE_RECORD_RETURNED_BY_EARLIER_PHASE2A_QUERY","LEVEL_3_DISCOVERY_ONLY","","Prospective Workstream A screening; API result-rank set preserved in raw snapshot."
"A0040","OpenAlex","PHASE2-SEARCH-0004","2026-07-31","The metabolic origins of non-photorespiratory CO2 release during photosynthesis: a metabolic flux analysis","Yuan Xu; Xinyu Fu; Thomas D. Sharkey; Yair Shachar‐Hill; Berkley J. Walker","2021","10.1093/plphys/kiab076","https://openalex.org/W3129607641","A-DUP-0036","TITLE_ABSTRACT_EXCLUDED","NO_GENERALISABLE_EXPERIMENTAL_DESIGN_METHOD","LEVEL_3_DISCOVERY_ONLY","","Prospective Workstream A screening; API result-rank set preserved in raw snapshot."
"A0041","OpenAlex","PHASE2-SEARCH-0004","2026-07-31","OpenFLUX2: 13C-MFA modeling software package adjusted for the comprehensive analysis of single and parallel labeling experiments","М.С. Шуплецов; L. I. Golubeva; Svetlana S Rubina; Dmitry A Podvyaznikov; Shintaro Iwatani; Sergey V. Mashko","2014","10.1186/s12934-014-0152-x","https://openalex.org/W2127636197","A-DUP-0020","DUPLICATE","DUPLICATE_RECORD_RETURNED_BY_EARLIER_PHASE2A_QUERY","LEVEL_3_DISCOVERY_ONLY","","Prospective Workstream A screening; API result-rank set preserved in raw snapshot."
"A0042","OpenAlex","PHASE2-SEARCH-0004","2026-07-31","Reconfiguration of metabolic fluxes in <i>Pseudomonas putida</i> as a response to sub-lethal oxidative stress","Pablo I. Nikel; Tobias Fuhrer; Max Chavarría; Alberto Sánchez-Pascuala; Uwe Sauer; Vı́ctor de Lorenzo","2021","10.1038/s41396-020-00884-9","https://openalex.org/W3119857353","A-DUP-0037","TITLE_ABSTRACT_EXCLUDED","NO_GENERALISABLE_EXPERIMENTAL_DESIGN_METHOD","LEVEL_3_DISCOVERY_ONLY","","Prospective Workstream A screening; API result-rank set preserved in raw snapshot."
"A0043","OpenAlex","PHASE2-SEARCH-0004","2026-07-31","Glucose-methanol co-utilization in Pichia pastoris studied by metabolomics and instationary 13C flux analysis","Joel Jordà; Camilo Suarez-Mendez; Marc Carnicer; Angela ten Pierick; Joseph J. Heijnen; Walter van Gulik; Pau Ferrer; Joan Albiol; A. Wahl","2013","10.1186/1752-0509-7-17","https://openalex.org/W2121264002","A-DUP-0038","TITLE_ABSTRACT_INCLUDED","","LEVEL_2_SUPPORTING","","Prospective Workstream A screening; API result-rank set preserved in raw snapshot."
"A0044","OpenAlex","PHASE2-SEARCH-0004","2026-07-31","Fluxome analysis using GC-MS.","Christoph Wittmann","2007","10.1186/1475-2859-6-6","https://openalex.org/W1793404797","A-DUP-0039","TITLE_ABSTRACT_EXCLUDED","UNRELATED_TO_13C_MFA_EXPERIMENTAL_DESIGN","LEVEL_3_DISCOVERY_ONLY","","Prospective Workstream A screening; API result-rank set preserved in raw snapshot."
"A0045","OpenAlex","PHASE2-SEARCH-0004","2026-07-31","Non-stationary 13C metabolic flux analysis of Chinese hamster ovary cells in batch culture using extracellular labeling highlights metabolic reversibility and compartmentation","Averina Nicolae; Judith Wahrheit; Janina Bahnemann; An‐Ping Zeng; Elmar Heinzle","2014","10.1186/1752-0509-8-50","https://openalex.org/W2127397696","A-DUP-0040","TITLE_ABSTRACT_EXCLUDED","NO_GENERALISABLE_EXPERIMENTAL_DESIGN_METHOD","LEVEL_3_DISCOVERY_ONLY","","Prospective Workstream A screening; API result-rank set preserved in raw snapshot."
"A0046","OpenAlex","PHASE2-SEARCH-0004","2026-07-31","Integration of a constraint-based metabolic model of Brassica napus developing seeds with 13C-metabolic flux analysis","Jordan O. Hay; Hai Shi; Nicolas Heinzel; Inga Hebbelmann; Hardy Rolletschek; Jörg Schwender","2014","10.3389/fpls.2014.00724","https://openalex.org/W2008115217","A-DUP-0041","TITLE_ABSTRACT_EXCLUDED","NO_GENERALISABLE_EXPERIMENTAL_DESIGN_METHOD","LEVEL_3_DISCOVERY_ONLY","","Prospective Workstream A screening; API result-rank set preserved in raw snapshot."
"A0047","OpenAlex","PHASE2-SEARCH-0004","2026-07-31","The failing heart utilizes 3-hydroxybutyrate as a metabolic stress defense","Julie L. Horton; Michael T. Davidson; Clara Kurishima; Rick B. Vega; J. Powers; Timothy Matsuura; Christopher Petucci; E. Douglas Lewandowski; Peter A. Crawford; Deborah M. Muoio; Fabio A. Recchia; Daniel P. Kelly","2019","10.1172/jci.insight.124079","https://openalex.org/W2913394347","A-DUP-0042","TITLE_ABSTRACT_EXCLUDED","UNRELATED_TO_13C_MFA_EXPERIMENTAL_DESIGN","LEVEL_3_DISCOVERY_ONLY","","Prospective Workstream A screening; API result-rank set preserved in raw snapshot."
"A0048","OpenAlex","PHASE2-SEARCH-0004","2026-07-31","A method for accounting for maintenance costs in flux balance analysis improves the prediction of plant cell metabolic phenotypes under stress conditions","C. Y. Maurice Cheung; Thomas Christopher Rhys Williams; Mark G. Poolman; David A. Fell; R. George Ratcliffe; Lee Sweetlove","2013","10.1111/tpj.12252","https://openalex.org/W1979294707","A-DUP-0043","TITLE_ABSTRACT_EXCLUDED","UNRELATED_TO_13C_MFA_EXPERIMENTAL_DESIGN","LEVEL_3_DISCOVERY_ONLY","","Prospective Workstream A screening; API result-rank set preserved in raw snapshot."
"A0049","OpenAlex","PHASE2-SEARCH-0004","2026-07-31","Hybrid optimization for 13C metabolic flux analysis using systems parametrized by compactification","Tae Hoon Yang; Oliver Frick; Elmar Heinzle","2008","10.1186/1752-0509-2-29","https://openalex.org/W2162588510","A-DUP-0044","TITLE_ABSTRACT_EXCLUDED","NO_GENERALISABLE_EXPERIMENTAL_DESIGN_METHOD","LEVEL_3_DISCOVERY_ONLY","","Prospective Workstream A screening; API result-rank set preserved in raw snapshot."
"A0050","OpenAlex","PHASE2-SEARCH-0004","2026-07-31","A 13C isotope labeling method for the measurement of lignin metabolic flux in Arabidopsis stems","Peng Wang; Longyun Guo; Rohit Jaini; Antje Klempien; Rachel M. McCoy; John A. Morgan; Natalia Dudareva; Clint Chapple","2018","10.1186/s13007-018-0318-3","https://openalex.org/W2809685580","A-DUP-0045","TITLE_ABSTRACT_INCLUDED","","LEVEL_2_SUPPORTING","","Prospective Workstream A screening; API result-rank set preserved in raw snapshot."
"A0051","OpenAlex","PHASE2-SEARCH-0004","2026-07-31","Biochemical pathways of amino acids in soil: Assessment by position-specific labeling and 13C-PLFA analysis","Carolin Apostel; Michaela A. Dippold; Bruno Glaser; Yakov Kuzyakov","2013","10.1016/j.soilbio.2013.08.005","https://openalex.org/W2107594253","A-DUP-0046","TITLE_ABSTRACT_EXCLUDED","NO_GENERALISABLE_EXPERIMENTAL_DESIGN_METHOD","LEVEL_3_DISCOVERY_ONLY","","Prospective Workstream A screening; API result-rank set preserved in raw snapshot."
"A0052","OpenAlex","PHASE2-SEARCH-0004","2026-07-31","Metabolic flux analysis: a comprehensive review on sample preparation, analytical techniques, data analysis, computational modelling, and main application areas","Bruna de Falco; Francesco Giannino; Fabrizio Cartenì; Stefano Mazzoleni; Dong‐Hyun Kim","2022","10.1039/d2ra03326g","https://openalex.org/W4294934919","A-DUP-0027","DUPLICATE","DUPLICATE_RECORD_RETURNED_BY_EARLIER_PHASE2A_QUERY","LEVEL_3_DISCOVERY_ONLY","","Prospective Workstream A screening; API result-rank set preserved in raw snapshot."
"A0053","OpenAlex","PHASE2-SEARCH-0004","2026-07-31","13C metabolic flux analysis-guided metabolic engineering of Escherichia coli for improved acetol production from glycerol","Ruilian Yao; Jiawei Li; Lei Feng; Xuehong Zhang; Hongbo Hu","2019","10.1186/s13068-019-1372-4","https://openalex.org/W2914029604","A-DUP-0019","DUPLICATE","DUPLICATE_RECORD_RETURNED_BY_EARLIER_PHASE2A_QUERY","LEVEL_3_DISCOVERY_ONLY","","Prospective Workstream A screening; API result-rank set preserved in raw snapshot."
"A0054","OpenAlex","PHASE2-SEARCH-0004","2026-07-31","Flux-P: Automating Metabolic Flux Analysis","Birgitta E. Ebert; Anna-Lena Lamprecht; Bernhard Steffen; Lars M. Blank","2012","10.3390/metabo2040872","https://openalex.org/W2070395061","A-DUP-0023","DUPLICATE","DUPLICATE_RECORD_RETURNED_BY_EARLIER_PHASE2A_QUERY","LEVEL_3_DISCOVERY_ONLY","","Prospective Workstream A screening; API result-rank set preserved in raw snapshot."
"A0055","OpenAlex","PHASE2-SEARCH-0004","2026-07-31","The return of metabolism: biochemistry and physiology of the pentose phosphate pathway","Anna Stincone; Alessandro Prigione; Thorsten Cramer; Mirjam M. C. Wamelink; Kate Campbell; Eric C. Cheung; Viridiana Olín‐Sandoval; Nana‐Maria Grüning; Antje Krüger; Mohammad Tauqeer Alam; Markus A. Keller; Michael Breitenbach; Kevin M. Brindle; Joshua D. Rabinowitz; Markus Ralser","2014","10.1111/brv.12140","https://openalex.org/W1673751863","A-DUP-0024","DUPLICATE","DUPLICATE_RECORD_RETURNED_BY_EARLIER_PHASE2A_QUERY","LEVEL_3_DISCOVERY_ONLY","","Prospective Workstream A screening; API result-rank set preserved in raw snapshot."
"A0056","OpenAlex","PHASE2-SEARCH-0004","2026-07-31","GC/MS-based 13C metabolic flux analysis resolves the parallel and cyclic photomixotrophic metabolism of Synechocystis sp. PCC 6803 and selected deletion mutants including the Entner-Doudoroff and phosphoketolase pathways","Dennis Schulze; Michael Kohlstedt; Judith Becker; Edern Cahoreau; Lindsay Peyriga; Alexander Makowka; Sarah Hildebrandt; Kirstin Gutekunst; Jean‐Charles Portais; Christoph Wittmann","2022","10.1186/s12934-022-01790-9","https://openalex.org/W4224281643","A-DUP-0047","TITLE_ABSTRACT_EXCLUDED","NO_GENERALISABLE_EXPERIMENTAL_DESIGN_METHOD","LEVEL_3_DISCOVERY_ONLY","","Prospective Workstream A screening; API result-rank set preserved in raw snapshot."
"A0057","OpenAlex","PHASE2-SEARCH-0004","2026-07-31","Dynamic Imaging of Glucose and Lactate Metabolism by 13C-MRS without Hyperpolarization","Jeffrey Brender; Shun Kishimoto; Hellmut Merkle; Galen D. Reed; Ralph E. Hurd; Albert P. Chen; Jan Henrik Ardenkjær‐Larsen; Jeeva Munasinghe; Keita Saito; Tomohiro Seki; Nobu Oshima; Kazutoshi Yamamoto; Peter L. Choyke; John C. Mitchell; Murali C. Krishna","2019","10.1038/s41598-019-38981-1","https://openalex.org/W2918344699","A-DUP-0048","TITLE_ABSTRACT_EXCLUDED","NO_GENERALISABLE_EXPERIMENTAL_DESIGN_METHOD","LEVEL_3_DISCOVERY_ONLY","","Prospective Workstream A screening; API result-rank set preserved in raw snapshot."
"A0058","OpenAlex","PHASE2-SEARCH-0004","2026-07-31","Quantification of Metabolic Rearrangements During Neural Stem Cells Differentiation into Astrocytes by Metabolic Flux Analysis","João V. Sá; Susanne Kleiderman; Catarina Brito; Ursula Sonnewald; Marcel Leist; Ana P. Teixeira; Paula M. Alves","2016","10.1007/s11064-016-1907-z","https://openalex.org/W2342253465","A-DUP-0049","TITLE_ABSTRACT_EXCLUDED","NO_GENERALISABLE_EXPERIMENTAL_DESIGN_METHOD","LEVEL_3_DISCOVERY_ONLY","","Prospective Workstream A screening; API result-rank set preserved in raw snapshot."
"A0059","OpenAlex","PHASE2-SEARCH-0004","2026-07-31","One‐shot 13C15N‐metabolic flux analysis for simultaneous quantification of carbon and nitrogen flux","Khushboo Borah; Martin Beyß; Ye Xu; Jim Barber; Catia Costa; Jane Newcombe; Axel Theorell; Melanie J. Bailey; Dany J. V. Beste; Johnjoe McFadden; Katharina Nöh","2023","10.15252/msb.202211099","https://openalex.org/W4318219817","A-DUP-0050","TITLE_ABSTRACT_EXCLUDED","NO_GENERALISABLE_EXPERIMENTAL_DESIGN_METHOD","LEVEL_3_DISCOVERY_ONLY","","Prospective Workstream A screening; API result-rank set preserved in raw snapshot."
"A0060","OpenAlex","PHASE2-SEARCH-0004","2026-07-31","Metabolic Modelling as a Framework for Metabolomics Data Integration and Analysis","Svetlana Volkova; Marta R. A. Matos; Matthias Mattanovich; Igor Marín de Mas","2020","10.3390/metabo10080303","https://openalex.org/W3044317230","A-DUP-0028","DUPLICATE","DUPLICATE_RECORD_RETURNED_BY_EARLIER_PHASE2A_QUERY","LEVEL_3_DISCOVERY_ONLY","","Prospective Workstream A screening; API result-rank set preserved in raw snapshot."
"A0061","PubMed","PHASE2-SEARCH-0005","2026-07-31","Model validation and selection in metabolic flux analysis and flux balance analysis.","Kaste JAM; Shachar-Hill Y","2024","10.1002/btpr.3413","PMID:37997613","A-DUP-0026","DUPLICATE","DUPLICATE_RECORD_RETURNED_BY_EARLIER_PHASE2A_QUERY","LEVEL_3_DISCOVERY_ONLY","","Prospective Workstream A screening; API result-rank set preserved in raw snapshot."
"A0062","PubMed","PHASE2-SEARCH-0005","2026-07-31","BayFlux: A Bayesian method to quantify metabolic Fluxes and their uncertainty at the genome scale.","Backman TWH; Schenk C; Radivojevic T; Ando D; Singh J; Czajka JJ; Costello Z; Keasling JD; Tang Y; Akhmatskaya E; Garcia Martin H","2023","10.1371/journal.pcbi.1011111","PMID:37948450","A-DUP-0051","TITLE_ABSTRACT_EXCLUDED","NO_GENERALISABLE_EXPERIMENTAL_DESIGN_METHOD","LEVEL_3_DISCOVERY_ONLY","","Prospective Workstream A screening; API result-rank set preserved in raw snapshot."
"A0063","PubMed","PHASE2-SEARCH-0005","2026-07-31","Validation-based model selection for 13C metabolic flux analysis with uncertain measurement errors.","Sundqvist N; Grankvist N; Watrous J; Mohit J; Nilsson R; Cedersund G","2022","10.1371/journal.pcbi.1009999","PMID:35404953","A-DUP-0052","TITLE_ABSTRACT_INCLUDED","","LEVEL_2_SUPPORTING","P0030","Prospective Workstream A screening; API result-rank set preserved in raw snapshot."
"A0064","PubMed","PHASE2-SEARCH-0005","2026-07-31","A Pareto approach to resolve the conflict between information gain and experimental costs: Multiple-criteria design of carbon labeling experiments.","Nöh K; Niedenführ S; Beyß M; Wiechert W","2018","10.1371/journal.pcbi.1006533","PMID:30379837","A-DUP-0002","DUPLICATE","DUPLICATE_RECORD_RETURNED_BY_EARLIER_PHASE2A_QUERY","LEVEL_3_DISCOVERY_ONLY","P0036","Prospective Workstream A screening; API result-rank set preserved in raw snapshot."
"A0065","PubMed","PHASE2-SEARCH-0005","2026-07-31","A comprehensive evaluation of constraining amino acid biosynthesis in compartmented models for metabolic flux analysis.","Lehnen M; Ebert BE; Blank LM","2017","10.1016/j.meteno.2017.07.001","PMID:29188182","A-DUP-0053","TITLE_ABSTRACT_EXCLUDED","NO_GENERALISABLE_EXPERIMENTAL_DESIGN_METHOD","LEVEL_3_DISCOVERY_ONLY","","Prospective Workstream A screening; API result-rank set preserved in raw snapshot."
"A0066","PubMed","PHASE2-SEARCH-0005","2026-07-31","To be certain about the uncertainty: Bayesian statistics for (13) C metabolic flux analysis.","Theorell A; Leweke S; Wiechert W; Nöh K","2017","10.1002/bit.26379","PMID:28695999","A-DUP-0054","TITLE_ABSTRACT_EXCLUDED","NO_GENERALISABLE_EXPERIMENTAL_DESIGN_METHOD","LEVEL_3_DISCOVERY_ONLY","","Prospective Workstream A screening; API result-rank set preserved in raw snapshot."
"A0067","Crossref","PHASE2-SEARCH-0006","2026-07-31","Power Analysis and Sample Size Determination in Metabolic Phenotyping","","","10.1021/acs.analchem.6b00188.s001","10.1021/acs.analchem.6b00188.s001","A-DUP-0055","TITLE_ABSTRACT_INCLUDED","","LEVEL_3_DISCOVERY_ONLY","","Prospective Workstream A screening; API result-rank set preserved in raw snapshot. Adjacent sample-size/power lead; supplemental record cannot support a substantive claim."
"A0068","Crossref","PHASE2-SEARCH-0006","2026-07-31","13C-Metabolic Flux Analysis and Metabolic Regulation","Yu Matsuoka; Kazuyuki Shimizu","2012","10.5772/35121","10.5772/35121","A-DUP-0056","TITLE_ABSTRACT_EXCLUDED","NO_GENERALISABLE_EXPERIMENTAL_DESIGN_METHOD","LEVEL_3_DISCOVERY_ONLY","","Prospective Workstream A screening; API result-rank set preserved in raw snapshot."
"A0069","Crossref","PHASE2-SEARCH-0006","2026-07-31","Investigating E. coli Coculture for Resveratrol Production with 13C Metabolic Flux Analysis","","","10.1021/acs.jafc.9b07628.s001","10.1021/acs.jafc.9b07628.s001","A-DUP-0057","TITLE_ABSTRACT_EXCLUDED","NO_GENERALISABLE_EXPERIMENTAL_DESIGN_METHOD","LEVEL_3_DISCOVERY_ONLY","","Prospective Workstream A screening; API result-rank set preserved in raw snapshot."
"A0070","Crossref","PHASE2-SEARCH-0006","2026-07-31","13C Metabolic Flux Analysis","Wolfgang Wiechert","2001","10.1006/mben.2001.0187","10.1006/mben.2001.0187","A-DUP-0058","TITLE_ABSTRACT_EXCLUDED","NO_GENERALISABLE_EXPERIMENTAL_DESIGN_METHOD","LEVEL_3_DISCOVERY_ONLY","P0001","Prospective Workstream A screening; API result-rank set preserved in raw snapshot."
"A0071","Crossref","PHASE2-SEARCH-0006","2026-07-31","Discrimination of Microalgal Cellular Metabolic Heterogeneity and 13C Metabolic Flux Analysis via Micro Label-Free Mass Cytometry","","","10.1021/acs.analchem.5c03905.s004","10.1021/acs.analchem.5c03905.s004","A-DUP-0059","TITLE_ABSTRACT_EXCLUDED","NO_GENERALISABLE_EXPERIMENTAL_DESIGN_METHOD","LEVEL_3_DISCOVERY_ONLY","","Prospective Workstream A screening; API result-rank set preserved in raw snapshot."
"A0072","Crossref","PHASE2-SEARCH-0006","2026-07-31","Discrimination of Microalgal Cellular Metabolic Heterogeneity and 13C Metabolic Flux Analysis via Micro Label-Free Mass Cytometry","","","10.1021/acs.analchem.5c03905.s001","10.1021/acs.analchem.5c03905.s001","A-DUP-0059","DUPLICATE","DUPLICATE_RECORD_RETURNED_BY_EARLIER_PHASE2A_QUERY","LEVEL_3_DISCOVERY_ONLY","","Prospective Workstream A screening; API result-rank set preserved in raw snapshot."
"A0073","Crossref","PHASE2-SEARCH-0006","2026-07-31","Discrimination of Microalgal Cellular Metabolic Heterogeneity and 13C Metabolic Flux Analysis via Micro Label-Free Mass Cytometry","","","10.1021/acs.analchem.5c03905.s002","10.1021/acs.analchem.5c03905.s002","A-DUP-0059","DUPLICATE","DUPLICATE_RECORD_RETURNED_BY_EARLIER_PHASE2A_QUERY","LEVEL_3_DISCOVERY_ONLY","","Prospective Workstream A screening; API result-rank set preserved in raw snapshot."
"A0074","Crossref","PHASE2-SEARCH-0006","2026-07-31","Discrimination of Microalgal Cellular Metabolic Heterogeneity and 13C Metabolic Flux Analysis via Micro Label-Free Mass Cytometry","","","10.1021/acs.analchem.5c03905.s003","10.1021/acs.analchem.5c03905.s003","A-DUP-0059","DUPLICATE","DUPLICATE_RECORD_RETURNED_BY_EARLIER_PHASE2A_QUERY","LEVEL_3_DISCOVERY_ONLY","","Prospective Workstream A screening; API result-rank set preserved in raw snapshot."
"A0075","Crossref","PHASE2-SEARCH-0006","2026-07-31","13C-Metabolic flux analysis of soybean somatic embryos for identification of metabolic control points in developing seed","Quyen Xuan Truong","","10.31274/etd-180810-3030","10.31274/etd-180810-3030","A-DUP-0060","TITLE_ABSTRACT_EXCLUDED","NO_GENERALISABLE_EXPERIMENTAL_DESIGN_METHOD","LEVEL_3_DISCOVERY_ONLY","","Prospective Workstream A screening; API result-rank set preserved in raw snapshot."
"A0076","Crossref","PHASE2-SEARCH-0006","2026-07-31","Parallel labeling experiments with [U-13C]glucose validate E. coli metabolic network model for 13C metabolic flux analysis","Robert W. Leighty; Maciek R. Antoniewicz","2012","10.1016/j.ymben.2012.06.003","10.1016/j.ymben.2012.06.003","A-DUP-0061","TITLE_ABSTRACT_INCLUDED","","LEVEL_2_SUPPORTING","P0033","Prospective Workstream A screening; API result-rank set preserved in raw snapshot."
"A0077","Crossref","PHASE2-SEARCH-0006","2026-07-31","13C metabolic flux analysis at a genome-scale","Saratram Gopalakrishnan; Costas D. Maranas","2015","10.1016/j.ymben.2015.08.006","10.1016/j.ymben.2015.08.006","A-DUP-0062","TITLE_ABSTRACT_EXCLUDED","NO_GENERALISABLE_EXPERIMENTAL_DESIGN_METHOD","LEVEL_3_DISCOVERY_ONLY","","Prospective Workstream A screening; API result-rank set preserved in raw snapshot."
"A0078","Crossref","PHASE2-SEARCH-0006","2026-07-31","CHAPTER 2. Experimental Design: Sample Collection, Sample Size, Power Calculations, Essential Assumptions and Univariate Approaches to Metabolomics Analysis","Martin Grootveld; Victor Ruiz Rodado","2014","10.1039/9781849735162-00035","10.1039/9781849735162-00035","A-DUP-0063","TITLE_ABSTRACT_INCLUDED","","LEVEL_3_DISCOVERY_ONLY","","Prospective Workstream A screening; API result-rank set preserved in raw snapshot. Adjacent metabolomics sample-size/design chapter retained for discovery only."
"A0079","Crossref","PHASE2-SEARCH-0006","2026-07-31","An Introduction to 13C Metabolic Flux Analysis","Wolfgang Wiechert","2002","10.1007/978-1-4615-0721-5_10","10.1007/978-1-4615-0721-5_10","A-DUP-0064","TITLE_ABSTRACT_EXCLUDED","NO_GENERALISABLE_EXPERIMENTAL_DESIGN_METHOD","LEVEL_3_DISCOVERY_ONLY","","Prospective Workstream A screening; API result-rank set preserved in raw snapshot."
"A0080","Crossref","PHASE2-SEARCH-0006","2026-07-31","Supplemental Information 3: Linear model regression analysis of the correlation of sample size (lacerates) per replicate to host protein","","","10.7717/peerj.20851/supp-3","10.7717/peerj.20851/supp-3","A-DUP-0065","TITLE_ABSTRACT_EXCLUDED","UNRELATED_TO_13C_MFA_EXPERIMENTAL_DESIGN","LEVEL_3_DISCOVERY_ONLY","","Prospective Workstream A screening; API result-rank set preserved in raw snapshot."
"A0081","Crossref","PHASE2-SEARCH-0006","2026-07-31","Rethinking 13C-metabolic flux analysis – The Bayesian way of flux inference","Axel Theorell; Johann F. Jadebeck; Wolfgang Wiechert; Johnjoe McFadden; Katharina Nöh","2024","10.1016/j.ymben.2024.03.005","10.1016/j.ymben.2024.03.005","A-DUP-0066","TITLE_ABSTRACT_EXCLUDED","NO_GENERALISABLE_EXPERIMENTAL_DESIGN_METHOD","LEVEL_3_DISCOVERY_ONLY","","Prospective Workstream A screening; API result-rank set preserved in raw snapshot."
"A0082","Crossref","PHASE2-SEARCH-0006","2026-07-31","13C-Metabolic Flux Analysis for Escherichia coli","Yu Matsuoka; Kazuyuki Shimizu","2014","10.1007/978-1-4939-1170-7_16","10.1007/978-1-4939-1170-7_16","A-DUP-0067","TITLE_ABSTRACT_EXCLUDED","NO_GENERALISABLE_EXPERIMENTAL_DESIGN_METHOD","LEVEL_3_DISCOVERY_ONLY","","Prospective Workstream A screening; API result-rank set preserved in raw snapshot."
"A0083","Crossref","PHASE2-SEARCH-0006","2026-07-31","GC-MS-Based 13C Metabolic Flux Analysis","Judith Becker; Christoph Wittmann","2014","10.1007/978-1-4939-1170-7_10","10.1007/978-1-4939-1170-7_10","A-DUP-0068","TITLE_ABSTRACT_EXCLUDED","NO_GENERALISABLE_EXPERIMENTAL_DESIGN_METHOD","LEVEL_3_DISCOVERY_ONLY","","Prospective Workstream A screening; API result-rank set preserved in raw snapshot."
"A0084","Crossref","PHASE2-SEARCH-0006","2026-07-31","13C metabolic flux analysis: optimal design of isotopic labeling experiments","Maciek R Antoniewicz","2013","10.1016/j.copbio.2013.02.003","10.1016/j.copbio.2013.02.003","A-DUP-0069","TITLE_ABSTRACT_INCLUDED","","LEVEL_3_DISCOVERY_ONLY","","Prospective Workstream A screening; API result-rank set preserved in raw snapshot. Secondary isotope-design review retained for primary-source discovery only."
"A0085","Crossref","PHASE2-SEARCH-0006","2026-07-31","13C-metabolic flux analysis of co-cultures: A novel approach","Nikodimos A. Gebreselassie; Maciek R. Antoniewicz","2015","10.1016/j.ymben.2015.07.005","10.1016/j.ymben.2015.07.005","A-DUP-0070","TITLE_ABSTRACT_EXCLUDED","NO_GENERALISABLE_EXPERIMENTAL_DESIGN_METHOD","LEVEL_3_DISCOVERY_ONLY","","Prospective Workstream A screening; API result-rank set preserved in raw snapshot."
"A0086","Crossref","PHASE2-SEARCH-0006","2026-07-31","13C Metabolic Flux Analysis","Meghna Rajvanshi; Kareenhalli V. Venkatesh","2013","10.1007/978-1-4419-9863-7_699","10.1007/978-1-4419-9863-7_699","A-DUP-0071","TITLE_ABSTRACT_EXCLUDED","NO_GENERALISABLE_EXPERIMENTAL_DESIGN_METHOD","LEVEL_3_DISCOVERY_ONLY","","Prospective Workstream A screening; API result-rank set preserved in raw snapshot."
"A0087","Crossref","PHASE2-SEARCH-0006","2026-07-31","13C-Based Metabolic Flux Analysis of Recombinant Pichia pastoris","Pau Ferrer; Joan Albiol","2014","10.1007/978-1-4939-1170-7_17","10.1007/978-1-4939-1170-7_17","A-DUP-0072","TITLE_ABSTRACT_EXCLUDED","NO_GENERALISABLE_EXPERIMENTAL_DESIGN_METHOD","LEVEL_3_DISCOVERY_ONLY","","Prospective Workstream A screening; API result-rank set preserved in raw snapshot."
"A0088","Crossref","PHASE2-SEARCH-0006","2026-07-31","Sample size, power, and efficient design","","2016","10.1093/hesc/9780198717355.003.0006","10.1093/hesc/9780198717355.003.0006","A-DUP-0073","TITLE_ABSTRACT_EXCLUDED","UNRELATED_TO_13C_MFA_EXPERIMENTAL_DESIGN","LEVEL_3_DISCOVERY_ONLY","","Prospective Workstream A screening; API result-rank set preserved in raw snapshot."
"A0089","Crossref","PHASE2-SEARCH-0006","2026-07-31","Power and Sample Size Determination","","1999","10.1201/9781420002027-6","10.1201/9781420002027-6","A-DUP-0074","TITLE_ABSTRACT_EXCLUDED","UNRELATED_TO_13C_MFA_EXPERIMENTAL_DESIGN","LEVEL_3_DISCOVERY_ONLY","","Prospective Workstream A screening; API result-rank set preserved in raw snapshot."
"A0090","Crossref","PHASE2-SEARCH-0006","2026-07-31","Synergy between 13C-metabolic flux analysis and flux balance analysis for understanding metabolic adaption to anaerobiosis in E. coli","Xuewen Chen; Ana P. Alonso; Doug K. Allen; Jennifer L. Reed; Yair Shachar-Hill","2011","10.1016/j.ymben.2010.11.004","10.1016/j.ymben.2010.11.004","A-DUP-0075","TITLE_ABSTRACT_EXCLUDED","NO_GENERALISABLE_EXPERIMENTAL_DESIGN_METHOD","LEVEL_3_DISCOVERY_ONLY","","Prospective Workstream A screening; API result-rank set preserved in raw snapshot."
"A0091","Crossref","PHASE2-SEARCH-0006","2026-07-31","Publishing 13C metabolic flux analysis studies: A review and future perspectives","Scott B. Crown; Maciek R. Antoniewicz","2013","10.1016/j.ymben.2013.08.005","10.1016/j.ymben.2013.08.005","A-DUP-0076","TITLE_ABSTRACT_EXCLUDED","SECONDARY_SOURCE_NOT_RETAINED_FOR_PRIMARY_METHOD_EVIDENCE","LEVEL_3_DISCOVERY_ONLY","","Prospective Workstream A screening; API result-rank set preserved in raw snapshot."
"A0092","PubMed","PHASE2-SEARCH-0007","2026-07-31","Combining Gas Exchange and Rapid Quenching of Leaf Tissue for Mass Spectrometry Analysis Directly in Gas Exchange Cuvette.","Xu Y; Fu X; Sharkey TD; Walker BJ","2024","10.1007/978-1-0716-3802-6_17","PMID:38861090","A-DUP-0077","TITLE_ABSTRACT_EXCLUDED","UNRELATED_TO_13C_MFA_EXPERIMENTAL_DESIGN","LEVEL_3_DISCOVERY_ONLY","","Prospective Workstream A screening; API result-rank set preserved in raw snapshot."
"A0093","PubMed","PHASE2-SEARCH-0007","2026-07-31","(13)CO(2)-labelling and Sampling in Algae for Flux Analysis of Photosynthetic and Central Carbon Metabolism.","Geffen O; Achaintre D; Treves H","2023","10.21769/bioprotoc.4808","PMID:37719071","A-DUP-0078","TITLE_ABSTRACT_EXCLUDED","NO_GENERALISABLE_EXPERIMENTAL_DESIGN_METHOD","LEVEL_3_DISCOVERY_ONLY","","Prospective Workstream A screening; API result-rank set preserved in raw snapshot."
"A0094","PubMed","PHASE2-SEARCH-0007","2026-07-31","Isotopically non-stationary metabolic flux analysis: complex yet highly informative.","Wiechert W; Nöh K","2013","10.1016/j.copbio.2013.03.024","PMID:23623747","A-DUP-0079","TITLE_ABSTRACT_EXCLUDED","NO_GENERALISABLE_EXPERIMENTAL_DESIGN_METHOD","LEVEL_3_DISCOVERY_ONLY","","Prospective Workstream A screening; API result-rank set preserved in raw snapshot."
"A0095","OpenAlex","PHASE2-SEARCH-0008","2026-07-31","Optimization of 13C isotopic tracers for metabolic flux analysis in mammalian cells","Jason L. Walther; Christian M. Metallo; Jie Zhang; Gregory Stephanopoulos","2011","10.1016/j.ymben.2011.12.004","https://openalex.org/W1999612141","A-DUP-0010","DUPLICATE","DUPLICATE_RECORD_RETURNED_BY_EARLIER_PHASE2A_QUERY","LEVEL_3_DISCOVERY_ONLY","P0007","Prospective Workstream A screening; API result-rank set preserved in raw snapshot."
"A0096","OpenAlex","PHASE2-SEARCH-0008","2026-07-31","Systematic NMR Analysis of Stable Isotope Labeled Metabolite Mixtures in Plant and Animal Systems: Coarse Grained Views of Metabolic Pathways","Eisuke Chikayama; Michitaka Suto; Takashi Nishihara; Kazuo Shinozaki; Takashi Hirayama; Jun Kikuchi","2008","10.1371/journal.pone.0003805","https://openalex.org/W1966222081","A-DUP-0080","TITLE_ABSTRACT_EXCLUDED","NO_GENERALISABLE_EXPERIMENTAL_DESIGN_METHOD","LEVEL_3_DISCOVERY_ONLY","","Prospective Workstream A screening; API result-rank set preserved in raw snapshot."
"A0097","OpenAlex","PHASE2-SEARCH-0008","2026-07-31","IsoDesign: A software for optimizing the design of <sup>13</sup>C‐metabolic flux analysis experiments","Pierre Millard; Sergueï Sokol; Fabien Létisse; Jean‐Charles Portais","2013","10.1002/bit.24997","https://openalex.org/W2096303998","A-DUP-0003","DUPLICATE","DUPLICATE_RECORD_RETURNED_BY_EARLIER_PHASE2A_QUERY","LEVEL_3_DISCOVERY_ONLY","","Prospective Workstream A screening; API result-rank set preserved in raw snapshot. Abstract-level software/design lead; no load-bearing claim."
"A0098","OpenAlex","PHASE2-SEARCH-0008","2026-07-31","Laser spectroscopy for breath analysis: towards clinical implementation","Ben Henderson; Amir Khodabakhsh; Markus Metsälä; Irène Ventrillard; Florian M. Schmidt; D. Romanini; Grant A. D. Ritchie; S. te Lintel Hekkert; Raphaël Briot; Terence H. Risby; Nándor Marczin; Frans J. M. Harren; Simona M. Cristescu","2018","10.1007/s00340-018-7030-x","https://openalex.org/W2884799384","A-DUP-0081","TITLE_ABSTRACT_EXCLUDED","UNRELATED_TO_13C_MFA_EXPERIMENTAL_DESIGN","LEVEL_3_DISCOVERY_ONLY","","Prospective Workstream A screening; API result-rank set preserved in raw snapshot."
"A0099","OpenAlex","PHASE2-SEARCH-0008","2026-07-31","Genome-scale models of bacterial metabolism: reconstruction and applications","Maxime Durot; Pierre-Yves Bourguignon; Vincent Schächter","2008","10.1111/j.1574-6976.2008.00146.x","https://openalex.org/W2151023149","A-DUP-0082","TITLE_ABSTRACT_EXCLUDED","NO_GENERALISABLE_EXPERIMENTAL_DESIGN_METHOD","LEVEL_3_DISCOVERY_ONLY","","Prospective Workstream A screening; API result-rank set preserved in raw snapshot."
"A0100","OpenAlex","PHASE2-SEARCH-0008","2026-07-31","Achieving Metabolic Flux Analysis for S. cerevisiae at a Genome-Scale: Challenges, Requirements, and Considerations","Saratram Gopalakrishnan; Costas D. Maranas","2015","10.3390/metabo5030521","https://openalex.org/W1959572216","A-DUP-0083","TITLE_ABSTRACT_EXCLUDED","NO_GENERALISABLE_EXPERIMENTAL_DESIGN_METHOD","LEVEL_3_DISCOVERY_ONLY","","Prospective Workstream A screening; API result-rank set preserved in raw snapshot."
"A0101","OpenAlex","PHASE2-SEARCH-0008","2026-07-31","Practical Guide to Measuring Wetland Carbon Pools and Fluxes","Sheel Bansal; Irena F. Creed; Brian A. Tangen; Scott D. Bridgham; Ankur R. Desai; Ken W. Krauss; Scott C. Neubauer; Gregory B. Noe; Donald O. Rosenberry; Carl Trettin; Kimberly P. Wickland; Scott T. Allen; Ariane Arias‐Ortiz; Anna R. Armitage; Dennis Baldocchi; Kakoli Banerjee; David Bastviken; Peter Berg; Matthew J. Bogard; Alex Chow; William H. Conner; Christopher Craft; Courtney A. Creamer; Tonya DelSontro; Jamie A. Duberstein; Meagan Eagle; M. Siobhan Fennessy; Sarah A. Finkelstein; Mathias Göckede; Sabine Grunwald; Meghan Halabisky; Ellen R. Herbert; M. M. R. Jahangir; Olivia F. Johnson; Miriam C. Jones; Jeffrey J. Kelleway; Sara Knox; Kevin D. Kroeger; Kevin A. Kuehn; David A. Lobb; Amanda L. Loder; Shizhou Ma; Damien T. Maher; Gavin McNicol; Jacob Meier; Beth A. Middleton; Christopher T. Mills; Purbasha Mistry; Abhijit Mitra; Courtney Mobilian; Amanda M. Nahlik; Susan Newman; Jessica L. O’Connell; Patricia Y. Oikawa; Max Post van der Burg; Charles A. Schutte; Changchun Song; Camille L. Stagg; Jessica Turner; Rodrigo Vargas; Mark P. Waldrop; Marcus B. Wallin; Zhaohui Aleck Wang; Eric J. Ward; Debra A. Willard; Stephanie A. Yarwood; Xiaoyan Zhu","2023","10.1007/s13157-023-01722-2","https://openalex.org/W4389091633","A-DUP-0084","TITLE_ABSTRACT_EXCLUDED","SECONDARY_SOURCE_NOT_RETAINED_FOR_PRIMARY_METHOD_EVIDENCE","LEVEL_3_DISCOVERY_ONLY","","Prospective Workstream A screening; API result-rank set preserved in raw snapshot."
"A0102","OpenAlex","PHASE2-SEARCH-0008","2026-07-31","Molecular imaging in living subjects: seeing fundamental biological processes in a new light","Tarik F. Massoud; Sanjiv S. Gambhir","2003","10.1101/gad.1047403","https://openalex.org/W2119507443","A-DUP-0085","TITLE_ABSTRACT_EXCLUDED","UNRELATED_TO_13C_MFA_EXPERIMENTAL_DESIGN","LEVEL_3_DISCOVERY_ONLY","","Prospective Workstream A screening; API result-rank set preserved in raw snapshot."
"A0103","OpenAlex","PHASE2-SEARCH-0008","2026-07-31","Recent advances in constraint and machine learning-based metabolic modeling by leveraging stoichiometric balances, thermodynamic feasibility and kinetic law formalisms","Patrick F. Suthers; Charles Foster; Debolina Sarkar; Lin Wang; Costas D. Maranas","2020","10.1016/j.ymben.2020.11.013","https://openalex.org/W3110784682","A-DUP-0086","TITLE_ABSTRACT_EXCLUDED","UNRELATED_TO_13C_MFA_EXPERIMENTAL_DESIGN","LEVEL_3_DISCOVERY_ONLY","","Prospective Workstream A screening; API result-rank set preserved in raw snapshot."
"A0104","OpenAlex","PHASE2-SEARCH-0008","2026-07-31","Spatial scale affects the relative role of stochasticity versus determinism in soil bacterial communities in wheat fields across the North China Plain","Yu Shi; Yuntao Li; Xingjia Xiang; Ruibo Sun; Teng Yang; Dan He; Kaoping Zhang; Yingying Ni; Yong‐Guan Zhu; Jonathan M. Adams; Haiyan Chu","2018","10.1186/s40168-018-0409-4","https://openalex.org/W2788881557","A-DUP-0087","TITLE_ABSTRACT_EXCLUDED","UNRELATED_TO_13C_MFA_EXPERIMENTAL_DESIGN","LEVEL_3_DISCOVERY_ONLY","","Prospective Workstream A screening; API result-rank set preserved in raw snapshot."
"A0105","OpenAlex","PHASE2-SEARCH-0008","2026-07-31","Monitoring and modelling the glutamine metabolic pathway: a review and future perspectives","Zohreh Mirveis; Orla Howe; Paul A. Cahill; Nitin Patil; Hugh J. Byrne","2023","10.1007/s11306-023-02031-9","https://openalex.org/W4385164381","A-DUP-0088","TITLE_ABSTRACT_EXCLUDED","SECONDARY_SOURCE_NOT_RETAINED_FOR_PRIMARY_METHOD_EVIDENCE","LEVEL_3_DISCOVERY_ONLY","","Prospective Workstream A screening; API result-rank set preserved in raw snapshot."
"A0106","OpenAlex","PHASE2-SEARCH-0008","2026-07-31","Industrial systems biology","José M. Otero; Jens Nielsen","2009","10.1002/bit.22592","https://openalex.org/W1981656731","A-DUP-0089","TITLE_ABSTRACT_EXCLUDED","UNRELATED_TO_13C_MFA_EXPERIMENTAL_DESIGN","LEVEL_3_DISCOVERY_ONLY","","Prospective Workstream A screening; API result-rank set preserved in raw snapshot."
"A0107","OpenAlex","PHASE2-SEARCH-0008","2026-07-31","Effective Estimation of Dynamic Metabolic Fluxes Using 13C Labeling and Piecewise Affine Approximation: From Theory to Practical Applicability","Robin Schumacher; A. Wahl","2015","10.3390/metabo5040697","https://openalex.org/W2185873217","A-DUP-0090","TITLE_ABSTRACT_EXCLUDED","NO_GENERALISABLE_EXPERIMENTAL_DESIGN_METHOD","LEVEL_3_DISCOVERY_ONLY","","Prospective Workstream A screening; API result-rank set preserved in raw snapshot."
"A0108","OpenAlex","PHASE2-SEARCH-0008","2026-07-31","Feeding habits and multifunctional classification of soil‐associated consumers from protists to vertebrates","Anton Potapov; Frédéric Beaulieu; Klaus Birkhofer; Sarah L. Bluhm; Maxim I. Degtyarev; Miloslav Devetter; Anton A. Goncharov; Konstantin B. Gongalsky; Bernhard Klarner; Daniil I. Korobushkin; Dana Fabienne Liebke; Mark Maraun; Rory J. Mc Donnell; Melanie M. Pollierer; Ina Schaefer; Julia Shrubovych; I. I. Semenyuk; Alberto Sendra; Jiří Tůma; Michala Tůmová; Anna B. Vassilieva; Ting‐Wen Chen; Stefan Geisen; Olaf Schmidt; Alexei V. Tiunov; Stefan Scheu","2022","10.1111/brv.12832","https://openalex.org/W4205589336","A-DUP-0091","TITLE_ABSTRACT_EXCLUDED","UNRELATED_TO_13C_MFA_EXPERIMENTAL_DESIGN","LEVEL_3_DISCOVERY_ONLY","","Prospective Workstream A screening; API result-rank set preserved in raw snapshot."
"A0109","OpenAlex","PHASE2-SEARCH-0008","2026-07-31","Concurrent and lagged impacts of an anomalously warm year on autotrophic and heterotrophic components of soil respiration: a deconvolution analysis","Xuhui Zhou; Yiqi Luo; Chao Gao; Paul Verburg; John A. Arnone; Anthony Darrouzet‐Nardi; David Schimel","2010","10.1111/j.1469-8137.2010.03256.x","https://openalex.org/W2048138770","A-DUP-0092","TITLE_ABSTRACT_EXCLUDED","UNRELATED_TO_13C_MFA_EXPERIMENTAL_DESIGN","LEVEL_3_DISCOVERY_ONLY","","Prospective Workstream A screening; API result-rank set preserved in raw snapshot."
"A0110","OpenAlex","PHASE2-SEARCH-0008","2026-07-31","An experimentally supported model of the Bacillus subtilis global transcriptional regulatory network","Mario L. Arrieta‐Ortiz; Christoph Hafemeister; Ashley R. Bate; Timothy R. Chu; Alex Greenfield; Bentley Shuster; Samantha N. Barry; Matthew Gallitto; Brian Liu; Thadeous J. Kacmarczyk; Francis J. Santoriello; Jie Chen; Christopher D. A. Rodrigues; Tsutomu Sato; David Z. Rudner; Adam Driks; Richard Bonneau; Patrick Eichenberger","2015","10.15252/msb.20156236","https://openalex.org/W2178240050","A-DUP-0093","TITLE_ABSTRACT_EXCLUDED","UNRELATED_TO_13C_MFA_EXPERIMENTAL_DESIGN","LEVEL_3_DISCOVERY_ONLY","","Prospective Workstream A screening; API result-rank set preserved in raw snapshot."
"A0111","OpenAlex","PHASE2-SEARCH-0008","2026-07-31","Oxidative pentose phosphate pathway and glucose anaplerosis support maintenance of mitochondrial <scp>NADPH</scp> pool under mitochondrial oxidative stress","Sun Jin Moon; Wentao Dong; Gregory Stephanopoulos; Hadley D. Sikes","2020","10.1002/btm2.10184","https://openalex.org/W3081275109","A-DUP-0094","TITLE_ABSTRACT_EXCLUDED","UNRELATED_TO_13C_MFA_EXPERIMENTAL_DESIGN","LEVEL_3_DISCOVERY_ONLY","","Prospective Workstream A screening; API result-rank set preserved in raw snapshot."
"A0112","OpenAlex","PHASE2-SEARCH-0008","2026-07-31","From Escherichia coli mutant 13C labeling data to a core kinetic model: A kinetic model parameterization pipeline","Charles Foster; Saratram Gopalakrishnan; Maciek R. Antoniewicz; Costas D. Maranas","2019","10.1371/journal.pcbi.1007319","https://openalex.org/W2973177496","A-DUP-0095","TITLE_ABSTRACT_EXCLUDED","NO_GENERALISABLE_EXPERIMENTAL_DESIGN_METHOD","LEVEL_3_DISCOVERY_ONLY","","Prospective Workstream A screening; API result-rank set preserved in raw snapshot."
"A0113","OpenAlex","PHASE2-SEARCH-0008","2026-07-31","A mathematical analysis of adaptations to the metabolic fate of fructose in essential fructosuria subjects","Richard Allen; Cynthia J. Musante","2018","10.1152/ajpendo.00317.2017","https://openalex.org/W2801570766","A-DUP-0096","TITLE_ABSTRACT_EXCLUDED","UNRELATED_TO_13C_MFA_EXPERIMENTAL_DESIGN","LEVEL_3_DISCOVERY_ONLY","","Prospective Workstream A screening; API result-rank set preserved in raw snapshot."
"A0114","OpenAlex","PHASE2-SEARCH-0008","2026-07-31","Metabolomics in toxicology and preclinical research","Tzutzuy Ramı́rez","2013","10.14573/altex.2013.2.209","https://openalex.org/W2109770073","A-DUP-0097","TITLE_ABSTRACT_EXCLUDED","NO_GENERALISABLE_EXPERIMENTAL_DESIGN_METHOD","LEVEL_3_DISCOVERY_ONLY","","Prospective Workstream A screening; API result-rank set preserved in raw snapshot."
"A0115","OpenAlex","PHASE2-SEARCH-0008","2026-07-31","Quantitative Profiling of Ubiquitylated Proteins Reveals Proteasome Substrates and the Substrate Repertoire Influenced by the Rpn10 Receptor Pathway","Thibault Mayor; Johannes Graumann; Jennifer Bryan; Michael J. MacCoss; Raymond J. Deshaies","2007","10.1074/mcp.m700264-mcp200","https://openalex.org/W2162918649","A-DUP-0098","TITLE_ABSTRACT_EXCLUDED","UNRELATED_TO_13C_MFA_EXPERIMENTAL_DESIGN","LEVEL_3_DISCOVERY_ONLY","","Prospective Workstream A screening; API result-rank set preserved in raw snapshot."
"A0116","OpenAlex","PHASE2-SEARCH-0008","2026-07-31","Chytridiomycosis causes catastrophic organism-wide metabolic dysregulation including profound failure of cellular energy pathways","Laura F. Grogan; Lee F. Skerratt; Lee Berger; Scott D. Cashins; Robert D. Trengove; Joel P. A. Gummer","2018","10.1038/s41598-018-26427-z","https://openalex.org/W2806431215","A-DUP-0099","TITLE_ABSTRACT_EXCLUDED","UNRELATED_TO_13C_MFA_EXPERIMENTAL_DESIGN","LEVEL_3_DISCOVERY_ONLY","","Prospective Workstream A screening; API result-rank set preserved in raw snapshot."
"A0117","OpenAlex","PHASE2-SEARCH-0008","2026-07-31","Metabolomics: A Scoping Review of Its Role as a Tool for Disease Biomarker Discovery in Selected Non-Communicable Diseases","Adewale Victor Aderemi; Ademola Olabode Ayeleso; O. O. Oyedapo; Emmanuel Mukwevho","2021","10.3390/metabo11070418","https://openalex.org/W3175040361","A-DUP-0100","TITLE_ABSTRACT_EXCLUDED","SECONDARY_SOURCE_NOT_RETAINED_FOR_PRIMARY_METHOD_EVIDENCE","LEVEL_3_DISCOVERY_ONLY","","Prospective Workstream A screening; API result-rank set preserved in raw snapshot."
"A0118","OpenAlex","PHASE2-SEARCH-0008","2026-07-31","The evolution of biogeochemical recycling by persistence-based selection","Richard A. Boyle; Timothy M. Lenton","2022","10.1038/s43247-022-00371-3","https://openalex.org/W4214820196","A-DUP-0101","TITLE_ABSTRACT_EXCLUDED","UNRELATED_TO_13C_MFA_EXPERIMENTAL_DESIGN","LEVEL_3_DISCOVERY_ONLY","","Prospective Workstream A screening; API result-rank set preserved in raw snapshot."
"A0119","OpenAlex","PHASE2-SEARCH-0008","2026-07-31","Integration of Metabolomic and Proteomic Phenotypes","Stefanie Wienkoop; Katja Morgenthal; Florian Wolschin; Matthias Scholz; Joachim Selbig; Wolfram Weckwerth","2008","10.1074/mcp.m700273-mcp200","https://openalex.org/W2107962514","A-DUP-0102","TITLE_ABSTRACT_EXCLUDED","NO_GENERALISABLE_EXPERIMENTAL_DESIGN_METHOD","LEVEL_3_DISCOVERY_ONLY","","Prospective Workstream A screening; API result-rank set preserved in raw snapshot."
"A0120","OpenAlex forward citations","PHASE2-SEARCH-0009","2026-07-31","A roadmap for interpreting 13C metabolite labeling patterns from cells","Joerg M. Buescher; Maciek R. Antoniewicz; László G. Boros; Shawn C. Burgess; Henri Brunengraber; Clary B. Clish; Ralph J. DeBerardinis; Olivier Féron; Christian Frezza; Bart Ghesquière; Eyal Gottlieb; Karsten Hiller; Russell G. Jones; Jurre J. Kamphorst; Richard G. Kibbey; Alec C. Kimmelman; Jason W. Locasale; Sophia Y. Lunt; Oliver D.K. Maddocks; Craig R. Malloy; Christian M. Metallo; Emmanuelle J. Meuillet; Joshua Munger; Katharina Nöh; Joshua D. Rabinowitz; Markus Ralser; Uwe Sauer; Gregory Stephanopoulos; Julie St‐Pierre; Daniel A. Tennant; Christoph Wittmann; Matthew G. Vander Heiden; Alexei Vázquez; Karen H. Vousden; Jamey D. Young; Nicola Zamboni; Sarah‐Maria Fendt","2015","10.1016/j.copbio.2015.02.003","https://openalex.org/W2137386173","A-DUP-0103","TITLE_ABSTRACT_EXCLUDED","SECONDARY_SOURCE_NOT_RETAINED_FOR_PRIMARY_METHOD_EVIDENCE","LEVEL_3_DISCOVERY_ONLY","","Prospective Workstream A screening; API result-rank set preserved in raw snapshot."
"A0121","OpenAlex forward citations","PHASE2-SEARCH-0009","2026-07-31","A guide to 13C metabolic flux analysis for the cancer biologist","Maciek R. Antoniewicz","2018","10.1038/s12276-018-0060-y","https://openalex.org/W2796927648","A-DUP-0034","DUPLICATE","DUPLICATE_RECORD_RETURNED_BY_EARLIER_PHASE2A_QUERY","LEVEL_3_DISCOVERY_ONLY","","Prospective Workstream A screening; API result-rank set preserved in raw snapshot."
"A0122","OpenAlex forward citations","PHASE2-SEARCH-0009","2026-07-31","Methods and advances in metabolic flux analysis: a mini-review","Maciek R. Antoniewicz","2015","10.1007/s10295-015-1585-x","https://openalex.org/W2091282042","A-DUP-0104","TITLE_ABSTRACT_EXCLUDED","SECONDARY_SOURCE_NOT_RETAINED_FOR_PRIMARY_METHOD_EVIDENCE","LEVEL_3_DISCOVERY_ONLY","","Prospective Workstream A screening; API result-rank set preserved in raw snapshot."
"A0123","OpenAlex forward citations","PHASE2-SEARCH-0009","2026-07-31","High-resolution 13C metabolic flux analysis","Christopher P. Long; Maciek R. Antoniewicz","2019","10.1038/s41596-019-0204-0","https://openalex.org/W2970801850","A-DUP-0105","TITLE_ABSTRACT_EXCLUDED","NO_GENERALISABLE_EXPERIMENTAL_DESIGN_METHOD","LEVEL_3_DISCOVERY_ONLY","","Prospective Workstream A screening; API result-rank set preserved in raw snapshot."
"A0124","OpenAlex forward citations","PHASE2-SEARCH-0009","2026-07-31","Parallel labeling experiments with [1,2-13C]glucose and [U-13C]glutamine provide new insights into CHO cell metabolism","Woo Suk Ahn; Maciek R. Antoniewicz","2012","10.1016/j.ymben.2012.10.001","https://openalex.org/W1976552586","A-DUP-0106","TITLE_ABSTRACT_INCLUDED","","LEVEL_2_SUPPORTING","","Prospective Workstream A screening; API result-rank set preserved in raw snapshot."
"A0125","OpenAlex forward citations","PHASE2-SEARCH-0009","2026-07-31","A guide to metabolic flux analysis in metabolic engineering: Methods, tools and applications","Maciek R. Antoniewicz","2020","10.1016/j.ymben.2020.11.002","https://openalex.org/W3096266289","A-DUP-0107","TITLE_ABSTRACT_EXCLUDED","SECONDARY_SOURCE_NOT_RETAINED_FOR_PRIMARY_METHOD_EVIDENCE","LEVEL_3_DISCOVERY_ONLY","","Prospective Workstream A screening; API result-rank set preserved in raw snapshot."
"A0126","OpenAlex forward citations","PHASE2-SEARCH-0009","2026-07-31","Comprehensive analysis of glucose and xylose metabolism in Escherichia coli under aerobic and anaerobic conditions by 13C metabolic flux analysis","Jacqueline E. Gonzalez; Christopher P. Long; Maciek R. Antoniewicz","2016","10.1016/j.ymben.2016.11.003","https://openalex.org/W2553925349","A-DUP-0108","TITLE_ABSTRACT_EXCLUDED","NO_GENERALISABLE_EXPERIMENTAL_DESIGN_METHOD","LEVEL_3_DISCOVERY_ONLY","","Prospective Workstream A screening; API result-rank set preserved in raw snapshot."
"A0127","OpenAlex forward citations","PHASE2-SEARCH-0009","2026-07-31","Fluxomics – connecting ‘omics analysis and phenotypes","Gal Winter; Jens O. Krömer","2012","10.1111/1462-2920.12064","https://openalex.org/W1595591865","A-DUP-0109","TITLE_ABSTRACT_EXCLUDED","UNRELATED_TO_13C_MFA_EXPERIMENTAL_DESIGN","LEVEL_3_DISCOVERY_ONLY","","Prospective Workstream A screening; API result-rank set preserved in raw snapshot."
"A0128","OpenAlex forward citations","PHASE2-SEARCH-0009","2026-07-31","Mathematical optimization applications in metabolic networks","Ali R. Zomorrodi; Patrick F. Suthers; Sridhar Ranganathan; Costas D. Maranas","2012","10.1016/j.ymben.2012.09.005","https://openalex.org/W2136832197","A-DUP-0110","TITLE_ABSTRACT_EXCLUDED","UNRELATED_TO_13C_MFA_EXPERIMENTAL_DESIGN","LEVEL_3_DISCOVERY_ONLY","","Prospective Workstream A screening; API result-rank set preserved in raw snapshot."
"A0129","OpenAlex forward citations","PHASE2-SEARCH-0009","2026-07-31","Tracking the metabolic pulse of plant lipid production with isotopic labeling and flux analyses: Past, present and future","Doug K. Allen; Philip D. Bates; Henrik Tjellström","2015","10.1016/j.plipres.2015.02.002","https://openalex.org/W2020878621","A-DUP-0111","TITLE_ABSTRACT_EXCLUDED","SECONDARY_SOURCE_NOT_RETAINED_FOR_PRIMARY_METHOD_EVIDENCE","LEVEL_3_DISCOVERY_ONLY","","Prospective Workstream A screening; API result-rank set preserved in raw snapshot."
"A0130","OpenAlex forward citations","PHASE2-SEARCH-0009","2026-07-31","Flux analysis and metabolomics for systematic metabolic engineering of microorganisms","Yoshihiro Toya; Hiroshi Shimizu","2013","10.1016/j.biotechadv.2013.05.002","https://openalex.org/W2046546139","A-DUP-0112","TITLE_ABSTRACT_EXCLUDED","NO_GENERALISABLE_EXPERIMENTAL_DESIGN_METHOD","LEVEL_3_DISCOVERY_ONLY","","Prospective Workstream A screening; API result-rank set preserved in raw snapshot."
"A0131","OpenAlex forward citations","PHASE2-SEARCH-0009","2026-07-31","13C metabolic flux analysis: optimal design of isotopic labeling experiments","Maciek R. Antoniewicz","2013","10.1016/j.copbio.2013.02.003","https://openalex.org/W1986705073","A-DUP-0069","DUPLICATE","DUPLICATE_RECORD_RETURNED_BY_EARLIER_PHASE2A_QUERY","LEVEL_3_DISCOVERY_ONLY","","Prospective Workstream A screening; API result-rank set preserved in raw snapshot. Secondary isotope-design review retained for primary-source discovery only."
"A0132","OpenAlex forward citations","PHASE2-SEARCH-0009","2026-07-31","COMPLETE-MFA: Complementary parallel labeling experiments technique for metabolic flux analysis","Robert W. Leighty; Maciek R. Antoniewicz","2013","10.1016/j.ymben.2013.08.006","https://openalex.org/W2095203814","A-DUP-0113","TITLE_ABSTRACT_INCLUDED","","LEVEL_2_SUPPORTING","P0008","Prospective Workstream A screening; API result-rank set preserved in raw snapshot. Abstract-level parallel-experiment method; no load-bearing claim."
"A0133","OpenAlex forward citations","PHASE2-SEARCH-0009","2026-07-31","Profiling metabolic networks to study cancer metabolism","Karsten Hiller; Christian M. Metallo","2012","10.1016/j.copbio.2012.11.001","https://openalex.org/W2045305349","A-DUP-0114","TITLE_ABSTRACT_EXCLUDED","NO_GENERALISABLE_EXPERIMENTAL_DESIGN_METHOD","LEVEL_3_DISCOVERY_ONLY","","Prospective Workstream A screening; API result-rank set preserved in raw snapshot."
"A0134","OpenAlex forward citations","PHASE2-SEARCH-0009","2026-07-31","Isotopically non-stationary metabolic flux analysis: complex yet highly informative","Wolfgang Wiechert; Katharina Nöh","2013","10.1016/j.copbio.2013.03.024","https://openalex.org/W2030933109","A-DUP-0079","DUPLICATE","DUPLICATE_RECORD_RETURNED_BY_EARLIER_PHASE2A_QUERY","LEVEL_3_DISCOVERY_ONLY","","Prospective Workstream A screening; API result-rank set preserved in raw snapshot."
"A0135","OpenAlex forward citations","PHASE2-SEARCH-0009","2026-07-31","Publishing 13C metabolic flux analysis studies: A review and future perspectives","Scott B. Crown; Maciek R. Antoniewicz","2013","10.1016/j.ymben.2013.08.005","https://openalex.org/W2009378698","A-DUP-0076","DUPLICATE","DUPLICATE_RECORD_RETURNED_BY_EARLIER_PHASE2A_QUERY","LEVEL_3_DISCOVERY_ONLY","","Prospective Workstream A screening; API result-rank set preserved in raw snapshot."
"A0136","OpenAlex forward citations","PHASE2-SEARCH-0009","2026-07-31","Automating the design-build-test-learn cycle towards next-generation bacterial cell factories","Nicolás Gurdo; Daniel C. Volke; Douglas McCloskey; Pablo I. Nikel","2023","10.1016/j.nbt.2023.01.002","https://openalex.org/W4318677104","A-DUP-0115","TITLE_ABSTRACT_EXCLUDED","UNRELATED_TO_13C_MFA_EXPERIMENTAL_DESIGN","LEVEL_3_DISCOVERY_ONLY","","Prospective Workstream A screening; API result-rank set preserved in raw snapshot."
"A0137","OpenAlex forward citations","PHASE2-SEARCH-0009","2026-07-31","Rational design of 13C-labeling experiments for metabolic flux analysis in mammalian cells","Scott B. Crown; Woo Suk Ahn; Maciek R. Antoniewicz","2012","10.1186/1752-0509-6-43","https://openalex.org/W2008421457","A-DUP-0004","DUPLICATE","DUPLICATE_RECORD_RETURNED_BY_EARLIER_PHASE2A_QUERY","LEVEL_3_DISCOVERY_ONLY","P0006","Prospective Workstream A screening; API result-rank set preserved in raw snapshot."
"A0138","OpenAlex forward citations","PHASE2-SEARCH-0009","2026-07-31","Integrated 13 C-metabolic flux analysis of 14 parallel labeling experiments in Escherichia coli","Scott B. Crown; Christopher P. Long; Maciek R. Antoniewicz","2015","10.1016/j.ymben.2015.01.001","https://openalex.org/W1981299471","A-DUP-0116","TITLE_ABSTRACT_INCLUDED","","LEVEL_2_SUPPORTING","","Prospective Workstream A screening; API result-rank set preserved in raw snapshot. Direct multi-experiment isotope-analysis lead; design implications remain provisional."
"A0139","OpenAlex forward citations","PHASE2-SEARCH-0009","2026-07-31","Understanding metabolism with flux analysis: From theory to application","Ziwei Dai; Jason W. Locasale","2016","10.1016/j.ymben.2016.09.005","https://openalex.org/W2521505040","A-DUP-0117","TITLE_ABSTRACT_EXCLUDED","NO_GENERALISABLE_EXPERIMENTAL_DESIGN_METHOD","LEVEL_3_DISCOVERY_ONLY","","Prospective Workstream A screening; API result-rank set preserved in raw snapshot."
"A0140","OpenAlex forward citations","PHASE2-SEARCH-0009","2026-07-31","Parallel labeling experiments with [U-13C]glucose validate E. coli metabolic network model for 13C metabolic flux analysis","Robert W. Leighty; Maciek R. Antoniewicz","2012","10.1016/j.ymben.2012.06.003","https://openalex.org/W1968600644","A-DUP-0061","DUPLICATE","DUPLICATE_RECORD_RETURNED_BY_EARLIER_PHASE2A_QUERY","LEVEL_3_DISCOVERY_ONLY","P0033","Prospective Workstream A screening; API result-rank set preserved in raw snapshot."
"A0141","OpenAlex forward citations","PHASE2-SEARCH-0009","2026-07-31","Parallel labeling experiments and metabolic flux analysis: Past, present and future methodologies","Scott B. Crown; Maciek R. Antoniewicz","2012","10.1016/j.ymben.2012.11.010","https://openalex.org/W2012583526","A-DUP-0118","TITLE_ABSTRACT_EXCLUDED","SECONDARY_SOURCE_NOT_RETAINED_FOR_PRIMARY_METHOD_EVIDENCE","LEVEL_3_DISCOVERY_ONLY","","Prospective Workstream A screening; API result-rank set preserved in raw snapshot."
"A0142","OpenAlex forward citations","PHASE2-SEARCH-0009","2026-07-31","Tandem mass spectrometry for measuring stable-isotope labeling","Maciek R. Antoniewicz","2012","10.1016/j.copbio.2012.10.011","https://openalex.org/W2013116502","A-DUP-0119","TITLE_ABSTRACT_INCLUDED","","LEVEL_3_DISCOVERY_ONLY","","Prospective Workstream A screening; API result-rank set preserved in raw snapshot. Measurement-method review retained for primary-source discovery only."
"A0143","OpenAlex forward citations","PHASE2-SEARCH-0009","2026-07-31","Metabolic flux analysis: a comprehensive review on sample preparation, analytical techniques, data analysis, computational modelling, and main application areas","Bruna de Falco; Francesco Giannino; Fabrizio Cartenì; Stefano Mazzoleni; Dong‐Hyun Kim","2022","10.1039/d2ra03326g","https://openalex.org/W4294934919","A-DUP-0027","DUPLICATE","DUPLICATE_RECORD_RETURNED_BY_EARLIER_PHASE2A_QUERY","LEVEL_3_DISCOVERY_ONLY","","Prospective Workstream A screening; API result-rank set preserved in raw snapshot."
"A0144","OpenAlex forward citations","PHASE2-SEARCH-0009","2026-07-31","A synthetic C2 auxotroph of Pseudomonas putida for evolutionary engineering of alternative sugar catabolic routes","Nicolas T. Wirth; Nicolás Gurdo; Nicolas Krink; Àngela Vidal‐Verdú; Stefano Donati; Lorena Fernández‐Cabezón; Tune Wulff; Pablo I. Nikel","2022","10.1016/j.ymben.2022.09.004","https://openalex.org/W4296821946","A-DUP-0120","TITLE_ABSTRACT_EXCLUDED","UNRELATED_TO_13C_MFA_EXPERIMENTAL_DESIGN","LEVEL_3_DISCOVERY_ONLY","","Prospective Workstream A screening; API result-rank set preserved in raw snapshot."
"A0145","OpenAlex forward citations","PHASE2-SEARCH-0009","2026-07-31","13C metabolic flux analysis at a genome-scale","Saratram Gopalakrishnan; Costas D. Maranas","2015","10.1016/j.ymben.2015.08.006","https://openalex.org/W1695139953","A-DUP-0062","DUPLICATE","DUPLICATE_RECORD_RETURNED_BY_EARLIER_PHASE2A_QUERY","LEVEL_3_DISCOVERY_ONLY","","Prospective Workstream A screening; API result-rank set preserved in raw snapshot."
"A0146","OpenAlex forward citations","PHASE2-SEARCH-0009","2026-07-31","13C-metabolic flux analysis of co-cultures: A novel approach","Nikodimos A. Gebreselassie; Maciek R. Antoniewicz","2015","10.1016/j.ymben.2015.07.005","https://openalex.org/W974561090","A-DUP-0070","DUPLICATE","DUPLICATE_RECORD_RETURNED_BY_EARLIER_PHASE2A_QUERY","LEVEL_3_DISCOVERY_ONLY","","Prospective Workstream A screening; API result-rank set preserved in raw snapshot."
"A0147","OpenAlex forward citations","PHASE2-SEARCH-0009","2026-07-31","Measuring Complete Isotopomer Distribution of Aspartate Using Gas Chromatography/Tandem Mass Spectrometry","Jungik Choi; Matthew T. Grossbach; Maciek R. Antoniewicz","2012","10.1021/ac300611n","https://openalex.org/W2316274763","A-DUP-0121","TITLE_ABSTRACT_EXCLUDED","UNRELATED_TO_13C_MFA_EXPERIMENTAL_DESIGN","LEVEL_3_DISCOVERY_ONLY","","Prospective Workstream A screening; API result-rank set preserved in raw snapshot."
"A0148","OpenAlex forward citations","PHASE2-SEARCH-0009","2026-07-31","Optimal tracers for parallel labeling experiments and 13C metabolic flux analysis: A new precision and synergy scoring system","Scott B. Crown; Christopher P. Long; Maciek R. Antoniewicz","2016","10.1016/j.ymben.2016.06.001","https://openalex.org/W2409209783","A-DUP-0122","FULL_TEXT_INCLUDED","","LEVEL_1_LOAD_BEARING","P0037","Prospective Workstream A screening; API result-rank set preserved in raw snapshot."
"A0149","OpenAlex forward citations","PHASE2-SEARCH-0009","2026-07-31","Parallel labeling experiments for pathway elucidation and 13C metabolic flux analysis","Maciek R. Antoniewicz","2015","10.1016/j.copbio.2015.08.014","https://openalex.org/W1781745633","A-DUP-0123","TITLE_ABSTRACT_INCLUDED","","LEVEL_2_SUPPORTING","","Prospective Workstream A screening; API result-rank set preserved in raw snapshot."
"A0150","OpenAlex forward citations","PHASE2-SEARCH-0009","2026-07-31","Metabolic flux analysis of Escherichia coli knockouts: lessons from the Keio collection and future outlook","Christopher P. Long; Maciek R. Antoniewicz","2014","10.1016/j.copbio.2014.02.006","https://openalex.org/W2041956479","A-DUP-0124","TITLE_ABSTRACT_EXCLUDED","NO_GENERALISABLE_EXPERIMENTAL_DESIGN_METHOD","LEVEL_3_DISCOVERY_ONLY","","Prospective Workstream A screening; API result-rank set preserved in raw snapshot."
"A0151","OpenAlex forward citations","PHASE2-SEARCH-0009","2026-07-31","13C metabolic flux analysis of microbial and mammalian systems is enhanced with GC-MS measurements of glycogen and RNA labeling","Christopher P. Long; Jennifer Au; Jacqueline E. Gonzalez; Maciek R. Antoniewicz","2016","10.1016/j.ymben.2016.06.007","https://openalex.org/W2462095501","A-DUP-0125","TITLE_ABSTRACT_INCLUDED","","LEVEL_2_SUPPORTING","","Prospective Workstream A screening; API result-rank set preserved in raw snapshot."
"A0152","OpenAlex forward citations","PHASE2-SEARCH-0009","2026-07-31","OpenFLUX2: 13C-MFA modeling software package adjusted for the comprehensive analysis of single and parallel labeling experiments","М.С. Шуплецов; L. I. Golubeva; Svetlana S Rubina; Dmitry A Podvyaznikov; Shintaro Iwatani; Sergey V. Mashko","2014","10.1186/s12934-014-0152-x","https://openalex.org/W2127636197","A-DUP-0020","DUPLICATE","DUPLICATE_RECORD_RETURNED_BY_EARLIER_PHASE2A_QUERY","LEVEL_3_DISCOVERY_ONLY","","Prospective Workstream A screening; API result-rank set preserved in raw snapshot."
"A0153","OpenAlex forward citations","PHASE2-SEARCH-0009","2026-07-31","Evidence for transketolase-like TKTL1 flux in CHO cells based on parallel labeling experiments and 13 C-metabolic flux analysis","Woo Suk Ahn; Scott B. Crown; Maciek R. Antoniewicz","2016","10.1016/j.ymben.2016.05.005","https://openalex.org/W2345428922","A-DUP-0126","TITLE_ABSTRACT_EXCLUDED","NO_GENERALISABLE_EXPERIMENTAL_DESIGN_METHOD","LEVEL_3_DISCOVERY_ONLY","","Prospective Workstream A screening; API result-rank set preserved in raw snapshot."
"A0154","OpenAlex forward citations","PHASE2-SEARCH-0009","2026-07-31","Non‐stationary <sup>13</sup>C‐metabolic flux ratio analysis","Manuel Hörl; Julian Schnidder; Uwe Sauer; Nicola Zamboni","2013","10.1002/bit.25004","https://openalex.org/W2169137285","A-DUP-0127","TITLE_ABSTRACT_EXCLUDED","NO_GENERALISABLE_EXPERIMENTAL_DESIGN_METHOD","LEVEL_3_DISCOVERY_ONLY","","Prospective Workstream A screening; API result-rank set preserved in raw snapshot."
"A0155","OpenAlex forward citations","PHASE2-SEARCH-0009","2026-07-31","Gas Chromatography-Quadrupole Time-of-Flight Mass Spectrometry-Based Determination of Isotopologue and Tandem Mass Isotopomer Fractions of Primary Metabolites for <sup>13</sup>C-Metabolic Flux Analysis","Teresa Mairinger; Matthias G. Steiger; Justyna Nocon; Diethard Mattanovich; Gunda Koellensperger; Stephan Hann","2015","10.1021/acs.analchem.5b03173","https://openalex.org/W2205620230","A-DUP-0128","TITLE_ABSTRACT_EXCLUDED","NO_GENERALISABLE_EXPERIMENTAL_DESIGN_METHOD","LEVEL_3_DISCOVERY_ONLY","","Prospective Workstream A screening; API result-rank set preserved in raw snapshot."
"A0156","OpenAlex forward citations","PHASE2-SEARCH-0009","2026-07-31","Stable isotope-assisted metabolomics to detect metabolic flux changes in mammalian cell cultures","Daniel Mueller; Elmar Heinzle","2012","10.1016/j.copbio.2012.10.015","https://openalex.org/W2073425430","A-DUP-0129","TITLE_ABSTRACT_EXCLUDED","NO_GENERALISABLE_EXPERIMENTAL_DESIGN_METHOD","LEVEL_3_DISCOVERY_ONLY","","Prospective Workstream A screening; API result-rank set preserved in raw snapshot."
"A0157","OpenAlex forward citations","PHASE2-SEARCH-0009","2026-07-31","IsoDesign: A software for optimizing the design of <sup>13</sup>C‐metabolic flux analysis experiments","Pierre Millard; Sergueï Sokol; Fabien Létisse; Jean‐Charles Portais","2013","10.1002/bit.24997","https://openalex.org/W2096303998","A-DUP-0003","DUPLICATE","DUPLICATE_RECORD_RETURNED_BY_EARLIER_PHASE2A_QUERY","LEVEL_3_DISCOVERY_ONLY","","Prospective Workstream A screening; API result-rank set preserved in raw snapshot. Abstract-level software/design lead; no load-bearing claim."
"A0158","OpenAlex forward citations","PHASE2-SEARCH-0009","2026-07-31","Designer labels for plant metabolism: statistical design of isotope labeling experiments for improved quantification of flux in complex plant metabolic networks","Shilpa Nargund; Ganesh Sriram","2012","10.1039/c2mb25253h","https://openalex.org/W2040703574","A-DUP-0130","TITLE_ABSTRACT_INCLUDED","","LEVEL_2_SUPPORTING","","Prospective Workstream A screening; API result-rank set preserved in raw snapshot. Direct isotope-design lead; full method not inspected."
"A0159","OpenAlex forward citations","PHASE2-SEARCH-0009","2026-07-31","Learning from quantitative data to understand central carbon metabolism","Fumio Matsuda; Yoshihiro Toya; Hiroshi Shimizu","2017","10.1016/j.biotechadv.2017.09.006","https://openalex.org/W2756093593","A-DUP-0131","TITLE_ABSTRACT_EXCLUDED","NO_GENERALISABLE_EXPERIMENTAL_DESIGN_METHOD","LEVEL_3_DISCOVERY_ONLY","","Prospective Workstream A screening; API result-rank set preserved in raw snapshot."
"A0160","OpenAlex forward citations","PHASE2-SEARCH-0009","2026-07-31","Strategies for Extending Metabolomics Studies with Stable Isotope Labelling and Fluxomics","Anubhav Srivastava; Greg M. Kowalski; Damien L. Callahan; Peter J. Meikle; Darren J. Creek","2016","10.3390/metabo6040032","https://openalex.org/W2529280609","A-DUP-0132","TITLE_ABSTRACT_EXCLUDED","NO_GENERALISABLE_EXPERIMENTAL_DESIGN_METHOD","LEVEL_3_DISCOVERY_ONLY","","Prospective Workstream A screening; API result-rank set preserved in raw snapshot."
"A0161","OpenAlex forward citations","PHASE2-SEARCH-0009","2026-07-31","Investigation of useful carbon tracers for 13 C-metabolic flux analysis of Escherichia coli by considering five experimentally determined flux distributions","Kousuke Maeda; Nobuyuki Okahashi; Yoshihiro Toya; Fumio Matsuda; Hiroshi Shimizu","2016","10.1016/j.meteno.2016.06.001","https://openalex.org/W2411445023","A-DUP-0133","TITLE_ABSTRACT_INCLUDED","","LEVEL_2_SUPPORTING","","Prospective Workstream A screening; API result-rank set preserved in raw snapshot. Direct tracer-design lead; full method not inspected."
"A0162","OpenAlex forward citations","PHASE2-SEARCH-0009","2026-07-31","Using Multiple Tracers for 13C Metabolic Flux Analysis","Maciek R. Antoniewicz","2013","10.1007/978-1-62703-299-5_17","https://openalex.org/W2413123072","A-DUP-0134","TITLE_ABSTRACT_INCLUDED","","LEVEL_2_SUPPORTING","","Prospective Workstream A screening; API result-rank set preserved in raw snapshot."
"A0163","OpenAlex forward citations","PHASE2-SEARCH-0009","2026-07-31","Computational Framework for Machine-Learning-Enabled <sup>13</sup>C Fluxomics","Chao Wu; Jianping Yu; Michael T. Guarnieri; Wei Xiong","2021","10.1021/acssynbio.1c00189","https://openalex.org/W3210388257","A-DUP-0135","TITLE_ABSTRACT_EXCLUDED","UNRELATED_TO_13C_MFA_EXPERIMENTAL_DESIGN","LEVEL_3_DISCOVERY_ONLY","","Prospective Workstream A screening; API result-rank set preserved in raw snapshot."
"A0164","OpenAlex forward citations","PHASE2-SEARCH-0009","2026-07-31","Model validation and selection in metabolic flux analysis and flux balance analysis","Joshua A. M. Kaste; Yair Shachar‐Hill","2023","10.1002/btpr.3413","https://openalex.org/W4361304224","A-DUP-0026","DUPLICATE","DUPLICATE_RECORD_RETURNED_BY_EARLIER_PHASE2A_QUERY","LEVEL_3_DISCOVERY_ONLY","","Prospective Workstream A screening; API result-rank set preserved in raw snapshot."
"A0165","OpenAlex forward citations","PHASE2-SEARCH-0009","2026-07-31","Comprehensive assessment of measurement uncertainty in 13C-based metabolic flux experiments","Teresa Mairinger; Wolfhard Wegscheider; David A. Peña; Matthias G. Steiger; Gunda Koellensperger; Jürgen Zanghellini; Stephan Hann","2018","10.1007/s00216-018-1017-7","https://openalex.org/W2797301123","A-DUP-0136","TITLE_ABSTRACT_INCLUDED","","LEVEL_2_SUPPORTING","","Prospective Workstream A screening; API result-rank set preserved in raw snapshot."
"A0166","OpenAlex forward citations","PHASE2-SEARCH-0009","2026-07-31","Validation-based model selection for 13C metabolic flux analysis with uncertain measurement errors","Nicolas Sundqvist; Nina Grankvist; Jeramie D. Watrous; Mohit Jain; Roland Nilsson; Gunnar Cedersund","2022","10.1371/journal.pcbi.1009999","https://openalex.org/W4223583835","A-DUP-0052","DUPLICATE","DUPLICATE_RECORD_RETURNED_BY_EARLIER_PHASE2A_QUERY","LEVEL_3_DISCOVERY_ONLY","P0030","Prospective Workstream A screening; API result-rank set preserved in raw snapshot."
"A0167","OpenAlex forward citations","PHASE2-SEARCH-0009","2026-07-31","Metabolic flux analysis reaching genome wide coverage: lessons learned and future perspectives","John I. Hendry; Hoang V. Dinh; Charles Foster; Saratram Gopalakrishnan; Lin Wang; Costas D. Maranas","2020","10.1016/j.coche.2020.05.008","https://openalex.org/W3038231369","A-DUP-0137","TITLE_ABSTRACT_EXCLUDED","SECONDARY_SOURCE_NOT_RETAINED_FOR_PRIMARY_METHOD_EVIDENCE","LEVEL_3_DISCOVERY_ONLY","","Prospective Workstream A screening; API result-rank set preserved in raw snapshot."
"A0168","OpenAlex forward citations","PHASE2-SEARCH-0009","2026-07-31","Stable isotope-based metabolic flux analysis: A robust tool for revealing toxicity pathways of emerging contaminants","Ruijia Zhang; Baowei Chen; Hui Zhang; Lanyin Tu; Tiangang Luan","2023","10.1016/j.trac.2022.116909","https://openalex.org/W4313528874","A-DUP-0138","TITLE_ABSTRACT_EXCLUDED","NO_GENERALISABLE_EXPERIMENTAL_DESIGN_METHOD","LEVEL_3_DISCOVERY_ONLY","","Prospective Workstream A screening; API result-rank set preserved in raw snapshot."
"A0169","OpenAlex forward citations","PHASE2-SEARCH-0009","2026-07-31","13C metabolic flux analysis of recombinant expression hosts","Jamey D. Young","2014","10.1016/j.copbio.2014.10.004","https://openalex.org/W2049807779","A-DUP-0139","TITLE_ABSTRACT_EXCLUDED","NO_GENERALISABLE_EXPERIMENTAL_DESIGN_METHOD","LEVEL_3_DISCOVERY_ONLY","","Prospective Workstream A screening; API result-rank set preserved in raw snapshot."
"A0170","Crossref","PHASE2-SEARCH-0010","2026-07-31","tcaSIM: A Simulation Program for Optimal Design of 13C Tracer Experiments for Analysis of Metabolic Flux by NMR and Mass Spectroscopy","Jeffry R. Alger; A. Dean Sherry; Craig R. Malloy","2019","10.2174/2213235x07666181219115856","10.2174/2213235x07666181219115856","A-DUP-0140","TITLE_ABSTRACT_INCLUDED","","LEVEL_2_SUPPORTING","","Prospective Workstream A screening; API result-rank set preserved in raw snapshot."
"A0171","Crossref","PHASE2-SEARCH-0010","2026-07-31","13C metabolic flux analysis: optimal design of isotopic labeling experiments","Maciek R Antoniewicz","2013","10.1016/j.copbio.2013.02.003","10.1016/j.copbio.2013.02.003","A-DUP-0069","DUPLICATE","DUPLICATE_RECORD_RETURNED_BY_EARLIER_PHASE2A_QUERY","LEVEL_3_DISCOVERY_ONLY","","Prospective Workstream A screening; API result-rank set preserved in raw snapshot. Secondary isotope-design review retained for primary-source discovery only."
"A0172","Crossref","PHASE2-SEARCH-0010","2026-07-31","Optimal tracers for parallel labeling experiments and 13C metabolic flux analysis: A new precision and synergy scoring system","Scott B. Crown; Christopher P. Long; Maciek R. Antoniewicz","2016","10.1016/j.ymben.2016.06.001","10.1016/j.ymben.2016.06.001","A-DUP-0122","DUPLICATE","DUPLICATE_RECORD_RETURNED_BY_EARLIER_PHASE2A_QUERY","LEVEL_3_DISCOVERY_ONLY","P0037","Prospective Workstream A screening; API result-rank set preserved in raw snapshot."
"A0173","Crossref","PHASE2-SEARCH-0010","2026-07-31","Optimal Reactor Design via Flux Profile Analysis for an Integrated Hydroformylation Process","","","10.1021/acs.iecr.7b01939.s001","10.1021/acs.iecr.7b01939.s001","A-DUP-0141","TITLE_ABSTRACT_EXCLUDED","UNRELATED_TO_13C_MFA_EXPERIMENTAL_DESIGN","LEVEL_3_DISCOVERY_ONLY","","Prospective Workstream A screening; API result-rank set preserved in raw snapshot."
"A0174","Crossref","PHASE2-SEARCH-0010","2026-07-31","Review for ""Optimal control for the metabolic activity of microbial cells through the metabolic flux parameterization""","","2025","10.1002/cjce.25733/v1/review1","10.1002/cjce.25733/v1/review1","A-DUP-0142","TITLE_ABSTRACT_EXCLUDED","SECONDARY_SOURCE_NOT_RETAINED_FOR_PRIMARY_METHOD_EVIDENCE","LEVEL_3_DISCOVERY_ONLY","","Prospective Workstream A screening; API result-rank set preserved in raw snapshot."
"A0175","Crossref","PHASE2-SEARCH-0010","2026-07-31","On paradoxes between optimal growth, metabolic control analysis, and flux balance analysis","Hans V. Westerhoff","2023","10.1016/j.biosystems.2023.104998","10.1016/j.biosystems.2023.104998","A-DUP-0143","TITLE_ABSTRACT_EXCLUDED","UNRELATED_TO_13C_MFA_EXPERIMENTAL_DESIGN","LEVEL_3_DISCOVERY_ONLY","","Prospective Workstream A screening; API result-rank set preserved in raw snapshot."
"A0176","Crossref","PHASE2-SEARCH-0010","2026-07-31","1. Sequential Analysis and Optimal Design","Herman Chernoff","1972","10.1137/1.9781611970593.ch1","10.1137/1.9781611970593.ch1","A-DUP-0144","TITLE_ABSTRACT_EXCLUDED","UNRELATED_TO_13C_MFA_EXPERIMENTAL_DESIGN","LEVEL_3_DISCOVERY_ONLY","","Prospective Workstream A screening; API result-rank set preserved in raw snapshot."
"A0177","Crossref","PHASE2-SEARCH-0010","2026-07-31","Review for ""Optimal control for the metabolic activity of microbial cells through the metabolic flux parameterization""","","2025","10.1002/cjce.25733/v1/review2","10.1002/cjce.25733/v1/review2","A-DUP-0142","DUPLICATE","DUPLICATE_RECORD_RETURNED_BY_EARLIER_PHASE2A_QUERY","LEVEL_3_DISCOVERY_ONLY","","Prospective Workstream A screening; API result-rank set preserved in raw snapshot."
"A0178","Crossref","PHASE2-SEARCH-0010","2026-07-31","Conservation of high-flux backbone in alternate optimal and near-optimal flux distributions of metabolic networks","Areejit Samal","2008","10.1007/s11693-009-9025-8","10.1007/s11693-009-9025-8","A-DUP-0145","TITLE_ABSTRACT_EXCLUDED","UNRELATED_TO_13C_MFA_EXPERIMENTAL_DESIGN","LEVEL_3_DISCOVERY_ONLY","","Prospective Workstream A screening; API result-rank set preserved in raw snapshot."
"A0179","Crossref","PHASE2-SEARCH-0010","2026-07-31","Decision letter for ""Optimal control for the metabolic activity of microbial cells through the metabolic flux parameterization""","","2025","10.1002/cjce.25733/v1/decision1","10.1002/cjce.25733/v1/decision1","A-DUP-0146","TITLE_ABSTRACT_EXCLUDED","NO_GENERALISABLE_EXPERIMENTAL_DESIGN_METHOD","LEVEL_3_DISCOVERY_ONLY","","Prospective Workstream A screening; API result-rank set preserved in raw snapshot."
"A0180","Crossref","PHASE2-SEARCH-0010","2026-07-31","Decision letter for ""Optimal control for the metabolic activity of microbial cells through the metabolic flux parameterization""","","2025","10.1002/cjce.25733/v2/decision1","10.1002/cjce.25733/v2/decision1","A-DUP-0146","DUPLICATE","DUPLICATE_RECORD_RETURNED_BY_EARLIER_PHASE2A_QUERY","LEVEL_3_DISCOVERY_ONLY","","Prospective Workstream A screening; API result-rank set preserved in raw snapshot."
"A0181","Crossref","PHASE2-SEARCH-0010","2026-07-31","Utilizing elementary mode analysis, pathway thermodynamics, and a genetic algorithm for metabolic flux determination and optimal metabolic network design","Brett A Boghigian; Hai Shi; Kyongbum Lee; Blaine A Pfeifer","2010","10.1186/1752-0509-4-49","10.1186/1752-0509-4-49","A-DUP-0147","TITLE_ABSTRACT_EXCLUDED","NO_GENERALISABLE_EXPERIMENTAL_DESIGN_METHOD","LEVEL_3_DISCOVERY_ONLY","","Prospective Workstream A screening; API result-rank set preserved in raw snapshot."
"A0182","Crossref","PHASE2-SEARCH-0010","2026-07-31","Review for ""Optimal rotor design of novel axial flux synchronous reluctance motor and validation""","","2020","10.1002/2050-7038.12866/v1/review2","10.1002/2050-7038.12866/v1/review2","A-DUP-0148","TITLE_ABSTRACT_EXCLUDED","SECONDARY_SOURCE_NOT_RETAINED_FOR_PRIMARY_METHOD_EVIDENCE","LEVEL_3_DISCOVERY_ONLY","","Prospective Workstream A screening; API result-rank set preserved in raw snapshot."
"A0183","Crossref","PHASE2-SEARCH-0010","2026-07-31","Transverse Flux Permanent Magnet Synchronous Motor Analysis, Optimal Design, and Control","Ion Boldea; Lucian Tutelea","2018","10.1201/9780429458316-12","10.1201/9780429458316-12","A-DUP-0149","TITLE_ABSTRACT_EXCLUDED","UNRELATED_TO_13C_MFA_EXPERIMENTAL_DESIGN","LEVEL_3_DISCOVERY_ONLY","","Prospective Workstream A screening; API result-rank set preserved in raw snapshot."
"A0184","Crossref","PHASE2-SEARCH-0010","2026-07-31","Review for ""Optimal rotor design of novel axial flux synchronous reluctance motor and validation""","","2020","10.1002/2050-7038.12866/v1/review1","10.1002/2050-7038.12866/v1/review1","A-DUP-0150","TITLE_ABSTRACT_EXCLUDED","SECONDARY_SOURCE_NOT_RETAINED_FOR_PRIMARY_METHOD_EVIDENCE","LEVEL_3_DISCOVERY_ONLY","","Prospective Workstream A screening; API result-rank set preserved in raw snapshot."
"A0185","Crossref","PHASE2-SEARCH-0010","2026-07-31","Review for ""Optimal rotor design of novel axial flux synchronous reluctance motor and validation""","","2021","10.1002/2050-7038.12866/v2/review1","10.1002/2050-7038.12866/v2/review1","A-DUP-0151","TITLE_ABSTRACT_EXCLUDED","SECONDARY_SOURCE_NOT_RETAINED_FOR_PRIMARY_METHOD_EVIDENCE","LEVEL_3_DISCOVERY_ONLY","","Prospective Workstream A screening; API result-rank set preserved in raw snapshot."
"A0186","Crossref","PHASE2-SEARCH-0010","2026-07-31","Sampling with poling-based flux balance analysis: optimal versus sub-optimal flux space analysis of Actinobacillus succinogenes","Michael Binns; Pedro de Atauri; Anestis Vlysidis; Marta Cascante; Constantinos Theodoropoulos","2015","10.1186/s12859-015-0476-5","10.1186/s12859-015-0476-5","A-DUP-0152","TITLE_ABSTRACT_EXCLUDED","UNRELATED_TO_13C_MFA_EXPERIMENTAL_DESIGN","LEVEL_3_DISCOVERY_ONLY","","Prospective Workstream A screening; API result-rank set preserved in raw snapshot."
"A0187","Crossref","PHASE2-SEARCH-0010","2026-07-31","Optimal Shape Design","","1992","10.1142/9789814439602_0013","10.1142/9789814439602_0013","A-DUP-0153","TITLE_ABSTRACT_EXCLUDED","UNRELATED_TO_13C_MFA_EXPERIMENTAL_DESIGN","LEVEL_3_DISCOVERY_ONLY","","Prospective Workstream A screening; API result-rank set preserved in raw snapshot."
"A0188","Crossref","PHASE2-SEARCH-0010","2026-07-31","8. Optimal Moment Matrices and Optimal Designs","","2006","10.1137/1.9780898719109.ch8","10.1137/1.9780898719109.ch8","A-DUP-0154","TITLE_ABSTRACT_EXCLUDED","UNRELATED_TO_13C_MFA_EXPERIMENTAL_DESIGN","LEVEL_3_DISCOVERY_ONLY","","Prospective Workstream A screening; API result-rank set preserved in raw snapshot."
"A0189","Crossref","PHASE2-SEARCH-0010","2026-07-31","Review for ""Optimal rotor design of novel axial flux synchronous reluctance motor and validation""","","2021","10.1002/2050-7038.12866/v2/review2","10.1002/2050-7038.12866/v2/review2","A-DUP-0155","TITLE_ABSTRACT_EXCLUDED","SECONDARY_SOURCE_NOT_RETAINED_FOR_PRIMARY_METHOD_EVIDENCE","LEVEL_3_DISCOVERY_ONLY","","Prospective Workstream A screening; API result-rank set preserved in raw snapshot."
"A0190","Crossref","PHASE2-SEARCH-0010","2026-07-31","Review for ""Optimal rotor design of novel axial flux synchronous reluctance motor and validation""","","2020","10.1002/2050-7038.12866/v1/review3","10.1002/2050-7038.12866/v1/review3","A-DUP-0156","TITLE_ABSTRACT_EXCLUDED","SECONDARY_SOURCE_NOT_RETAINED_FOR_PRIMARY_METHOD_EVIDENCE","LEVEL_3_DISCOVERY_ONLY","","Prospective Workstream A screening; API result-rank set preserved in raw snapshot."
"A0191","Crossref","PHASE2-SEARCH-0010","2026-07-31","Optimal experiment design in plasma protein metabolic studies: Sequential, optimal sampling schedules for quantifying kinetics","J. J. DiStefano","1984","10.1007/978-1-4613-2793-6_2","10.1007/978-1-4613-2793-6_2","A-DUP-0157","TITLE_ABSTRACT_EXCLUDED","UNRELATED_TO_13C_MFA_EXPERIMENTAL_DESIGN","LEVEL_3_DISCOVERY_ONLY","","Prospective Workstream A screening; API result-rank set preserved in raw snapshot."
"A0192","Crossref","PHASE2-SEARCH-0010","2026-07-31","Shape Design Sensitivity Analysis and Optimal Design of Structural Systems","Kyung K. Choi","1987","10.1007/978-3-642-83051-8_13","10.1007/978-3-642-83051-8_13","A-DUP-0158","TITLE_ABSTRACT_EXCLUDED","UNRELATED_TO_13C_MFA_EXPERIMENTAL_DESIGN","LEVEL_3_DISCOVERY_ONLY","","Prospective Workstream A screening; API result-rank set preserved in raw snapshot."
"A0193","Crossref","PHASE2-SEARCH-0010","2026-07-31","Optimal Control and Optimal Observers","","2007","10.1002/9780470059579.ch4","10.1002/9780470059579.ch4","A-DUP-0159","TITLE_ABSTRACT_EXCLUDED","UNRELATED_TO_13C_MFA_EXPERIMENTAL_DESIGN","LEVEL_3_DISCOVERY_ONLY","","Prospective Workstream A screening; API result-rank set preserved in raw snapshot."
"A0194","Crossref","PHASE2-SEARCH-0010","2026-07-31","Exact Optimal Designs and Sample Sizes in Model I of Regression Analysis","","2011","10.1201/b10934-15","10.1201/b10934-15","A-DUP-0160","TITLE_ABSTRACT_EXCLUDED","UNRELATED_TO_13C_MFA_EXPERIMENTAL_DESIGN","LEVEL_3_DISCOVERY_ONLY","","Prospective Workstream A screening; API result-rank set preserved in raw snapshot."
