"phase3_id","title","year","doi","classification","search_families","query_ids","primary_observation","inferential_target","latent_flux_treatment","nonidentifiability_considered","several_mids_coupled","sampling_unit","biological_technical_hierarchy","finite_sample_guarantee","exact_source_location","phase3_components_covered","defining_components_absent","full_text_status","existing_record_id","raw_capture","screening_notes"
"P3-0001","Predicting outcomes of steady-state 13C isotope tracing experiments using Monte Carlo sampling","2012","10.1186/1752-0509-6-9","PARTIAL FORMULATION","A;B;C;E","P3-SEARCH-0019;P3-SEARCH-0020;P3-WEB-17","Simulated multi-fragment MDV coordinates; experimental MDVs used to validate design scores","High/low reaction-flux or flux-ratio class separation and tracer/measurement design","Feasible flux points define the classes; flux is not merely nuisance","Yes: a target can separate while the full flux vector is unresolved","Yes: one sampled flux state generates all fragment MDVs, but the final score sums marginal Z scores","Synthetic feasible-flux draw; biological unit not formalized","None","Simulation/heuristic only; fixed alpha in the scoring rule is not Type-I/II calibration or a sample requirement","Background and Fig. 1; Results 'Monte Carlo Sampling Approach' and Fig. 2; 'Generating and Evaluating 13C Experimental Hypotheses', Zi and Z equations; 'Dimensionality of Isotopomer Data'; Methods","Induced MID clouds; class-level objective; multiple network-linked fragments; incomplete flux recovery","Replicate law; flux-as-nuisance class risk; experimental hierarchy; finite-sample error; certified global family geometry","retrieved_full_text","NA","verification/P3-SCHELLENBERGER-PMC3323462.xml","Closest mathematical class/geometry precedent; not an exact match"
"P3-0002","Bayesian kinetic modeling for tracer-based metabolomic data","2023","10.1186/s12859-023-05211-5","PARTIAL FORMULATION","A;B;D","P3-SEARCH-0001;P3-WEB-19","Vectors of log isotopomer concentrations at time points in assumed independent repeated samples","Kinetic-parameter or derived-flux comparison between experimental groups","Kinetic parameters/fluxes are inferential targets","Multiple equally fitting parameter vectors motivate priors; no direct class test under non-ID","Yes: isotopomers share a nonlinear ODE network and variance shrinkage","Mathematical repeated sample j; culture/tissue/batch lineage not modeled","One diagonal residual level combines biological and technical variation","Posterior intervals and credible value assessed by simulation; no finite-sample frequentist guarantee","Methods 'A Bayesian kinetic model', Eq. 1 and likelihood; variance-shrinkage subsection; 'Comparison of kinetic model parameters between experimental groups'; simulations; Discussion","Replicate isotope likelihood; network coupling; variance estimation; group comparison","Direct metabolic-class target; flux nuisance; class test under non-ID; full hierarchy; finite-sample error/sample size","retrieved_full_text","NA","verification/P3-ZHANG-PMC10035190.xml","Closest replicate-level probabilistic network model"
"P3-0003","Model validation and selection in metabolic flux analysis","2022","10.1371/journal.pcbi.1009999","PARTIAL FORMULATION","B;C","P3-SEARCH-0011;P3-B-PB1;P3-CITE-05","13C MIDs with tracer datasets separated into estimation and validation roles","Reaction-network model selection followed by flux estimation","Flux is fitted within every candidate model; partly nuisance for model ranking but still central estimator","No theory of class testability under nonunique flux","Yes: multiple MIDs/tracers are jointly linked by candidate network and shared flux","Tracer experiment/dataset; biological replicate lineage not resolved","No batch/culture/preparation/injection random-effects hierarchy","Empirical simulations and validation SSR; source distinguishes selection from final model testing","Results after Table 1; §§2.3–2.5; Figs. 4, 6, 8; Methods §§4.1, 4.5; Discussion","Network-coupled isotope model selection; held-out tracer validation","Direct metabolic-class law; testing under flux non-ID; full hierarchy; finite-sample errors/sample requirements","retrieved_full_text","P0030","../phase2_raw_search_results/B/P0030-PMC9022838-fulltext.xml","MFA model selection is not direct class testing"
"P3-0004","Integrated 13C-metabolic flux analysis of 14 parallel labeling experiments in Escherichia coli","2015","10.1016/j.ymben.2015.01.001","PARTIAL FORMULATION","C","P3-SEARCH-0009;P3-SEARCH-0011;P3-CITE-06","GC-MS MIDs from 14 tracer experiments; 14 fragments per experiment; 1246 abundances for eight new experiments and 811 nonzero MID measurements plus two constraints in the integrated fit","One central-carbon flux map with experiment-specific dilution parameters","Shared flux is the estimation target","Not treated","Yes: 14 datasets concurrently fit to one flux model with experiment-specific G parameters","Tracer culture/experiment; fragments and isotopologues are measurement coordinates","No explicit culture/batch/preparation/injection variance hierarchy","SSR/chi-square fit and flux-confidence analysis; no finite-sample class error/sample requirement","Methods §§2.3 Analytical methods, 2.4 Gas chromatography mass spectrometry, 2.5 Metabolic network model and flux analysis, 2.6 Goodness-of-fit analysis; Results §§3.1–3.2","True shared-state multi-MID coupling across parallel experiments","Direct class target; non-ID testing; hierarchy; finite-sample decision guarantee","retrieved_full_text","NA","verification/P3-PARALLEL14-PMC5845449.xml","Closest parallel shared-state estimation workflow"
"P3-0005","Comprehensive assessment of measurement uncertainty in 13C-based metabolic flux experiments","2018","10.1007/s00216-018-1017-7","PARTIAL FORMULATION","C;D","P3-SEARCH-0011;P3-SEARCH-0015;P3-SEARCH-0016;P3-CITE-07","Raw ion counts and integrated/corrected isotope fractions","Quantify analytical/aggregate biological uncertainty and its effect on downstream flux estimates","Flux is downstream of the isotope-fraction uncertainty model","No","Fragments/isotope fractions are propagated, but no shared class family","Analytical measurement and a reported biological replicate; exact culture lineage not modeled","Ion counting, integration, ionization/transmission and correction distinguished; biological dispersion aggregate only","100000-run Monte Carlo propagation; no finite-sample class guarantee or prospective biological sample size","Methods 'Measurement uncertainty assessment using Monte Carlo simulation', Table 1 and corrected-IF equation; Results 'Contribution of biological variability'; Discussion","Ion-to-MID analytical error propagation; acknowledgment of nonseparable biological variation","Full batch/culture/preparation/injection variance model; class target; non-ID; finite-sample class risk","retrieved_full_text","NA","verification/P3-UNCERTAINTY-PMC5937919.xml","Closest analytical-pipeline uncertainty model"
"P3-0006","Metabolic isotopomer labeling systems. Part II: structural flux identifiability analysis","2003","10.1016/S0025-5564(02)00222-5","PARTIAL FORMULATION","B;E","P3-B-PB1;P3-E-OA-01;P3-CITE-04","Ideal noise-free isotope-labeling measurements","Structural identification of fluxes","Flux is the target parameter","Central: explicit non-identifiable examples and rank conditions","Yes: isotope measurements share the network/cumomer system","Not applicable to deterministic structural analysis","None","Deterministic rank/identifiability result, not statistical finite-sample error","Introduction; 'Measurement models for CLEs'; non-identifiable example; Theorem 4; 'Partial information analysis'; Conclusions","Forward-map injectivity and a genuine obstruction to full flux recovery","Class testing despite non-ID; replicate law; hierarchy; class risk/sample size","retrieved_full_text","P0018","phase2 primary full-text evidence; provider record","Structural non-ID does not imply class non-testability"
"P3-0007","Planning optimal measurements of isotopomer distributions for estimation of metabolic fluxes","2006","10.1093/bioinformatics/btl069","PARTIAL FORMULATION","E","P3-SEARCH-0019;P3-WEB-18","Noiseless isotopomer-distribution constraints including fragments","Minimum measurement set preserving information for flux estimation","Flux is the target","Underdetermined solution spaces and uninformative measurements acknowledged, not used for class testing","Yes: exact network/carbon-map equivalence links fragments","None","None","Deterministic fragment-equivalence lemmas and NP-hard measurement-selection result, not class error","§2 Eqs. 1–4; §3 Lemmas 1–2 and Figs. 1–3; §4.1 Problem 1 and Theorem 1; §4.4; §6","Exact equality/redundancy/order structure among network-induced fragment distributions","Probability law; metabolic classes; hierarchy; finite-sample testing; least-favourable structure","retrieved_full_text","NA","verification/P3-RANTANEN-crossref.json; verification/P3-RANTANEN-pubmed.xml","Conclusion's network-falsification design is future work"
"P3-0008","Elementary metabolite units (EMU): a novel framework for modeling isotopic distributions","2007","10.1016/j.ymben.2006.09.001","PARTIAL FORMULATION","C;E","P3-SEARCH-0002;P3-SEARCH-0011","Measured fragment MIDs used to determine required EMU states","Efficient isotope forward simulation for downstream flux estimation","Flux is input to simulation and an estimation target","Not a class-testing issue","Yes: multiple EMUs/MIDs share fluxes and atom maps","None","None","Exact computational equivalence for stated decomposition, not statistical risk","Methods §§2.1–2.6, EMU decomposition and algorithms; computation/equivalence comparison","Construction of deterministic network-coupled forward MID map","Law-image geometry; class test; non-ID target; hierarchy; finite-sample error","retrieved_full_text","P0002","verification/P3-EMU-PMC1994654.html","Forward construction alone does not solve the decision problem"
"P3-0009","Model-independent fluxome profiling from 2H and 13C experiments for metabolic variant discrimination","2004","10.1186/gb-2004-5-12-r99","APPLICATION WITHOUT THEORY","A;B;C","P3-WEB-16;P3-CITE-01","Corrected GC-MS amino-acid fragment mass-distribution vectors; about 260 13C or 330 2H mass values per sample","Unsupervised discrimination of mutants/conditions and isotope-profile fingerprints","No network or full flux fit; ICA compared post hoc with flux ratios","Avoids an unavailable model but gives no formal test under flux non-ID","Many fragment vectors concatenated for PCA/ICA; no shared-latent law","Culture/sample; duplicates reportedly independently started from stocks","No batch/day/preparation/injection/measurement hierarchy","No controlled error or sample requirement; duplicate/bootstrap component stability only discussed","Abstract; Background final paragraph; Results '2H and 13C tracer experiments' and 'Independent component analysis'; Discussion; Methods 'Strains and growth conditions', 'GC-MS analysis and data preprocessing', 'Multivariate data analysis'","Direct flux-free isotope-profile discrimination; multiple fragments","Network-induced class law; calibrated test; formal non-ID; hierarchy; finite-sample risk","retrieved_full_text","NA","verification/P3-ZAMBONI-PMC545802.xml","Closest direct empirical precedent; application category because no relevant mathematical test formulation/guarantee"
"P3-0010","DIMet: an open-source tool for differential analysis of targeted isotope-labeled metabolomics data","2024","10.1093/bioinformatics/btae282","APPLICATION WITHOUT THEORY","A;D","P3-SEARCH-0018;P3-WEB-20;P3-CITE-09","Corrected isotopologue values/proportions, metabolite abundance and mean enrichment in sample tables","Pairwise, multigroup, time-course and labeling-profile differential analysis","Flux analysis explicitly outside scope","No","Profile comparison/PCA/network display, not a common-latent joint law","Input sample; use-case triplicates only","None","Ordinary parametric/nonparametric/permutation tests and FDR; no experiment-family finite-sample theorem/sample requirement","§1; §2.1 inputs, tests and profile comparison; §3.1 triplicates; §§3.2.1–3.2.2 and Fig. 1","Direct flux-free MID comparisons and ordinary testing","Metabolic-class family; shared flux nuisance; non-ID; hierarchy; network-level risk","retrieved_full_text","NA","verification/P3-DIMET-PMC11109473.xml","Supplement retrieval failure is not used"
"P3-0011","X13CMS: global tracking of isotopic labels in untargeted metabolomics","2014","10.1021/ac403384n","APPLICATION WITHOUT THEORY","A;D","P3-A-OA-02;citation chaining from DIMet","LC-MS ion intensities grouped into relative isotopologue profiles","Detect enrichment and differential labeling by condition","Flux absent","No","Each isotopologue/group tested separately; no network joint model","Culture sample; example reports triplicate cultures","None","Welch tests and ad hoc group call; no coupled family-level calibration","Fig. 1; Experimental Section 'X13CMS Analysis', getIsoLabelReport and getIsoDiffReport; Tables 2–3","Raw-ion-to-relative-isotopologue processing and direct comparison","Class laws; shared nuisance; non-ID; hierarchy; finite-sample network guarantee","retrieved_full_text","NA","verification/P3-X13CMS-PMC3982964.xml","Triplicates are application facts, not general independence evidence"
"P3-0012","Bridging the gap between non-targeted stable isotope labeling and metabolic flux analysis","2016","10.1186/s40170-016-0150-z","APPLICATION WITHOUT THEORY","A;C;E","P3-A-OA-02;P3-CITE-10","Corrected metabolome-wide MIDs across conditions","Rank qualitative flux changes and contextualize unknown compounds","Flux inferred qualitatively, not a fitted nuisance model","Notes relative information and insensitive flux changes; no testability result","Pairwise MID-distance network only","Condition dataset; one follow-up reports n=3 extracts but not all MIDs","None","Empirical variation score/distance threshold; no error control","Methods 'Mass isotopomer abundance variation' and 'MID distance calculation'; Results 'Locating flux changes...' and Fig. 1; Discussion","Flux-free differential MID ranking and network visualization","Probabilistic class model; shared latent state; hierarchy; calibrated test","retrieved_full_text","NA","verification/P3-WEINDL-PMC4842284.xml","Network display is not network-constrained testing"
"P3-0013","Stable isotope resolved metabolomics classification of prostate cancer cells using hyperpolarized NMR data","2020","10.1016/j.jmr.2020.106750","APPLICATION WITHOUT THEORY","A","P3-SEARCH-0001;P3-WEB-15","Hyperpolarized 13C NMR isotope-resolved signal integrals","Multiclass cell-line and binary aggressive/indolent classification","Flux not recovered","No formal treatment; direct classification avoids flux estimation","Several isotope signals enter one classifier without a network law","32 reported samples, eight per cell type; independence lineage not established","None","Leave-one-out cross-validation and empirical accuracy only","Author manuscript pp. 2–3 Introduction/sample description; pp. 3–5 ANOVA, RF, SVM and LOOCV; Tables 1–2; pp. 5–6 Discussion","Direct isotope-resolved biological-class classification","MID law; shared flux; formal non-ID; hierarchy; prospective finite-sample error","retrieved_full_text","NA","verification/P3-FRAHM-author_manuscript.pdf","Raw isotope-resolved NMR features are within scope but are not conventional MS MIDs"
"P3-0014","Discrimination of metabolic flux profiles using a hybrid evolutionary algorithm","2007","10.1145/1276958.1277034","APPLICATION WITHOUT THEORY","A;B","P3-CITE-01","Concatenated GC-MS amino-acid isotope-profile/MID vectors","Optimize partitions into mutant groups with within-group similarity and between-group separation","Flux not estimated; synthetic flux ratios only validate results","States exact fluxes/ratios may not be recoverable; no non-ID test","Concatenated profiles, no declared shared-latent network law","Mutants are optimization points; 11 repetitions are algorithm seeds","None","No statistical class-error or sample-size guarantee","p.354 Abstract; §2.1 pp.355–356; §3 Eqs. 2–6 pp.356–357; §5.1 pp.357–358; §5.3/Fig. 3 p.358; §6 pp.359–360","Direct profile-space discrimination without flux recovery","Class hypotheses; sampling law; formal non-ID; hierarchy; calibrated testing","retrieved_full_text","NA","verification/P3-BLEULER-primary.pdf","Algorithm repetitions are not biological replicates"
"P3-0015","Conclusions via unique predictions obtained despite unidentifiability-new definitions and a general method","2012","10.1111/j.1742-4658.2012.08725.x","PARTIAL FORMULATION","B;E","P3-WEB-21;P3-B-OA2;P3-CITE-03","Generic noisy ODE time-course outputs and a cost/likelihood acceptance set","Model rejection or identification of a core prediction shared by acceptable parameters","Parameters may be nonuniquely identified and are profiled only in target-relevant directions","Central: target property may be identified while parameters are not","Generic multivariate ODE outputs, not MIDs","Not formalized as an experimental lineage","None","Set-logical equivalence relative to a selected cutoff; no calibrated finite-sample Type-I/II/sample size","Abstract; Introduction; 'Basic notations'; Definitions 1–8 and Lemmas 1–2; 'Modified optimization' Steps 1–3; non-equivalent approaches; Summary","Formal target-without-parameter-identification concept","Isotope family; metabolic classes; parallel MIDs; hierarchy; finite-sample risk","retrieved_full_text","NA","provider primary full HTML","Closest general systems-biology target/non-ID formulation"
"P3-0016","A global sensitivity test for evaluating statistical hypotheses with nonidentifiable models","2010","10.1111/j.1541-0420.2009.01290.x","GENERIC THEORY ONLY","B","P3-B-PB2;P3-B-EPMC2;P3-WEB-22","Independent copies from a prespecified missing-data/longitudinal model","Hypothesis about identifiable parameters uniformly over a nonidentified sensitivity parameter","Sensitivity parameter is nuisance and nonidentified","Central","No isotope MIDs/network","Independent subject-level sampling assumed by the generic model","No isotope experimental hierarchy","Asymptotic process/bootstrap validity and small-sample simulations; not exact finite-sample isotope control","Abstract; §§2.1–2.3, infimum statistic and simultaneous bands; §3; Table 1","Generic testing over nonidentified nuisance","Construction of isotope families; shared flux/MIDs; culture hierarchy; finite-sample sample requirement","retrieved_full_text","NA","verification/P3-TODEM-PMC3076640.xml","Generic probability family is already specified"
"P3-0017","Conditional inference with a functional nuisance parameter","2016","10.3982/ECTA12868","GENERIC THEORY ONLY","B","P3-B-OA2;P3-WEB-23;P3-WEB-31;P3-CITE-13","Empirical moment process in a prespecified econometric model","Test whether a parameter value is consistent without point/strong identification","Infinite-dimensional mean function is nuisance","Central","No","Depends on moment-process assumptions; no isotope unit","None","Uniformly correct asymptotic size; exact conditioning only in Gaussian limit experiment","Abstract p.1571; §1 pp.1571–1576; §2 Eqs. 1–2; §3 Eq. 5 and Lemma 1; §4.1 Theorem 1; §7","Generic proof that testing can survive non-identification","Experiment-induced law; metabolic classes; shared MIDs; hierarchy; finite-sample isotope guarantee","retrieved_full_text","NA","verification/P3-ANDREWS-MIKUSHEVA-accepted.pdf","Not exact prior art for isotope tracing"
"P3-0018","Hypothesis testing by convex optimization","2015","10.1214/15-EJS1054","GENERIC THEORY ONLY","B;C;E","PHASE2A1-REUSE","Observations from already represented good-observation-scheme probability families","Composite-versus-composite testing with uniform risk","Nuisance incorporated through convex compact parameter sets","Only through represented class sets; not isotope flux identification","Independent heterogeneous products supported; no pipeline construction","Declared independent observation/block in theorem","No biological/technical hierarchy construction","Uniform nonasymptotic two-error bounds and near-optimal comparison under stated assumptions","Primary locations already audited as P0053: Theorem 2.1 Eqs. 3–6; repeated/nonstationary observations and Proposition 3.2 Eqs. 24–25","Generic finite-sample composite testing and heterogeneous products","Actual nonlinear MID family representation; theorem applicability; experimental hierarchy; least-favourable computation","retrieved_full_text","P0053","phase2 raw primary source","Reused boundary only; generic review not repeated"
"P3-0019","Measurement error and resolution in quantitative stable isotope probing: implications for experimental design","2020","10.1128/mSystems.00151-20","ADJACENT BUT NONTRANSFERABLE","D","P3-WEB-12","Taxon-level isotope incorporation estimated from DNA density-fractionation gradients","Power, sensitivity/specificity and fraction-number design for qSIP","Metabolic flux not estimated","No","Density fractions/taxa, not metabolic-network MIDs","Replicated qSIP sample/gradient under paper's design","Measurement error and replication studied for qSIP, not the MID lineage","Power/simulation results specific to qSIP; not transferable finite-sample MID guarantee","Abstract; Methods Density shifts, Sensitivity analysis, Sensitivity to number of fractions, and Power analysis; Results Replication, statistical power, and detection thresholds for H2 18O qSIP; Discussion","Adjacent stable-isotope measurement-error and power precedent","Metabolite MIDs; atom-map coupling; flux nuisance; culture-to-ion hierarchy; direct class law","retrieved_full_text","NA","verification/P3-QSIP-PMC7566279.xml","Different primary measurement process makes transfer nonvalid"
"P3-0020","Metabolic isotopomer labeling systems: Part I: global dynamic behavior","2001","10.1016/S0025-5564(00)00059-6","PARTIAL FORMULATION","E","P3-SEARCH-0019;backward citation chaining","Deterministic isotopomer/cumomer network state","Existence, global dynamics and stability of isotope labeling state","Flux is fixed system input","Not an inferential target","Complete network state coupled through isotope dynamics","None","None","Deterministic global-stability result under stated conditions, not statistical error","§5 Eq. 12 and cascade; §7 cumomer transformation and feasibility/stability","Support/state prerequisites for a steady forward map","Probability laws; class testing; non-ID; hierarchy; finite-sample control","retrieved_full_text","NA","provider primary full text","Does not characterize induced law-family geometry"
"P3-0021","Metabolic flux elucidation for large-scale models using 13C labeled isotopes","2007","10.1016/j.ymben.2007.05.005","PARTIAL FORMULATION","C;E","citation chaining from EMU/identifiability","Multiple measured MDVs and extracellular rates","Flux point/range elucidation","Flux is target","Unresolved ranges reflect partial resolution, not class testing","Yes: one nonlinear isotope mapping jointly constrains measurements","Analytical injections reported; not biological sampling units","No random-effects hierarchy","Optimization/confidence-cutoff procedure, no direct class error","§2.2 large-scale isotopomer mapping; §2.5 FluxCalc and FluxRange","Explicit nonlinear joint constraint and unresolved flux ranges","Induced-law geometry; direct class target; hierarchy; finite-sample testing","retrieved_full_text","NA","verification/P3-SUTHERS-PMC2121621.html","Nonconvex optimization does not prove nonconvex statistical family"
"P3-0022","MIAMI—a tool for non-targeted detection of metabolic flux changes for mode of action identification","2020","10.1093/bioinformatics/btaa251","APPLICATION WITHOUT THEORY","A;C","P3-CITE-10;P3-WEB-43","Raw GC-MS features converted to MIDs for labeled and unlabeled extracts across conditions","Detect condition-dependent MID changes, display similarity/reference networks and propose metabolic targets","Flux changes are interpreted from user-thresholded MID changes; no latent flux model or flux estimate","No","Multiple MIDs form similarity and reference-pathway displays, not a joint law constrained by one latent flux state","A labeled and unlabeled extract set per condition is required; biological unit and independence are not formalized","Raw-data processing stages are described; biological/batch/preparation/injection variance levels are not modeled","A definable variability threshold drives calls; no calibrated class error or sample requirement","Abstract; §1 Introduction; §2 Features; §4 Conclusion","Direct raw-to-MID mechanism/target application; multivariate network contextualization","Experiment-induced class law; flux nuisance; non-ID testing; sampling hierarchy; finite-sample error","retrieved_full_text","NA","verification/P3-MIAMI-PMC7320603.xml","Closest direct mode-of-action application; thresholded interpretation is not statistical class testing"
"P3-0023","Integrative Metabolic-Flux Platform for Analysis, Contextualization, and Targeting (IMPACT): bridging untargeted and targeted flux analysis","2025","10.1093/bioinformatics/btaf591","APPLICATION WITHOUT THEORY","A;C;D","P3-CITE-09;P3-WEB-47;P3-WEB-48;P3-WEB-49","Raw LC-MS files or feature tables processed through isotope detection and MID calculation; external MID tables also accepted","Preprocess, calculate MIDs, annotate unknown metabolites and contextualize them in MID-similarity/reference-pathway networks","No flux vector is fitted or represented as nuisance","No","MIDs are linked by similarity/reference networks across experiments and conditions, not by a shared latent-network probability law","Uploaded sample-information/file rows; biological unit and independence are not formalized","Peak picking, retention-time alignment, feature grouping/filling, isotope detection and MID calculation are staged but variance components are not modeled","Software validation/use cases only; no class-test calibration or prospective sample requirement","Abstract; §1 Introduction; §2 Features and Figure 1; §3 Implementation; §4 Conclusion","Raw-LC-MS-to-MID pipeline and network contextualization","Direct metabolic-class test; flux nuisance; non-ID; biological/technical hierarchy; induced-family geometry; finite-sample risk","retrieved_full_text","NA","verification/P3-IMPACT-PMC12684724.xml","Contextualization is similarity/reference annotation, not inferential network coupling"
