time,metabolite,mass_isotopologue,fraction
0,OAC,M+0,1
0,OAC,M+1,0
0,OAC,M+2,0
0,OAC,M+3,0
0,OAC,M+4,0
0.001,OAC,M+0,0.999999969792442
0.001,OAC,M+1,1.51037789064981e-08
0.001,OAC,M+2,1.51037789064981e-08
0.001,OAC,M+3,0
0.001,OAC,M+4,0
0.01,OAC,M+0,0.999435157821803
0.01,OAC,M+1,0.000282421089098595
0.01,OAC,M+2,0.000282419769738717
0.01,OAC,M+3,1.31935987833647e-09
0.01,OAC,M+4,2.19197001625416e-20
0.05,OAC,M+0,0.904013892238873
0.05,OAC,M+1,0.0479926010026536
0.05,OAC,M+2,0.0476115424729773
0.05,OAC,M+3,0.000381737846541427
0.05,OAC,M+4,2.26438955041084e-07
0.1,OAC,M+0,0.763211156894924
0.1,OAC,M+1,0.11820634193741
0.1,OAC,M+2,0.109383085218697
0.1,OAC,M+3,0.00910537614140569
0.1,OAC,M+4,9.40398075639424e-05
0.5,OAC,M+0,0.677092675780739
0.5,OAC,M+1,0.151053994582519
0.5,OAC,M+2,0.13020348389482
0.5,OAC,M+3,0.0364500119850913
0.5,OAC,M+4,0.00519983376291875
1,OAC,M+0,0.677083631928154
1,OAC,M+1,0.151042035590229
1,OAC,M+2,0.130208092338921
1,OAC,M+3,0.0364581659196339
1,OAC,M+4,0.00520807422293742
2,OAC,M+0,0.677083464490817
2,OAC,M+1,0.151041826608315
2,OAC,M+2,0.130208228295454
2,OAC,M+3,0.0364582600320089
2,OAC,M+4,0.00520822057306479
0,citrate,M+0,1
0,citrate,M+1,0
0,citrate,M+2,0
0,citrate,M+3,0
0,citrate,M+4,0
0,citrate,M+5,0
0,citrate,M+6,0
0.001,citrate,M+0,0.952325333292171
0.001,citrate,M+1,0.0238373333184146
0.001,citrate,M+2,0.0238373333361645
0.001,citrate,M+3,3.54997652973764e-11
0.001,citrate,M+4,1.77498826486882e-11
0.001,citrate,M+5,0
0.001,citrate,M+6,0
0.01,citrate,M+0,0.683949418438602
0.01,citrate,M+1,0.158001323391957
0.01,citrate,M+2,0.158013307041208
0.01,citrate,M+3,2.39674113017719e-05
0.01,citrate,M+4,1.19836943708396e-05
0.01,citrate,M+5,2.25600927310399e-11
0.01,citrate,M+6,0
0.05,citrate,M+0,0.471859111421669
0.05,citrate,M+1,0.248292433772999
0.05,citrate,M+2,0.256098645966147
0.05,citrate,M+3,0.0158193358750992
0.05,citrate,M+4,0.00788902305146714
0.05,citrate,M+5,4.14321192349396e-05
0.05,citrate,M+6,1.77933837580986e-08
0.1,citrate,M+0,0.392433736094282
0.1,citrate,M+1,0.249926889631864
0.1,citrate,M+2,0.273591510816747
0.1,citrate,M+3,0.0554341777610574
0.1,citrate,M+4,0.0269415747974335
0.1,citrate,M+5,0.00165865726167971
0.1,citrate,M+6,1.34536369361721e-05
0.5,citrate,M+0,0.338549277957012
0.5,citrate,M+1,0.244800183928642
0.5,citrate,M+2,0.272140294716557
0.5,citrate,M+3,0.0885365992711184
0.5,citrate,M+4,0.0442625427274285
0.5,citrate,M+5,0.0104111472319401
0.5,citrate,M+6,0.0012999541754312
1,citrate,M+0,0.338541845260344
1,citrate,M+1,0.244791987521005
1,citrate,M+2,0.272135477050593
1,citrate,M+3,0.0885416050667443
1,citrate,M+4,0.044270548044172
1,citrate,M+5,0.0104165339370281
1,citrate,M+6,0.00130200311983832
2,citrate,M+0,0.338541745094506
2,citrate,M+1,0.244791806333345
2,citrate,M+2,0.272135442983087
2,citrate,M+3,0.0885416394074055
2,citrate,M+4,0.0442707089759766
2,citrate,M+5,0.0104166087882002
2,citrate,M+6,0.00130204841669109
0,AKG,M+0,1
0,AKG,M+1,0
0,AKG,M+2,0
0,AKG,M+3,0
0,AKG,M+4,0
0,AKG,M+5,0
0.001,AKG,M+0,0.997838501338181
0.001,AKG,M+1,0.00108074933087168
0.001,AKG,M+2,0.00108074933085274
0.001,AKG,M+3,7.57460765010931e-14
0.001,AKG,M+4,1.89365191252733e-14
0.001,AKG,M+5,0
0.01,AKG,M+0,0.867623714740942
0.01,AKG,M+1,0.0661863174700415
0.01,AKG,M+2,0.0661854048939075
0.01,AKG,M+3,3.65031506435388e-06
0.01,AKG,M+4,9.12579743718708e-07
0.01,AKG,M+5,3.00809304185791e-13
0.05,AKG,M+0,0.500754884175032
0.05,AKG,M+1,0.244857060739793
0.05,AKG,M+2,0.242524706624809
0.05,AKG,M+3,0.00947639463507239
0.05,AKG,M+4,0.00238274858634545
0.05,AKG,M+5,4.20523894795172e-06
0.1,AKG,M+0,0.406617951928271
0.1,AKG,M+1,0.271262929265537
0.1,AKG,M+2,0.261973214730358
0.1,AKG,M+3,0.0471384853303035
0.1,AKG,M+4,0.0127140473851634
0.1,AKG,M+5,0.000293371360366635
0.5,AKG,M+0,0.346363109440116
0.5,AKG,M+1,0.269542749638387
0.5,AKG,M+2,0.270832642380115
0.5,AKG,M+3,0.0807210408794252
0.5,AKG,M+4,0.0286378478215783
0.5,AKG,M+5,0.00390260984825071
1,AKG,M+0,0.346354415355837
1,AKG,M+1,0.269531527561085
1,AKG,M+2,0.270833411473193
1,AKG,M+3,0.0807289027717325
1,AKG,M+4,0.028645632380494
1,AKG,M+5,0.00390611045818337
2,AKG,M+0,0.346354275614507
2,AKG,M+1,0.269531370823345
2,AKG,M+2,0.270833367272076
2,AKG,M+3,0.0807290513978826
2,AKG,M+4,0.0286457456846563
2,AKG,M+5,0.00390618920820848
0,succinate,M+0,1
0,succinate,M+1,0
0,succinate,M+2,0
0,succinate,M+3,0
0,succinate,M+4,0
0.001,succinate,M+0,0.999922025261936
0.001,succinate,M+1,3.89873690320454e-05
0.001,succinate,M+2,3.89873690320454e-05
0.001,succinate,M+3,0
0.001,succinate,M+4,0
0.01,succinate,M+0,0.977409768549781
0.01,succinate,M+1,0.0112951157251021
0.01,succinate,M+2,0.0112948764690114
0.01,succinate,M+3,2.39256101772967e-07
0.01,succinate,M+4,3.68162579790619e-15
0.05,succinate,M+0,0.629816683818351
0.05,succinate,M+1,0.185083915185311
0.05,succinate,M+2,0.181623880503925
0.05,succinate,M+3,0.00347164903965566
0.05,succinate,M+4,3.87145275672921e-06
0.1,succinate,M+0,0.447446929788865
0.1,succinate,M+1,0.275184101163272
0.1,succinate,M+2,0.244116999885402
0.1,succinate,M+3,0.0327057521913134
0.1,succinate,M+4,0.000546216971147742
0.5,succinate,M+0,0.354172409740441
0.5,succinate,M+1,0.302105985839925
0.5,succinate,M+2,0.260405039806118
0.5,succinate,M+3,0.0729126599735426
0.5,succinate,M+4,0.0104039046450771
1,succinate,M+0,0.354167058027928
1,succinate,M+1,0.302083708354866
1,succinate,M+2,0.260416385168657
1,succinate,M+3,0.0729164671325116
1,succinate,M+4,0.0104163813155877
2,succinate,M+0,0.354166838363394
2,succinate,M+1,0.302083495888854
2,succinate,M+2,0.260416544103621
2,succinate,M+3,0.0729165791790191
2,succinate,M+4,0.0104165424647346
0,fumarate,M+0,1
0,fumarate,M+1,0
0,fumarate,M+2,0
0,fumarate,M+3,0
0,fumarate,M+4,0
0.001,fumarate,M+0,0.999996087737172
0.001,fumarate,M+1,1.95613141380894e-06
0.001,fumarate,M+2,1.95613141380894e-06
0.001,fumarate,M+3,0
0.001,fumarate,M+4,0
0.01,fumarate,M+0,0.997452881896492
0.01,fumarate,M+1,0.00127355905175409
0.01,fumarate,M+2,0.00127354609814931
0.01,fumarate,M+3,1.29536048103795e-08
0.01,fumarate,M+4,8.40879424357053e-18
0.05,fumarate,M+0,0.835747380662742
0.05,fumarate,M+1,0.0821249520321673
0.05,fumarate,M+2,0.0812418860541692
0.05,fumarate,M+3,0.000885102432690237
0.05,fumarate,M+4,6.78818230707626e-07
0.1,fumarate,M+0,0.654443000614958
0.1,fumarate,M+1,0.172413096706752
0.1,fumarate,M+2,0.157866861771829
0.1,fumarate,M+3,0.0150943394135764
0.1,fumarate,M+4,0.000182701492884281
0.5,fumarate,M+0,0.547927176670229
0.5,fumarate,M+1,0.211475644442344
0.5,fumarate,M+2,0.182284319656329
0.5,fumarate,M+3,0.0510324756282631
0.5,fumarate,M+4,0.00728038361260467
1,fumarate,M+0,0.547917048234313
1,fumarate,M+1,0.211458785367675
1,fumarate,M+2,0.182291364336363
1,fumarate,M+3,0.0510414568038066
1,fumarate,M+4,0.00729134525764634
2,fumarate,M+0,0.547916834239946
2,fumarate,M+1,0.21145852928993
2,fumarate,M+2,0.182291534926826
2,fumarate,M+3,0.0510415747478747
2,fumarate,M+4,0.00729152679498308
0,glutamate,M+0,1
0,glutamate,M+1,0
0,glutamate,M+2,0
0,glutamate,M+3,0
0,glutamate,M+4,0
0,glutamate,M+5,0
0.001,glutamate,M+0,0.999922025261936
0.001,glutamate,M+1,3.89873690320454e-05
0.001,glutamate,M+2,3.89873690320454e-05
0.001,glutamate,M+3,0
0.001,glutamate,M+4,0
0.001,glutamate,M+5,0
0.01,glutamate,M+0,0.977409768549777
0.01,glutamate,M+1,0.0112949960970531
0.01,glutamate,M+2,0.011294936283035
0.01,glutamate,M+3,2.39256104534186e-07
0.01,glutamate,M+4,5.98140291248675e-08
0.01,glutamate,M+5,9.20406449476549e-16
0.05,glutamate,M+0,0.629812814048021
0.05,glutamate,M+1,0.183350025550648
0.05,glutamate,M+2,0.182489855355034
0.05,glutamate,M+3,0.00347455262922321
0.05,glutamate,M+4,0.000871783712670645
0.05,glutamate,M+5,9.68704402644431e-07
0.1,glutamate,M+0,0.446905934184469
0.1,glutamate,M+1,0.259101722869813
0.1,glutamate,M+2,0.252015108080905
0.1,glutamate,M+3,0.0331154149196742
0.1,glutamate,M+4,0.00872265501897609
0.1,glutamate,M+5,0.000139164926162847
0.5,glutamate,M+0,0.346374756581091
0.5,glutamate,M+1,0.269548482436005
0.5,glutamate,M+2,0.270825000993184
0.5,glutamate,M+3,0.0807155884605603
0.5,glutamate,M+4,0.0286320696395553
0.5,glutamate,M+5,0.00390410190347215
1,glutamate,M+0,0.34635457936639
1,glutamate,M+1,0.269531714119335
1,glutamate,M+2,0.270833408640553
1,glutamate,M+3,0.0807287531197908
1,glutamate,M+4,0.0286454980987392
1,glutamate,M+5,0.00390604665590404
2,glutamate,M+0,0.346354346990081
2,glutamate,M+1,0.269531451985957
2,glutamate,M+2,0.270833366575032
2,glutamate,M+3,0.0807289860282653
2,glutamate,M+4,0.0286456872594509
2,glutamate,M+5,0.0039061611618856
