"phase2_record_id","workstream","search_source","query_id","date","title","authors","year","doi_or_identifier","source_native_id","duplicate_group","screening_state","exclusion_reason","evidence_level","final_record_id","notes"
"B-AUDIT-SOFTWARE-0001","B","PMC primary paper and official SourceForge project","PHASE2-SEARCH-0115","2026-07-31","ModelDiscriminationToolkitGUI","Stegmaier J; Skanda D; Lebiedz D","2013","https://sourceforge.net/projects/mdtgui/","PMCID:PMC3563641;SourceForge:mdtgui","B-SOFTWARE-MDTGUI","FULL_TEXT_INCLUDED","NA","LEVEL_1_LOAD_BEARING","S0017","Distinct software record discovered and verified in P0049: GPL GUI implementing robust biochemical model-discrimination and measurement-time design; not a second paper occurrence."
"B-AUDIT-000001","B","Crossref","PHASE2-SEARCH-0100","2026-07-31","Discrimination of Microalgal Cellular Metabolic Heterogeneity and 13C Metabolic Flux Analysis via Micro Label-Free Mass Cytometry","","","10.1021/acs.analchem.5c03905.s004","10.1021/acs.analchem.5c03905.s004","B-10.1021/acs.analchem.5c03905.s004","TITLE_ABSTRACT_EXCLUDED","NOT_PRIMARY_ARTICLE_ANCILLARY_MATERIAL","LEVEL_3_DISCOVERY_ONLY","","First 50 results of broad prospective Crossref audit pass."
"B-AUDIT-000002","B","Crossref","PHASE2-SEARCH-0100","2026-07-31","Discrimination of Microalgal Cellular Metabolic Heterogeneity and 13C Metabolic Flux Analysis via Micro Label-Free Mass Cytometry","","","10.1021/acs.analchem.5c03905.s001","10.1021/acs.analchem.5c03905.s001","B-10.1021/acs.analchem.5c03905.s001","TITLE_ABSTRACT_EXCLUDED","NOT_PRIMARY_ARTICLE_ANCILLARY_MATERIAL","LEVEL_3_DISCOVERY_ONLY","","First 50 results of broad prospective Crossref audit pass."
"B-AUDIT-000003","B","Crossref","PHASE2-SEARCH-0100","2026-07-31","Discrimination of Microalgal Cellular Metabolic Heterogeneity and 13C Metabolic Flux Analysis via Micro Label-Free Mass Cytometry","","","10.1021/acs.analchem.5c03905.s002","10.1021/acs.analchem.5c03905.s002","B-10.1021/acs.analchem.5c03905.s002","TITLE_ABSTRACT_EXCLUDED","NOT_PRIMARY_ARTICLE_ANCILLARY_MATERIAL","LEVEL_3_DISCOVERY_ONLY","","First 50 results of broad prospective Crossref audit pass."
"B-AUDIT-000004","B","Crossref","PHASE2-SEARCH-0100","2026-07-31","Discrimination of Microalgal Cellular Metabolic Heterogeneity and 13C Metabolic Flux Analysis via Micro Label-Free Mass Cytometry","","","10.1021/acs.analchem.5c03905.s003","10.1021/acs.analchem.5c03905.s003","B-10.1021/acs.analchem.5c03905.s003","TITLE_ABSTRACT_EXCLUDED","NOT_PRIMARY_ARTICLE_ANCILLARY_MATERIAL","LEVEL_3_DISCOVERY_ONLY","","First 50 results of broad prospective Crossref audit pass."
"B-AUDIT-000005","B","Crossref","PHASE2-SEARCH-0100","2026-07-31","Review for ""Model Validation and Selection in Metabolic Flux Analysis and Flux Balance Analysis""","","2023","10.1002/btpr.3413/v2/review1","10.1002/btpr.3413/v2/review1","B-10.1002/btpr.3413/v2/review1","TITLE_ABSTRACT_EXCLUDED","NOT_PRIMARY_ARTICLE_ANCILLARY_MATERIAL","LEVEL_3_DISCOVERY_ONLY","","First 50 results of broad prospective Crossref audit pass."
"B-AUDIT-000006","B","Crossref","PHASE2-SEARCH-0100","2026-07-31","Review for ""Model Validation and Selection in Metabolic Flux Analysis and Flux Balance Analysis""","","2023","10.1002/btpr.3413/v1/review2","10.1002/btpr.3413/v1/review2","B-10.1002/btpr.3413/v1/review2","TITLE_ABSTRACT_EXCLUDED","NOT_PRIMARY_ARTICLE_ANCILLARY_MATERIAL","LEVEL_3_DISCOVERY_ONLY","","First 50 results of broad prospective Crossref audit pass."
"B-AUDIT-000007","B","Crossref","PHASE2-SEARCH-0100","2026-07-31","Review for ""Model Validation and Selection in Metabolic Flux Analysis and Flux Balance Analysis""","","2023","10.1002/btpr.3413/v2/review2","10.1002/btpr.3413/v2/review2","B-10.1002/btpr.3413/v2/review2","TITLE_ABSTRACT_EXCLUDED","NOT_PRIMARY_ARTICLE_ANCILLARY_MATERIAL","LEVEL_3_DISCOVERY_ONLY","","First 50 results of broad prospective Crossref audit pass."
"B-AUDIT-000008","B","Crossref","PHASE2-SEARCH-0100","2026-07-31","Review for ""Model Validation and Selection in Metabolic Flux Analysis and Flux Balance Analysis""","","2023","10.1002/btpr.3413/v1/review1","10.1002/btpr.3413/v1/review1","B-10.1002/btpr.3413/v1/review1","TITLE_ABSTRACT_EXCLUDED","NOT_PRIMARY_ARTICLE_ANCILLARY_MATERIAL","LEVEL_3_DISCOVERY_ONLY","","First 50 results of broad prospective Crossref audit pass."
"B-AUDIT-000009","B","Crossref","PHASE2-SEARCH-0100","2026-07-31","Parallel labeling experiments with [U-13C]glucose validate E. coli metabolic network model for 13C metabolic flux analysis","Robert W. Leighty; Maciek R. Antoniewicz","2012","10.1016/j.ymben.2012.06.003","10.1016/j.ymben.2012.06.003","B-10.1016/j.ymben.2012.06.003","DUPLICATE","DUPLICATE_OF_P0033","LEVEL_3_DISCOVERY_ONLY","P0033","First 50 results of broad prospective Crossref audit pass."
"B-AUDIT-000010","B","Crossref","PHASE2-SEARCH-0100","2026-07-31","Decision letter for ""Model Validation and Selection in Metabolic Flux Analysis and Flux Balance Analysis""","","2023","10.1002/btpr.3413/v2/decision1","10.1002/btpr.3413/v2/decision1","B-10.1002/btpr.3413/v2/decision1","TITLE_ABSTRACT_EXCLUDED","NOT_PRIMARY_ARTICLE_ANCILLARY_MATERIAL","LEVEL_3_DISCOVERY_ONLY","","First 50 results of broad prospective Crossref audit pass."
"B-AUDIT-000011","B","Crossref","PHASE2-SEARCH-0100","2026-07-31","Decision letter for ""Model Validation and Selection in Metabolic Flux Analysis and Flux Balance Analysis""","","2023","10.1002/btpr.3413/v1/decision1","10.1002/btpr.3413/v1/decision1","B-10.1002/btpr.3413/v1/decision1","TITLE_ABSTRACT_EXCLUDED","NOT_PRIMARY_ARTICLE_ANCILLARY_MATERIAL","LEVEL_3_DISCOVERY_ONLY","","First 50 results of broad prospective Crossref audit pass."
"B-AUDIT-000012","B","Crossref","PHASE2-SEARCH-0100","2026-07-31","Elucidation of the metabolic mechanism for malate production in Myceliophthora thermophila via 13C metabolic flux analysis","Junfeng Jiang; Defei Liu; Chaoguang Tian; Jianye Xia","2022","10.21203/rs.3.rs-2123109/v1","10.21203/rs.3.rs-2123109/v1","B-10.21203/rs.3.rs-2123109/v1","TITLE_ABSTRACT_EXCLUDED","GENERAL_MFA_OR_APPLICATION_NO_MODEL_DISCRIMINATION_METHOD","LEVEL_3_DISCOVERY_ONLY","","First 50 results of broad prospective Crossref audit pass."
"B-AUDIT-000013","B","Crossref","PHASE2-SEARCH-0100","2026-07-31","Evaluation of isotope discrimination in 13C-based metabolic flux analysis","Xueyang Feng; Yinjie J. Tang","2011","10.1016/j.ab.2011.06.022","10.1016/j.ab.2011.06.022","B-10.1016/j.ab.2011.06.022","TITLE_ABSTRACT_EXCLUDED","GENERAL_MFA_OR_APPLICATION_NO_MODEL_DISCRIMINATION_METHOD","LEVEL_3_DISCOVERY_ONLY","","First 50 results of broad prospective Crossref audit pass."
"B-AUDIT-000014","B","Crossref","PHASE2-SEARCH-0100","2026-07-31","13C-Metabolic Flux Analysis and Metabolic Regulation","Yu Matsuoka; Kazuyuki Shimizu","2012","10.5772/35121","10.5772/35121","B-10.5772/35121","TITLE_ABSTRACT_EXCLUDED","GENERAL_MFA_OR_APPLICATION_NO_MODEL_DISCRIMINATION_METHOD","LEVEL_3_DISCOVERY_ONLY","","First 50 results of broad prospective Crossref audit pass."
"B-AUDIT-000015","B","Crossref","PHASE2-SEARCH-0100","2026-07-31","Selection of tracers for 13C-Metabolic Flux Analysis using Elementary Metabolite Units (EMU) basis vector methodology","Scott B. Crown; Maciek R. Antoniewicz","2012","10.1016/j.ymben.2011.12.005","10.1016/j.ymben.2011.12.005","B-10.1016/j.ymben.2011.12.005","DUPLICATE","DUPLICATE_OF_P0005","LEVEL_3_DISCOVERY_ONLY","P0005","First 50 results of broad prospective Crossref audit pass."
"B-AUDIT-000016","B","Crossref","PHASE2-SEARCH-0100","2026-07-31","Investigating E. coli Coculture for Resveratrol Production with 13C Metabolic Flux Analysis","","","10.1021/acs.jafc.9b07628.s001","10.1021/acs.jafc.9b07628.s001","B-10.1021/acs.jafc.9b07628.s001","TITLE_ABSTRACT_EXCLUDED","NOT_PRIMARY_ARTICLE_ANCILLARY_MATERIAL","LEVEL_3_DISCOVERY_ONLY","","First 50 results of broad prospective Crossref audit pass."
"B-AUDIT-000017","B","Crossref","PHASE2-SEARCH-0100","2026-07-31","Metabolic mechanism of Saccharomyces cerevisiae under different physiological conditions based on non-stationary 13C metabolic flux analysis","Huan Li; Min Chen; Peng Liu; Shuai Wang; JY Xia","2020","10.21203/rs.3.rs-26832/v1","10.21203/rs.3.rs-26832/v1","B-10.21203/rs.3.rs-26832/v1","TITLE_ABSTRACT_EXCLUDED","GENERAL_MFA_OR_APPLICATION_NO_MODEL_DISCRIMINATION_METHOD","LEVEL_3_DISCOVERY_ONLY","","First 50 results of broad prospective Crossref audit pass."
"B-AUDIT-000018","B","Crossref","PHASE2-SEARCH-0100","2026-07-31","13C Metabolic Flux Analysis","Wolfgang Wiechert","2001","10.1006/mben.2001.0187","10.1006/mben.2001.0187","B-10.1006/mben.2001.0187","DUPLICATE","DUPLICATE_OF_P0001","LEVEL_3_DISCOVERY_ONLY","P0001","First 50 results of broad prospective Crossref audit pass."
"B-AUDIT-000019","B","Crossref","PHASE2-SEARCH-0100","2026-07-31","Author response for ""Model Validation and Selection in Metabolic Flux Analysis and Flux Balance Analysis""","Kaste, Joshua A.M.; Shachar-Hill, Yair","2023","10.1002/btpr.3413/v2/response1","10.1002/btpr.3413/v2/response1","B-10.1002/btpr.3413/v2/response1","TITLE_ABSTRACT_EXCLUDED","NOT_PRIMARY_ARTICLE_ANCILLARY_MATERIAL","LEVEL_3_DISCOVERY_ONLY","","First 50 results of broad prospective Crossref audit pass."
"B-AUDIT-000020","B","Crossref","PHASE2-SEARCH-0100","2026-07-31","Validation-based model selection for 13C metabolic flux analysis with uncertain measurement errors","Nicolas Sundqvist; Nina Grankvist; Jeramie Watrous; Jain Mohit; Roland Nilsson; Gunnar Cedersund","2022","10.1371/journal.pcbi.1009999","10.1371/journal.pcbi.1009999","B-10.1371/journal.pcbi.1009999","DUPLICATE","DUPLICATE_OF_P0030","LEVEL_3_DISCOVERY_ONLY","P0030","First 50 results of broad prospective Crossref audit pass."
"B-AUDIT-000021","B","Crossref","PHASE2-SEARCH-0100","2026-07-31","13C-Metabolic flux analysis of soybean somatic embryos for identification of metabolic control points in developing seed","Quyen Xuan Truong","","10.31274/etd-180810-3030","10.31274/etd-180810-3030","B-10.31274/etd-180810-3030","TITLE_ABSTRACT_EXCLUDED","GENERAL_MFA_OR_APPLICATION_NO_MODEL_DISCRIMINATION_METHOD","LEVEL_3_DISCOVERY_ONLY","","First 50 results of broad prospective Crossref audit pass."
"B-AUDIT-000022","B","Crossref","PHASE2-SEARCH-0100","2026-07-31","Parallel labeling experiments validate Clostridium acetobutylicum metabolic network model for 13C metabolic flux analysis","Jennifer Au; Jungik Choi; Shawn W. Jones; Keerthi P. Venkataramanan; Maciek R. Antoniewicz","2014","10.1016/j.ymben.2014.08.002","10.1016/j.ymben.2014.08.002","B-10.1016/j.ymben.2014.08.002","DUPLICATE","DUPLICATE_OF_P0015","LEVEL_3_DISCOVERY_ONLY","P0015","First 50 results of broad prospective Crossref audit pass."
"B-AUDIT-000023","B","Crossref","PHASE2-SEARCH-0100","2026-07-31","13C metabolic flux analysis at a genome-scale","Saratram Gopalakrishnan; Costas D. Maranas","2015","10.1016/j.ymben.2015.08.006","10.1016/j.ymben.2015.08.006","B-10.1016/j.ymben.2015.08.006","TITLE_ABSTRACT_EXCLUDED","GENERAL_MFA_OR_APPLICATION_NO_MODEL_DISCRIMINATION_METHOD","LEVEL_3_DISCOVERY_ONLY","","First 50 results of broad prospective Crossref audit pass."
"B-AUDIT-000024","B","Crossref","PHASE2-SEARCH-0100","2026-07-31","An Introduction to 13C Metabolic Flux Analysis","Wolfgang Wiechert","2002","10.1007/978-1-4615-0721-5_10","10.1007/978-1-4615-0721-5_10","B-10.1007/978-1-4615-0721-5_10","TITLE_ABSTRACT_EXCLUDED","GENERAL_MFA_OR_APPLICATION_NO_MODEL_DISCRIMINATION_METHOD","LEVEL_3_DISCOVERY_ONLY","","First 50 results of broad prospective Crossref audit pass."
"B-AUDIT-000025","B","Crossref","PHASE2-SEARCH-0100","2026-07-31","Rethinking 13C-metabolic flux analysis – The Bayesian way of flux inference","Axel Theorell; Johann F. Jadebeck; Wolfgang Wiechert; Johnjoe McFadden; Katharina Nöh","2024","10.1016/j.ymben.2024.03.005","10.1016/j.ymben.2024.03.005","B-10.1016/j.ymben.2024.03.005","TITLE_ABSTRACT_INCLUDED","NA","LEVEL_3_DISCOVERY_ONLY","","First 50 results of broad prospective Crossref audit pass."
"B-AUDIT-000026","B","Crossref","PHASE2-SEARCH-0100","2026-07-31","13C-Metabolic Flux Analysis for Escherichia coli","Yu Matsuoka; Kazuyuki Shimizu","2014","10.1007/978-1-4939-1170-7_16","10.1007/978-1-4939-1170-7_16","B-10.1007/978-1-4939-1170-7_16","TITLE_ABSTRACT_EXCLUDED","GENERAL_MFA_OR_APPLICATION_NO_MODEL_DISCRIMINATION_METHOD","LEVEL_3_DISCOVERY_ONLY","","First 50 results of broad prospective Crossref audit pass."
"B-AUDIT-000027","B","Crossref","PHASE2-SEARCH-0100","2026-07-31","GC-MS-Based 13C Metabolic Flux Analysis","Judith Becker; Christoph Wittmann","2014","10.1007/978-1-4939-1170-7_10","10.1007/978-1-4939-1170-7_10","B-10.1007/978-1-4939-1170-7_10","TITLE_ABSTRACT_EXCLUDED","GENERAL_MFA_OR_APPLICATION_NO_MODEL_DISCRIMINATION_METHOD","LEVEL_3_DISCOVERY_ONLY","","First 50 results of broad prospective Crossref audit pass."
"B-AUDIT-000028","B","Crossref","PHASE2-SEARCH-0100","2026-07-31","Model validation and selection in metabolic flux analysis and flux balance analysis","Joshua A. M. Kaste; Yair Shachar‐Hill","2023","10.1002/btpr.3413","10.1002/btpr.3413","B-10.1002/btpr.3413","TITLE_ABSTRACT_INCLUDED","NA","LEVEL_3_DISCOVERY_ONLY","","First 50 results of broad prospective Crossref audit pass."
"B-AUDIT-000029","B","Crossref","PHASE2-SEARCH-0100","2026-07-31","13C-metabolic flux analysis of co-cultures: A novel approach","Nikodimos A. Gebreselassie; Maciek R. Antoniewicz","2015","10.1016/j.ymben.2015.07.005","10.1016/j.ymben.2015.07.005","B-10.1016/j.ymben.2015.07.005","TITLE_ABSTRACT_EXCLUDED","GENERAL_MFA_OR_APPLICATION_NO_MODEL_DISCRIMINATION_METHOD","LEVEL_3_DISCOVERY_ONLY","","First 50 results of broad prospective Crossref audit pass."
"B-AUDIT-000030","B","Crossref","PHASE2-SEARCH-0100","2026-07-31","13C Metabolic Flux Analysis","Meghna Rajvanshi; Kareenhalli V. Venkatesh","2013","10.1007/978-1-4419-9863-7_699","10.1007/978-1-4419-9863-7_699","B-10.1007/978-1-4419-9863-7_699","TITLE_ABSTRACT_EXCLUDED","GENERAL_MFA_OR_APPLICATION_NO_MODEL_DISCRIMINATION_METHOD","LEVEL_3_DISCOVERY_ONLY","","First 50 results of broad prospective Crossref audit pass."
"B-AUDIT-000031","B","Crossref","PHASE2-SEARCH-0100","2026-07-31","13C-Based Metabolic Flux Analysis of Recombinant Pichia pastoris","Pau Ferrer; Joan Albiol","2014","10.1007/978-1-4939-1170-7_17","10.1007/978-1-4939-1170-7_17","B-10.1007/978-1-4939-1170-7_17","TITLE_ABSTRACT_EXCLUDED","GENERAL_MFA_OR_APPLICATION_NO_MODEL_DISCRIMINATION_METHOD","LEVEL_3_DISCOVERY_ONLY","","First 50 results of broad prospective Crossref audit pass."
"B-AUDIT-000032","B","Crossref","PHASE2-SEARCH-0100","2026-07-31","Synergy between 13C-metabolic flux analysis and flux balance analysis for understanding metabolic adaption to anaerobiosis in E. coli","Xuewen Chen; Ana P. Alonso; Doug K. Allen; Jennifer L. Reed; Yair Shachar-Hill","2011","10.1016/j.ymben.2010.11.004","10.1016/j.ymben.2010.11.004","B-10.1016/j.ymben.2010.11.004","TITLE_ABSTRACT_EXCLUDED","GENERAL_MFA_OR_APPLICATION_NO_MODEL_DISCRIMINATION_METHOD","LEVEL_3_DISCOVERY_ONLY","","First 50 results of broad prospective Crossref audit pass."
"B-AUDIT-000033","B","Crossref","PHASE2-SEARCH-0100","2026-07-31","Publishing 13C metabolic flux analysis studies: A review and future perspectives","Scott B. Crown; Maciek R. Antoniewicz","2013","10.1016/j.ymben.2013.08.005","10.1016/j.ymben.2013.08.005","B-10.1016/j.ymben.2013.08.005","TITLE_ABSTRACT_EXCLUDED","GENERAL_MFA_OR_APPLICATION_NO_MODEL_DISCRIMINATION_METHOD","LEVEL_3_DISCOVERY_ONLY","","First 50 results of broad prospective Crossref audit pass."
"B-AUDIT-000034","B","Crossref","PHASE2-SEARCH-0100","2026-07-31","Microbial Metabolic Flux Analysis Using Position-Specific 13C-Labelled Glucose and Fragment 13C Analysis of Plfa","W. Wu; P. Dijkstra; M. A. Dippold","2019","10.3997/2214-4609.201902875","10.3997/2214-4609.201902875","B-10.3997/2214-4609.201902875","TITLE_ABSTRACT_EXCLUDED","GENERAL_MFA_OR_APPLICATION_NO_MODEL_DISCRIMINATION_METHOD","LEVEL_3_DISCOVERY_ONLY","","First 50 results of broad prospective Crossref audit pass."
"B-AUDIT-000035","B","Crossref","PHASE2-SEARCH-0100","2026-07-31","Optimization of Steady-State 13C-Labeling Experiments for Metabolic Flux Analysis","Nicholas J. Kruger; Shyam K. Masakapalli; R. George Ratcliffe","2013","10.1007/978-1-62703-688-7_4","10.1007/978-1-62703-688-7_4","B-10.1007/978-1-62703-688-7_4","TITLE_ABSTRACT_EXCLUDED","GENERAL_MFA_OR_APPLICATION_NO_MODEL_DISCRIMINATION_METHOD","LEVEL_3_DISCOVERY_ONLY","","First 50 results of broad prospective Crossref audit pass."
"B-AUDIT-000036","B","Crossref","PHASE2-SEARCH-0100","2026-07-31","Respirometric 13C flux analysis—Part II: In vivo flux estimation of lysine-producing Corynebacterium glutamicum","Tae Hoon Yang; Christoph Wittmann; Elmar Heinzle","2006","10.1016/j.ymben.2006.03.002","10.1016/j.ymben.2006.03.002","B-10.1016/j.ymben.2006.03.002","TITLE_ABSTRACT_EXCLUDED","GENERAL_MFA_OR_APPLICATION_NO_MODEL_DISCRIMINATION_METHOD","LEVEL_3_DISCOVERY_ONLY","","First 50 results of broad prospective Crossref audit pass."
"B-AUDIT-000037","B","Crossref","PHASE2-SEARCH-0100","2026-07-31","13C Metabolic Flux Analysis of acetate conversion to lipids by Yarrowia lipolytica","Nian Liu; Kangjian Qiao; Gregory Stephanopoulos","2016","10.1016/j.ymben.2016.06.006","10.1016/j.ymben.2016.06.006","B-10.1016/j.ymben.2016.06.006","TITLE_ABSTRACT_EXCLUDED","GENERAL_MFA_OR_APPLICATION_NO_MODEL_DISCRIMINATION_METHOD","LEVEL_3_DISCOVERY_ONLY","","First 50 results of broad prospective Crossref audit pass."
"B-AUDIT-000038","B","Crossref","PHASE2-SEARCH-0100","2026-07-31","In Vivo NMR for 13C metabolic Flux Analysis","Albrecht Roscher; Stéphanie Troufflard; Abdelghani Idrissi Taghki","2013","10.1007/978-1-62703-688-7_10","10.1007/978-1-62703-688-7_10","B-10.1007/978-1-62703-688-7_10","TITLE_ABSTRACT_EXCLUDED","GENERAL_MFA_OR_APPLICATION_NO_MODEL_DISCRIMINATION_METHOD","LEVEL_3_DISCOVERY_ONLY","","First 50 results of broad prospective Crossref audit pass."
"B-AUDIT-000039","B","Crossref","PHASE2-SEARCH-0100","2026-07-31","13C-metabolic flux analysis of Saccharomyces cerevisiae in complex media","Hayato Fujiwara; Nobuyuki Okahashi; Taisuke Seike; Fumio Matsuda","2025","10.1016/j.mec.2025.e00260","10.1016/j.mec.2025.e00260","B-10.1016/j.mec.2025.e00260","TITLE_ABSTRACT_EXCLUDED","GENERAL_MFA_OR_APPLICATION_NO_MODEL_DISCRIMINATION_METHOD","LEVEL_3_DISCOVERY_ONLY","","First 50 results of broad prospective Crossref audit pass."
"B-AUDIT-000040","B","Crossref","PHASE2-SEARCH-0100","2026-07-31","Metabolic Flux Analysis in Synechocystis Using Isotope Distribution from 13C-Labeled Glucose","Chen Yang; Qiang Hua; Kazuyuki Shimizu","2002","10.1006/mben.2002.0226","10.1006/mben.2002.0226","B-10.1006/mben.2002.0226","TITLE_ABSTRACT_EXCLUDED","GENERAL_MFA_OR_APPLICATION_NO_MODEL_DISCRIMINATION_METHOD","LEVEL_3_DISCOVERY_ONLY","","First 50 results of broad prospective Crossref audit pass."
"B-AUDIT-000041","B","Crossref","PHASE2-SEARCH-0100","2026-07-31","A Universal Framework for 13C Metabolic Flux Analysis","Wolfgang Wiechert; Michael Möllney; Sören Petersen; Albert A. de Graaf","2001","10.1006/mben.2001.0188","10.1006/mben.2001.0188","B-10.1006/mben.2001.0188","TITLE_ABSTRACT_EXCLUDED","GENERAL_MFA_OR_APPLICATION_NO_MODEL_DISCRIMINATION_METHOD","LEVEL_3_DISCOVERY_ONLY","","First 50 results of broad prospective Crossref audit pass."
"B-AUDIT-000042","B","Crossref","PHASE2-SEARCH-0100","2026-07-31","The Metabolic Flux Probe (MFP)—Secreted Protein as a Non-Disruptive Information Carrier for 13C-Based Metabolic Flux Analysis","Christian Dusny; Andreas Schmid","2021","10.3390/ijms22179438","10.3390/ijms22179438","B-10.3390/ijms22179438","TITLE_ABSTRACT_EXCLUDED","GENERAL_MFA_OR_APPLICATION_NO_MODEL_DISCRIMINATION_METHOD","LEVEL_3_DISCOVERY_ONLY","","First 50 results of broad prospective Crossref audit pass."
"B-AUDIT-000043","B","Crossref","PHASE2-SEARCH-0100","2026-07-31","Two-Scale 13C Metabolic Flux Analysis for Metabolic Engineering","David Ando; Hector Garcia Martin","2018","10.1007/978-1-4939-7295-1_21","10.1007/978-1-4939-7295-1_21","B-10.1007/978-1-4939-7295-1_21","TITLE_ABSTRACT_EXCLUDED","GENERAL_MFA_OR_APPLICATION_NO_MODEL_DISCRIMINATION_METHOD","LEVEL_3_DISCOVERY_ONLY","","First 50 results of broad prospective Crossref audit pass."
"B-AUDIT-000044","B","Crossref","PHASE2-SEARCH-0100","2026-07-31","13C-Metabolic flux analysis of 3T3-L1 adipocytes illuminates its core metabolism under hypoxia","Eleanor H. Oates; Maciek R. Antoniewicz","2023","10.1016/j.ymben.2023.02.002","10.1016/j.ymben.2023.02.002","B-10.1016/j.ymben.2023.02.002","TITLE_ABSTRACT_EXCLUDED","GENERAL_MFA_OR_APPLICATION_NO_MODEL_DISCRIMINATION_METHOD","LEVEL_3_DISCOVERY_ONLY","","First 50 results of broad prospective Crossref audit pass."
"B-AUDIT-000045","B","Crossref","PHASE2-SEARCH-0100","2026-07-31","Metabolic networks in motion: 13C‐based flux analysis","Uwe Sauer","2006","10.1038/msb4100109","10.1038/msb4100109","B-10.1038/msb4100109","TITLE_ABSTRACT_EXCLUDED","GENERAL_MFA_OR_APPLICATION_NO_MODEL_DISCRIMINATION_METHOD","LEVEL_3_DISCOVERY_ONLY","","First 50 results of broad prospective Crossref audit pass."
"B-AUDIT-000046","B","Crossref","PHASE2-SEARCH-0100","2026-07-31","13C metabolic flux analysis clarifies distinct metabolic phenotypes of cancer cell spheroid mimicking tumor hypoxia","Shingo Noguchi; Kenichi Wakita; Fumio Matsuda; Hiroshi Shimizu","2022","10.1016/j.ymben.2022.07.008","10.1016/j.ymben.2022.07.008","B-10.1016/j.ymben.2022.07.008","TITLE_ABSTRACT_EXCLUDED","GENERAL_MFA_OR_APPLICATION_NO_MODEL_DISCRIMINATION_METHOD","LEVEL_3_DISCOVERY_ONLY","","First 50 results of broad prospective Crossref audit pass."
"B-AUDIT-000047","B","Crossref","PHASE2-SEARCH-0100","2026-07-31","Integration of a constraint-based metabolic model of Brassica napus developing seeds with 13C-metabolic flux analysis","Jordan O. Hay; Hai Shi; Nicolas Heinzel; Inga Hebbelmann; Hardy Rolletschek; Jorg Schwender","2014","10.3389/fpls.2014.00724","10.3389/fpls.2014.00724","B-10.3389/fpls.2014.00724","TITLE_ABSTRACT_EXCLUDED","GENERAL_MFA_OR_APPLICATION_NO_MODEL_DISCRIMINATION_METHOD","LEVEL_3_DISCOVERY_ONLY","","First 50 results of broad prospective Crossref audit pass."
"B-AUDIT-000048","B","Crossref","PHASE2-SEARCH-0100","2026-07-31","A comprehensive metabolic profile of cultured astrocytes using isotopic transient metabolic flux analysis and 13C-labeled glucose","Ana Amaral","2011","10.3389/fnene.2011.00005","10.3389/fnene.2011.00005","B-10.3389/fnene.2011.00005","TITLE_ABSTRACT_EXCLUDED","GENERAL_MFA_OR_APPLICATION_NO_MODEL_DISCRIMINATION_METHOD","LEVEL_3_DISCOVERY_ONLY","","First 50 results of broad prospective Crossref audit pass."
"B-AUDIT-000049","B","Crossref","PHASE2-SEARCH-0100","2026-07-31","13C-metabolic flux analysis of Actinobacillus succinogenes fermentative metabolism at different NaHCO3 and H2 concentrations","James B. McKinlay; Claire Vieille","2008","10.1016/j.ymben.2007.08.004","10.1016/j.ymben.2007.08.004","B-10.1016/j.ymben.2007.08.004","TITLE_ABSTRACT_EXCLUDED","GENERAL_MFA_OR_APPLICATION_NO_MODEL_DISCRIMINATION_METHOD","LEVEL_3_DISCOVERY_ONLY","","First 50 results of broad prospective Crossref audit pass."
"B-AUDIT-000050","B","Crossref","PHASE2-SEARCH-0100","2026-07-31","13C metabolic flux analysis of the extremely thermophilic, fast growing, xylose-utilizing Geobacillus strain LC300","Lauren T. Cordova; Maciek R. Antoniewicz","2016","10.1016/j.ymben.2015.06.004","10.1016/j.ymben.2015.06.004","B-10.1016/j.ymben.2015.06.004","TITLE_ABSTRACT_EXCLUDED","GENERAL_MFA_OR_APPLICATION_NO_MODEL_DISCRIMINATION_METHOD","LEVEL_3_DISCOVERY_ONLY","","First 50 results of broad prospective Crossref audit pass."
"B-AUDIT-000051","B","OpenAlex","PHASE2-SEARCH-0101","2026-07-31","Validation-based model selection for 13C metabolic flux analysis with uncertain measurement errors","Nicolas Sundqvist; Nina Grankvist; Jeramie D. Watrous; Mohit Jain; Roland Nilsson; Gunnar Cedersund","2022","https://doi.org/10.1371/journal.pcbi.1009999","https://openalex.org/W4223583835","B-10.1371/journal.pcbi.1009999","DUPLICATE","DUPLICATE_OF_P0030","LEVEL_3_DISCOVERY_ONLY","P0030","anchor result from the stated anchor."
"B-AUDIT-000052","B","OpenAlex","PHASE2-SEARCH-0101","2026-07-31","Hallmarks of Cancer: The Next Generation","Douglas Hanahan; Robert A. Weinberg","2011","https://doi.org/10.1016/j.cell.2011.02.013","https://openalex.org/W2117692326","B-10.1016/j.cell.2011.02.013","TITLE_ABSTRACT_EXCLUDED","CITATION_CONTEXT_ONLY_NO_NEW_MODEL_DISCRIMINATION_METHOD_FAMILY","LEVEL_3_DISCOVERY_ONLY","","backward citation result from the stated anchor."
"B-AUDIT-000053","B","OpenAlex","PHASE2-SEARCH-0101","2026-07-31","Information Theory and an Extension of the Maximum Likelihood Principle","H. Akaike","1998","https://doi.org/10.1007/978-1-4612-1694-0_15","https://openalex.org/W2058815839","B-10.1007/978-1-4612-1694-0_15","TITLE_ABSTRACT_EXCLUDED","CITATION_CONTEXT_ONLY_NO_NEW_MODEL_DISCRIMINATION_METHOD_FAMILY","LEVEL_3_DISCOVERY_ONLY","","backward citation result from the stated anchor."
"B-AUDIT-000054","B","OpenAlex","PHASE2-SEARCH-0101","2026-07-31","The Statistical Analysis of Compositional Data","J. Aitchison","1982","https://doi.org/10.1111/j.2517-6161.1982.tb01195.x","https://openalex.org/W2904250115","B-10.1111/j.2517-6161.1982.tb01195.x","TITLE_ABSTRACT_EXCLUDED","CITATION_CONTEXT_ONLY_NO_NEW_MODEL_DISCRIMINATION_METHOD_FAMILY","LEVEL_3_DISCOVERY_ONLY","","backward citation result from the stated anchor."
"B-AUDIT-000055","B","OpenAlex","PHASE2-SEARCH-0101","2026-07-31","A community-driven global reconstruction of human metabolism","Ines Thiele; Neil Swainston; Ronan M. T. Fleming; Andreas Hoppe; Swagatika Sahoo; Maike K. Aurich; Hulda S. Haraldsdóttir; Monica L. Mo; Óttar Rolfsson; Miranda D. Stobbe; Stefan Gretar Thorleifsson; Rasmus Ågren; Christian Bölling; Sergio Bordel; Arvind K. Chavali; Paul D. Dobson; Warwick B. Dunn; Lukas Endler; David Hala; Michael Hucka; Duncan Hull; Daniel Jameson; Neema Jamshidi; Jón J. Jónsson; Nick Juty; Sarah Keating; Intawat Nookaew; Nicolas Le Novère; Naglis Malys; Alexander Mazein; Jason A. Papin; Nathan D. Price; E Selkov; Martin I. Sigurðsson; Evangelos Simeonidis; Nikolaus Sonnenschein; Kieran Smallbone; Anatoly Sorokin; Hans van Beek; Dieter Weichart; Igor Goryanin; Jens Nielsen; Hans V. Westerhoff; Douglas B. Kell; Pedro Mendes; Bernhard Ø. Palsson","2013","https://doi.org/10.1038/nbt.2488","https://openalex.org/W2132218677","B-10.1038/nbt.2488","TITLE_ABSTRACT_EXCLUDED","CITATION_CONTEXT_ONLY_NO_NEW_MODEL_DISCRIMINATION_METHOD_FAMILY","LEVEL_3_DISCOVERY_ONLY","","backward citation result from the stated anchor."
"B-AUDIT-000056","B","OpenAlex","PHASE2-SEARCH-0101","2026-07-31","Control of amino-acid transport by antigen receptors coordinates the metabolic reprogramming essential for T cell differentiation","Linda V. Sinclair; Julia Rolf; Elizabeth Emslie; Yun‐Bo Shi; Peter M. Taylor; Doreen A. Cantrell","2013","https://doi.org/10.1038/ni.2556","https://openalex.org/W1993023349","B-10.1038/ni.2556","TITLE_ABSTRACT_EXCLUDED","CITATION_CONTEXT_ONLY_NO_NEW_MODEL_DISCRIMINATION_METHOD_FAMILY","LEVEL_3_DISCOVERY_ONLY","","backward citation result from the stated anchor."
"B-AUDIT-000057","B","OpenAlex","PHASE2-SEARCH-0101","2026-07-31","13C Metabolic Flux Analysis","Wolfgang Wiechert","2001","https://doi.org/10.1006/mben.2001.0187","https://openalex.org/W1992170087","B-10.1006/mben.2001.0187","DUPLICATE","DUPLICATE_OF_P0001","LEVEL_3_DISCOVERY_ONLY","P0001","backward citation result from the stated anchor."
"B-AUDIT-000058","B","OpenAlex","PHASE2-SEARCH-0101","2026-07-31","Complexity of dopamine metabolism","Johannes Meiser; Daniel Weindl; Karsten Hiller","2013","https://doi.org/10.1186/1478-811x-11-34","https://openalex.org/W2109963281","B-10.1186/1478-811x-11-34","TITLE_ABSTRACT_EXCLUDED","CITATION_CONTEXT_ONLY_NO_NEW_MODEL_DISCRIMINATION_METHOD_FAMILY","LEVEL_3_DISCOVERY_ONLY","","backward citation result from the stated anchor."
"B-AUDIT-000059","B","OpenAlex","PHASE2-SEARCH-0101","2026-07-31","A roadmap for interpreting 13C metabolite labeling patterns from cells","Joerg M. Buescher; Maciek R. Antoniewicz; László G. Boros; Shawn C. Burgess; Henri Brunengraber; Clary B. Clish; Ralph J. DeBerardinis; Olivier Féron; Christian Frezza; Bart Ghesquière; Eyal Gottlieb; Karsten Hiller; Russell G. Jones; Jurre J. Kamphorst; Richard G. Kibbey; Alec C. Kimmelman; Jason W. Locasale; Sophia Y. Lunt; Oliver D.K. Maddocks; Craig R. Malloy; Christian M. Metallo; Emmanuelle J. Meuillet; Joshua Munger; Katharina Nöh; Joshua D. Rabinowitz; Markus Ralser; Uwe Sauer; Gregory Stephanopoulos; Julie St‐Pierre; Daniel A. Tennant; Christoph Wittmann; Matthew G. Vander Heiden; Alexei Vázquez; Karen H. Vousden; Jamey D. Young; Nicola Zamboni; Sarah‐Maria Fendt","2015","https://doi.org/10.1016/j.copbio.2015.02.003","https://openalex.org/W2137386173","B-10.1016/j.copbio.2015.02.003","TITLE_ABSTRACT_EXCLUDED","CITATION_CONTEXT_ONLY_NO_NEW_MODEL_DISCRIMINATION_METHOD_FAMILY","LEVEL_3_DISCOVERY_ONLY","","backward citation result from the stated anchor."
"B-AUDIT-000060","B","OpenAlex","PHASE2-SEARCH-0101","2026-07-31","Elementary metabolite units (EMU): A novel framework for modeling isotopic distributions","Maciek R. Antoniewicz; Joanne K. Kelleher; Gregory Stephanopoulos","2006","https://doi.org/10.1016/j.ymben.2006.09.001","https://openalex.org/W2014323212","B-10.1016/j.ymben.2006.09.001","DUPLICATE","DUPLICATE_OF_P0002","LEVEL_3_DISCOVERY_ONLY","P0002","backward citation result from the stated anchor."
"B-AUDIT-000061","B","OpenAlex","PHASE2-SEARCH-0101","2026-07-31","Determination of confidence intervals of metabolic fluxes estimated from stable isotope measurements","Maciek R. Antoniewicz; Joanne K. Kelleher; Gregory Stephanopoulos","2006","https://doi.org/10.1016/j.ymben.2006.01.004","https://openalex.org/W2092493462","B-10.1016/j.ymben.2006.01.004","DUPLICATE","DUPLICATE_OF_P0003","LEVEL_3_DISCOVERY_ONLY","P0003","backward citation result from the stated anchor."
"B-AUDIT-000062","B","OpenAlex","PHASE2-SEARCH-0101","2026-07-31","Metabolite Spectral Accuracy on Orbitraps","Xiaoyang Su; Wenyun Lu; Joshua D. Rabinowitz","2017","https://doi.org/10.1021/acs.analchem.7b00396","https://openalex.org/W2610435987","B-10.1021/acs.analchem.7b00396","TITLE_ABSTRACT_EXCLUDED","CITATION_CONTEXT_ONLY_NO_NEW_MODEL_DISCRIMINATION_METHOD_FAMILY","LEVEL_3_DISCOVERY_ONLY","","backward citation result from the stated anchor."
"B-AUDIT-000063","B","OpenAlex","PHASE2-SEARCH-0101","2026-07-31","Metabolic reprogramming, caloric restriction and aging","Rozalyn M. Anderson; Richard Weindruch","2009","https://doi.org/10.1016/j.tem.2009.11.005","https://openalex.org/W2128329787","B-10.1016/j.tem.2009.11.005","TITLE_ABSTRACT_EXCLUDED","CITATION_CONTEXT_ONLY_NO_NEW_MODEL_DISCRIMINATION_METHOD_FAMILY","LEVEL_3_DISCOVERY_ONLY","","backward citation result from the stated anchor."
"B-AUDIT-000064","B","OpenAlex","PHASE2-SEARCH-0101","2026-07-31","A guide to 13C metabolic flux analysis for the cancer biologist","Maciek R. Antoniewicz","2018","https://doi.org/10.1038/s12276-018-0060-y","https://openalex.org/W2796927648","B-10.1038/s12276-018-0060-y","TITLE_ABSTRACT_EXCLUDED","CITATION_CONTEXT_ONLY_NO_NEW_MODEL_DISCRIMINATION_METHOD_FAMILY","LEVEL_3_DISCOVERY_ONLY","","backward citation result from the stated anchor."
"B-AUDIT-000065","B","OpenAlex","PHASE2-SEARCH-0101","2026-07-31","Accurate Assessment of Amino Acid Mass Isotopomer Distributions for Metabolic Flux Analysis","Maciek R. Antoniewicz; Joanne K. Kelleher; Gregory Stephanopoulos","2007","https://doi.org/10.1021/ac0708893","https://openalex.org/W2065785909","B-10.1021/ac0708893","TITLE_ABSTRACT_EXCLUDED","CITATION_CONTEXT_ONLY_NO_NEW_MODEL_DISCRIMINATION_METHOD_FAMILY","LEVEL_3_DISCOVERY_ONLY","","backward citation result from the stated anchor."
"B-AUDIT-000066","B","OpenAlex","PHASE2-SEARCH-0101","2026-07-31","Methods and advances in metabolic flux analysis: a mini-review","Maciek R. Antoniewicz","2015","https://doi.org/10.1007/s10295-015-1585-x","https://openalex.org/W2091282042","B-10.1007/s10295-015-1585-x","TITLE_ABSTRACT_EXCLUDED","CITATION_CONTEXT_ONLY_NO_NEW_MODEL_DISCRIMINATION_METHOD_FAMILY","LEVEL_3_DISCOVERY_ONLY","","backward citation result from the stated anchor."
"B-AUDIT-000067","B","OpenAlex","PHASE2-SEARCH-0101","2026-07-31","High-resolution 13C metabolic flux analysis","Christopher P. Long; Maciek R. Antoniewicz","2019","https://doi.org/10.1038/s41596-019-0204-0","https://openalex.org/W2970801850","B-10.1038/s41596-019-0204-0","TITLE_ABSTRACT_EXCLUDED","CITATION_CONTEXT_ONLY_NO_NEW_MODEL_DISCRIMINATION_METHOD_FAMILY","LEVEL_3_DISCOVERY_ONLY","","backward citation result from the stated anchor."
"B-AUDIT-000068","B","OpenAlex","PHASE2-SEARCH-0101","2026-07-31","Profile likelihood in systems biology","Clemens Kreutz; Andreas Raue; Daniel Kaschek; Jens Timmer","2013","https://doi.org/10.1111/febs.12276","https://openalex.org/W2159482231","B-10.1111/febs.12276","TITLE_ABSTRACT_EXCLUDED","CITATION_CONTEXT_ONLY_NO_NEW_MODEL_DISCRIMINATION_METHOD_FAMILY","LEVEL_3_DISCOVERY_ONLY","","backward citation result from the stated anchor."
"B-AUDIT-000069","B","OpenAlex","PHASE2-SEARCH-0101","2026-07-31","Assessing model mimicry using the parametric bootstrap","Eric‐Jan Wagenmakers; Roger Ratcliff; Pablo Gómez; Geoffrey Iverson","2004","https://doi.org/10.1016/j.jmp.2003.11.004","https://openalex.org/W2048009248","B-10.1016/j.jmp.2003.11.004","TITLE_ABSTRACT_EXCLUDED","CITATION_CONTEXT_ONLY_NO_NEW_MODEL_DISCRIMINATION_METHOD_FAMILY","LEVEL_3_DISCOVERY_ONLY","","backward citation result from the stated anchor."
"B-AUDIT-000070","B","OpenAlex","PHASE2-SEARCH-0101","2026-07-31","Systems biology: model based evaluation and comparison of potential explanations for given biological data","Gunnar Cedersund; Jacob Roll","2009","https://doi.org/10.1111/j.1742-4658.2008.06845.x","https://openalex.org/W1501949263","B-10.1111/j.1742-4658.2008.06845.x","TITLE_ABSTRACT_EXCLUDED","CITATION_CONTEXT_ONLY_NO_NEW_MODEL_DISCRIMINATION_METHOD_FAMILY","LEVEL_3_DISCOVERY_ONLY","","backward citation result from the stated anchor."
"B-AUDIT-000071","B","OpenAlex","PHASE2-SEARCH-0101","2026-07-31","Likelihood based observability analysis and confidence intervals for predictions of dynamic models","Clemens Kreutz; Andreas Raue; Jens Timmer","2012","https://doi.org/10.1186/1752-0509-6-120","https://openalex.org/W2131230954","B-10.1186/1752-0509-6-120","TITLE_ABSTRACT_EXCLUDED","CITATION_CONTEXT_ONLY_NO_NEW_MODEL_DISCRIMINATION_METHOD_FAMILY","LEVEL_3_DISCOVERY_ONLY","","backward citation result from the stated anchor."
"B-AUDIT-000072","B","OpenAlex","PHASE2-SEARCH-0101","2026-07-31","Profiling metabolic networks to study cancer metabolism","Karsten Hiller; Christian M. Metallo","2012","https://doi.org/10.1016/j.copbio.2012.11.001","https://openalex.org/W2045305349","B-10.1016/j.copbio.2012.11.001","TITLE_ABSTRACT_EXCLUDED","CITATION_CONTEXT_ONLY_NO_NEW_MODEL_DISCRIMINATION_METHOD_FAMILY","LEVEL_3_DISCOVERY_ONLY","","backward citation result from the stated anchor."
"B-AUDIT-000073","B","OpenAlex","PHASE2-SEARCH-0101","2026-07-31","Driving the Model to Its Limit: Profile Likelihood Based Model Reduction","Tim Maiwald; Helge Hass; Bernhard Steiert; Joep Vanlier; Raphael Engesser; Andreas Raue; Friederike Kipkeew; Hans H. Bock; Daniel Kaschek; Clemens Kreutz; Jens Timmer","2016","https://doi.org/10.1371/journal.pone.0162366","https://openalex.org/W2515696031","B-10.1371/journal.pone.0162366","TITLE_ABSTRACT_EXCLUDED","CITATION_CONTEXT_ONLY_NO_NEW_MODEL_DISCRIMINATION_METHOD_FAMILY","LEVEL_3_DISCOVERY_ONLY","","backward citation result from the stated anchor."
"B-AUDIT-000074","B","OpenAlex","PHASE2-SEARCH-0101","2026-07-31","Publishing 13C metabolic flux analysis studies: A review and future perspectives","Scott B. Crown; Maciek R. Antoniewicz","2013","https://doi.org/10.1016/j.ymben.2013.08.005","https://openalex.org/W2009378698","B-10.1016/j.ymben.2013.08.005","DUPLICATE","DUPLICATE_OF_B-AUDIT-000033","LEVEL_3_DISCOVERY_ONLY","","backward citation result from the stated anchor."
"B-AUDIT-000075","B","OpenAlex","PHASE2-SEARCH-0101","2026-07-31","Mass and Information Feedbacks through Receptor Endocytosis Govern Insulin Signaling as Revealed Using a Parameter-free Modeling Framework","Cecilia Brännmark; Robert S. Palmer; S.T. Glad; Gunnar Cedersund; Peter Strålfors","2010","https://doi.org/10.1074/jbc.m110.106849","https://openalex.org/W1972249602","B-10.1074/jbc.m110.106849","TITLE_ABSTRACT_EXCLUDED","CITATION_CONTEXT_ONLY_NO_NEW_MODEL_DISCRIMINATION_METHOD_FAMILY","LEVEL_3_DISCOVERY_ONLY","","backward citation result from the stated anchor."
"B-AUDIT-000076","B","OpenAlex","PHASE2-SEARCH-0101","2026-07-31","Understanding metabolism with flux analysis: From theory to application","Ziwei Dai; Jason W. Locasale","2016","https://doi.org/10.1016/j.ymben.2016.09.005","https://openalex.org/W2521505040","B-10.1016/j.ymben.2016.09.005","TITLE_ABSTRACT_EXCLUDED","CITATION_CONTEXT_ONLY_NO_NEW_MODEL_DISCRIMINATION_METHOD_FAMILY","LEVEL_3_DISCOVERY_ONLY","","backward citation result from the stated anchor."
"B-AUDIT-000077","B","OpenAlex","PHASE2-SEARCH-0101","2026-07-31","Credibility of <i>In Silico</i> Trial Technologies—A Theoretical Framing","Marco Viceconti; Miguel A. Juárez; Cristina Curreli; Marzio Pennisi; Giulia Russo; Francesco Pappalardo","2019","https://doi.org/10.1109/jbhi.2019.2949888","https://openalex.org/W2982618177","B-10.1109/jbhi.2019.2949888","TITLE_ABSTRACT_EXCLUDED","CITATION_CONTEXT_ONLY_NO_NEW_MODEL_DISCRIMINATION_METHOD_FAMILY","LEVEL_3_DISCOVERY_ONLY","","backward citation result from the stated anchor."
"B-AUDIT-000078","B","OpenAlex","PHASE2-SEARCH-0101","2026-07-31","Metabolic reprogramming in type 2 diabetes and the development of breast cancer","Sheree D. Martin; Sean L. McGee","2018","https://doi.org/10.1530/joe-18-0037","https://openalex.org/W2791775476","B-10.1530/joe-18-0037","TITLE_ABSTRACT_EXCLUDED","CITATION_CONTEXT_ONLY_NO_NEW_MODEL_DISCRIMINATION_METHOD_FAMILY","LEVEL_3_DISCOVERY_ONLY","","backward citation result from the stated anchor."
"B-AUDIT-000079","B","OpenAlex","PHASE2-SEARCH-0101","2026-07-31","Serum-free growth of human mammary epithelial cells: rapid clonal growth in defined medium and extended serial passage with pituitary extract.","Sally Hammond; R G Ham; Martha R. Stampfer","1984","https://doi.org/10.1073/pnas.81.17.5435","https://openalex.org/W2020333197","B-10.1073/pnas.81.17.5435","TITLE_ABSTRACT_EXCLUDED","CITATION_CONTEXT_ONLY_NO_NEW_MODEL_DISCRIMINATION_METHOD_FAMILY","LEVEL_3_DISCOVERY_ONLY","","backward citation result from the stated anchor."
"B-AUDIT-000080","B","OpenAlex","PHASE2-SEARCH-0101","2026-07-31","Conclusions via unique predictions obtained despite unidentifiability – new definitions and a general method","Gunnar Cedersund","2012","https://doi.org/10.1111/j.1742-4658.2012.08725.x","https://openalex.org/W1585358837","B-10.1111/j.1742-4658.2012.08725.x","TITLE_ABSTRACT_EXCLUDED","CITATION_CONTEXT_ONLY_NO_NEW_MODEL_DISCRIMINATION_METHOD_FAMILY","LEVEL_3_DISCOVERY_ONLY","","backward citation result from the stated anchor."
"B-AUDIT-000081","B","OpenAlex","PHASE2-SEARCH-0101","2026-07-31","A Hierarchical Whole-body Modeling Approach Elucidates the Link between in Vitro Insulin Signaling and in Vivo Glucose Homeostasis","Elin Nyman; Cecilia Brännmark; Robert S. Palmer; Jan Brugård; Fredrik H. Nyström; Peter Strålfors; Gunnar Cedersund","2011","https://doi.org/10.1074/jbc.m110.188987","https://openalex.org/W2035803015","B-10.1074/jbc.m110.188987","TITLE_ABSTRACT_EXCLUDED","CITATION_CONTEXT_ONLY_NO_NEW_MODEL_DISCRIMINATION_METHOD_FAMILY","LEVEL_3_DISCOVERY_ONLY","","backward citation result from the stated anchor."
"B-AUDIT-000082","B","OpenAlex","PHASE2-SEARCH-0101","2026-07-31","Selection of tracers for 13C-Metabolic Flux Analysis using Elementary Metabolite Units (EMU) basis vector methodology","Scott B. Crown; Maciek R. Antoniewicz","2011","https://doi.org/10.1016/j.ymben.2011.12.005","https://openalex.org/W2076863223","B-10.1016/j.ymben.2011.12.005","DUPLICATE","DUPLICATE_OF_P0005","LEVEL_3_DISCOVERY_ONLY","P0005","backward citation result from the stated anchor."
"B-AUDIT-000083","B","OpenAlex","PHASE2-SEARCH-0101","2026-07-31","MODELING THE NONLINEAR DYNAMICS OF CELLULAR SIGNAL TRANSDUCTION","Jens Timmer; Thomas Müller; I. Swameye; Olivier Sandra; Ursula Klingmüller","2004","https://doi.org/10.1142/s0218127404010461","https://openalex.org/W2069271582","B-10.1142/s0218127404010461","TITLE_ABSTRACT_EXCLUDED","CITATION_CONTEXT_ONLY_NO_NEW_MODEL_DISCRIMINATION_METHOD_FAMILY","LEVEL_3_DISCOVERY_ONLY","","backward citation result from the stated anchor."
"B-AUDIT-000084","B","OpenAlex","PHASE2-SEARCH-0101","2026-07-31","Parallel labeling experiments for pathway elucidation and 13C metabolic flux analysis","Maciek R. Antoniewicz","2015","https://doi.org/10.1016/j.copbio.2015.08.014","https://openalex.org/W1781745633","B-10.1016/j.copbio.2015.08.014","TITLE_ABSTRACT_EXCLUDED","CITATION_CONTEXT_ONLY_NO_NEW_MODEL_DISCRIMINATION_METHOD_FAMILY","LEVEL_3_DISCOVERY_ONLY","","backward citation result from the stated anchor."
"B-AUDIT-000085","B","OpenAlex","PHASE2-SEARCH-0101","2026-07-31","Discriminating between rival biochemical network models: three approaches to optimal experiment design","Bence Mélykúti; Elias August; Antonis Papachristodoulou; Hana El‐Samad","2010","https://doi.org/10.1186/1752-0509-4-38","https://openalex.org/W2139417466","B-10.1186/1752-0509-4-38","DUPLICATE","DUPLICATE_OF_P0039","LEVEL_3_DISCOVERY_ONLY","P0039","backward citation result from the stated anchor."
"B-AUDIT-000086","B","OpenAlex","PHASE2-SEARCH-0101","2026-07-31","Eukaryotic metabolism: Measuring compartment fluxes","Judith Wahrheit; Averina Nicolae; Elmar Heinzle","2011","https://doi.org/10.1002/biot.201100032","https://openalex.org/W2067157537","B-10.1002/biot.201100032","TITLE_ABSTRACT_EXCLUDED","CITATION_CONTEXT_ONLY_NO_NEW_MODEL_DISCRIMINATION_METHOD_FAMILY","LEVEL_3_DISCOVERY_ONLY","","backward citation result from the stated anchor."
"B-AUDIT-000087","B","OpenAlex","PHASE2-SEARCH-0101","2026-07-31","OpenFLUX2: 13C-MFA modeling software package adjusted for the comprehensive analysis of single and parallel labeling experiments","М.С. Шуплецов; L. I. Golubeva; Svetlana S Rubina; Dmitry A Podvyaznikov; Shintaro Iwatani; Sergey V. Mashko","2014","https://doi.org/10.1186/s12934-014-0152-x","https://openalex.org/W2127636197","B-10.1186/s12934-014-0152-x","TITLE_ABSTRACT_EXCLUDED","CITATION_CONTEXT_ONLY_NO_NEW_MODEL_DISCRIMINATION_METHOD_FAMILY","LEVEL_3_DISCOVERY_ONLY","","backward citation result from the stated anchor."
"B-AUDIT-000088","B","OpenAlex","PHASE2-SEARCH-0101","2026-07-31","Profiling the Metabolism of Human Cells by Deep 13C Labeling","Nina Grankvist; Jeramie D. Watrous; Kim A. Lagerborg; Yaroslav Lyutvinskiy; Mohit Jain; Roland Nilsson","2018","https://doi.org/10.1016/j.chembiol.2018.09.004","https://openalex.org/W2893032201","B-10.1016/j.chembiol.2018.09.004","TITLE_ABSTRACT_EXCLUDED","CITATION_CONTEXT_ONLY_NO_NEW_MODEL_DISCRIMINATION_METHOD_FAMILY","LEVEL_3_DISCOVERY_ONLY","","backward citation result from the stated anchor."
"B-AUDIT-000089","B","OpenAlex","PHASE2-SEARCH-0101","2026-07-31","A model invalidation-based approach for elucidating biological signalling pathways, applied to the chemotaxis pathway in R. sphaeroides","Mark Roberts; Elias August; Abdullah Hamadeh; Philip K. Maini; Patrick McSharry; Judith P. Armitage; Antonis Papachristodoulou","2009","https://doi.org/10.1186/1752-0509-3-105","https://openalex.org/W2150217382","B-10.1186/1752-0509-3-105","TITLE_ABSTRACT_INCLUDED","NA","LEVEL_2_SUPPORTING","","backward citation result from the stated anchor."
"B-AUDIT-000090","B","OpenAlex","PHASE2-SEARCH-0101","2026-07-31","Simultaneous tracing of carbon and nitrogen isotopes in human cells","Roland Nilsson; Mohit Jain","2016","https://doi.org/10.1039/c6mb00009f","https://openalex.org/W2338005732","B-10.1039/c6mb00009f","TITLE_ABSTRACT_EXCLUDED","CITATION_CONTEXT_ONLY_NO_NEW_MODEL_DISCRIMINATION_METHOD_FAMILY","LEVEL_3_DISCOVERY_ONLY","","backward citation result from the stated anchor."
"B-AUDIT-000091","B","OpenAlex","PHASE2-SEARCH-0101","2026-07-31","Bayesian model selection validates a biokinetic model for zirconium processing in humans","Daniel Schmidl; Sabine Hug; Wei Bo Li; Matthias Greiter; Fabian J. Theis","2012","https://doi.org/10.1186/1752-0509-6-95","https://openalex.org/W2135144495","B-10.1186/1752-0509-6-95","TITLE_ABSTRACT_INCLUDED","NA","LEVEL_3_DISCOVERY_ONLY","","backward citation result from the stated anchor."
"B-AUDIT-000092","B","OpenAlex","PHASE2-SEARCH-0101","2026-07-31","A scientific workflow framework for 13C metabolic flux analysis","Tolga Dalman; Wolfgang Wiechert; Katharina Nöh","2015","https://doi.org/10.1016/j.jbiotec.2015.12.032","https://openalex.org/W2270595718","B-10.1016/j.jbiotec.2015.12.032","TITLE_ABSTRACT_EXCLUDED","CITATION_CONTEXT_ONLY_NO_NEW_MODEL_DISCRIMINATION_METHOD_FAMILY","LEVEL_3_DISCOVERY_ONLY","","backward citation result from the stated anchor."
"B-AUDIT-000093","B","OpenAlex","PHASE2-SEARCH-0101","2026-07-31","Tests for Cycling in a Signalling Pathway","Thomas Müller; Daniel Faller; Jens Timmer; I. Swameye; Olivier Sandra; Ursula Klingmüller","2004","https://doi.org/10.1111/j.1467-9876.2004.05148.x","https://openalex.org/W2136974196","B-10.1111/j.1467-9876.2004.05148.x","TITLE_ABSTRACT_INCLUDED","NA","LEVEL_3_DISCOVERY_ONLY","","backward citation result from the stated anchor."
"B-AUDIT-000094","B","OpenAlex","PHASE2-SEARCH-0101","2026-07-31","Pyruvate carboxylase in lactating rat and rabbit mammary gland","Bilquis Gul; R. Dils","1969","https://doi.org/10.1042/bj1110263","https://openalex.org/W4323237986","B-10.1042/bj1110263","TITLE_ABSTRACT_EXCLUDED","CITATION_CONTEXT_ONLY_NO_NEW_MODEL_DISCRIMINATION_METHOD_FAMILY","LEVEL_3_DISCOVERY_ONLY","","backward citation result from the stated anchor."
"B-AUDIT-000095","B","OpenAlex","PHASE2-SEARCH-0101","2026-07-31","Mechanistic explanations for counter‐intuitive phosphorylation dynamics of the insulin receptor and insulin receptor substrate‐1 in response to insulin in murine adipocytes","Elin Nyman; Siri Fagerholm; David Jullesson; Peter Strålfors; Gunnar Cedersund","2012","https://doi.org/10.1111/j.1742-4658.2012.08488.x","https://openalex.org/W1577053917","B-10.1111/j.1742-4658.2012.08488.x","TITLE_ABSTRACT_EXCLUDED","CITATION_CONTEXT_ONLY_NO_NEW_MODEL_DISCRIMINATION_METHOD_FAMILY","LEVEL_3_DISCOVERY_ONLY","","backward citation result from the stated anchor."
"B-AUDIT-000096","B","OpenAlex","PHASE2-SEARCH-0101","2026-07-31","Combining test statistics and models in bootstrapped model rejection: it is a balancing act","Rikard Johansson; Peter Strålfors; Gunnar Cedersund","2014","https://doi.org/10.1186/1752-0509-8-46","https://openalex.org/W2172187648","B-10.1186/1752-0509-8-46","TITLE_ABSTRACT_INCLUDED","NA","LEVEL_3_DISCOVERY_ONLY","","backward citation result from the stated anchor."
"B-AUDIT-000097","B","OpenAlex","PHASE2-SEARCH-0101","2026-07-31","OpenFLUX2: 13 C-MFA modeling software package adjusted for the comprehensive analysis of single and parallel labeling experiments","М.С. Шуплецов; L. I. Golubeva; Svetlana S Rubina; Dmitry A Podvyaznikov; Shintaro Iwatani; Sergey V. Mashko","2014","https://doi.org/10.1186/preaccept-1256381938128538","https://openalex.org/W4245467297","B-10.1186/preaccept-1256381938128538","TITLE_ABSTRACT_EXCLUDED","CITATION_CONTEXT_ONLY_NO_NEW_MODEL_DISCRIMINATION_METHOD_FAMILY","LEVEL_3_DISCOVERY_ONLY","","backward citation result from the stated anchor."
"B-AUDIT-000098","B","OpenAlex","PHASE2-SEARCH-0101","2026-07-31","A Web Service Framework for Interactive Analysis of Metabolomics Data","Yaroslav Lyutvinskiy; Jeramie D. Watrous; Mohit Jain; Roland Nilsson","2017","https://doi.org/10.1021/acs.analchem.7b00890","https://openalex.org/W2614168493","B-10.1021/acs.analchem.7b00890","TITLE_ABSTRACT_EXCLUDED","CITATION_CONTEXT_ONLY_NO_NEW_MODEL_DISCRIMINATION_METHOD_FAMILY","LEVEL_3_DISCOVERY_ONLY","","backward citation result from the stated anchor."
"B-AUDIT-000099","B","OpenAlex","PHASE2-SEARCH-0101","2026-07-31","Pyruvate carboxylase in lactating rat and rabbit mammary gland","Bilquis Gul; R. Dils","1968","https://doi.org/10.1042/bj1090026pb","https://openalex.org/W2410555271","B-10.1042/bj1090026pb","TITLE_ABSTRACT_EXCLUDED","CITATION_CONTEXT_ONLY_NO_NEW_MODEL_DISCRIMINATION_METHOD_FAMILY","LEVEL_3_DISCOVERY_ONLY","","backward citation result from the stated anchor."
"B-AUDIT-000100","B","OpenAlex","PHASE2-SEARCH-0101","2026-07-31","Human breast cancer cells generated by oncogenic transformation of primary mammary epithelial cells","Brian Elenbaas; Lisa Spirio; F. Koerner; Mark D. Fleming; Drazen B. Zimonjic; Joana Liu Donaher; Nicholas C. Popescu; William C. Hahn; Robert A. Weinberg","2001","https://doi.org/10.1101/gad.828901","https://openalex.org/W2027345413","B-10.1101/gad.828901","TITLE_ABSTRACT_EXCLUDED","CITATION_CONTEXT_ONLY_NO_NEW_MODEL_DISCRIMINATION_METHOD_FAMILY","LEVEL_3_DISCOVERY_ONLY","","backward citation result from the stated anchor."
"B-AUDIT-000101","B","OpenAlex","PHASE2-SEARCH-0101","2026-07-31","A Modern Take on the Bias-Variance Tradeoff in Neural Networks","Brady Neal; Sarthak Mittal; Aristide Baratin; Vinayak Tantia; Matthew Scicluna; Simon Lacoste-Julien; Ioannis Mitliagkas","2018","https://doi.org/10.48550/arxiv.1810.08591","https://openalex.org/W2897025488","B-10.48550/arxiv.1810.08591","TITLE_ABSTRACT_EXCLUDED","CITATION_CONTEXT_ONLY_NO_NEW_MODEL_DISCRIMINATION_METHOD_FAMILY","LEVEL_3_DISCOVERY_ONLY","","backward citation result from the stated anchor."
"B-AUDIT-000102","B","OpenAlex","PHASE2-SEARCH-0101","2026-07-31","One‐shot 13C15N‐metabolic flux analysis for simultaneous quantification of carbon and nitrogen flux","Khushboo Borah; Martin Beyß; Ye Xu; Jim Barber; Catia Costa; Jane Newcombe; Axel Theorell; Melanie J. Bailey; Dany J. V. Beste; Johnjoe McFadden; Katharina Nöh","2023","https://doi.org/10.15252/msb.202211099","https://openalex.org/W4318219817","B-ONE-SHOT-2023","FULL_TEXT_INCLUDED","NA","LEVEL_1_LOAD_BEARING","P0047","forward citation result from the stated anchor."
"B-AUDIT-000103","B","OpenAlex","PHASE2-SEARCH-0101","2026-07-31","Metabolic flux analysis in leaf metabolism quantifies the link between photorespiration and one carbon metabolism","Kelem Gashu; Joshua A. M. Kaste; Sanja Roje; Berkley J. Walker","2025","https://doi.org/10.1038/s41477-025-02091-w","https://openalex.org/W4413941243","B-10.1038/s41477-025-02091-w","TITLE_ABSTRACT_EXCLUDED","CITATION_CONTEXT_ONLY_NO_NEW_MODEL_DISCRIMINATION_METHOD_FAMILY","LEVEL_3_DISCOVERY_ONLY","","forward citation result from the stated anchor."
"B-AUDIT-000104","B","OpenAlex","PHASE2-SEARCH-0101","2026-07-31","Model validation and selection in metabolic flux analysis and flux balance analysis","Joshua A. M. Kaste; Yair Shachar‐Hill","2023","https://doi.org/10.1002/btpr.3413","https://openalex.org/W4361304224","B-10.1002/btpr.3413","DUPLICATE","DUPLICATE_OF_B-AUDIT-000028","LEVEL_3_DISCOVERY_ONLY","","forward citation result from the stated anchor."
"B-AUDIT-000105","B","OpenAlex","PHASE2-SEARCH-0101","2026-07-31","Biofuel–Pharmaceutical Co-Production in Integrated Biorefineries: Strategies, Challenges, and Sustainability","Tao Liu; Miaoxin He; Rui Shi; Hui Yin; Wen Luo","2025","https://doi.org/10.3390/fermentation11060312","https://openalex.org/W4410893923","B-10.3390/fermentation11060312","TITLE_ABSTRACT_EXCLUDED","CITATION_CONTEXT_ONLY_NO_NEW_MODEL_DISCRIMINATION_METHOD_FAMILY","LEVEL_3_DISCOVERY_ONLY","","forward citation result from the stated anchor."
"B-AUDIT-000106","B","OpenAlex","PHASE2-SEARCH-0101","2026-07-31","Isotopically non-stationary metabolic flux analysis of heterotrophic Arabidopsis thaliana cell cultures","Edward Smith; R. George Ratcliffe; Nicholas J. Kruger","2023","https://doi.org/10.3389/fpls.2022.1049559","https://openalex.org/W4315480972","B-10.3389/fpls.2022.1049559","TITLE_ABSTRACT_EXCLUDED","CITATION_CONTEXT_ONLY_NO_NEW_MODEL_DISCRIMINATION_METHOD_FAMILY","LEVEL_3_DISCOVERY_ONLY","","forward citation result from the stated anchor."
"B-AUDIT-000107","B","OpenAlex","PHASE2-SEARCH-0101","2026-07-31","Digital Twins in Smart Manufacturing","Shahid Aziz; Dong Won Jung; Uzair Khaleeq uz Zaman; Anas Bin Aqeel","2023","https://doi.org/10.1201/9781003327523-6","https://openalex.org/W4385429678","B-10.1201/9781003327523-6","TITLE_ABSTRACT_EXCLUDED","CITATION_CONTEXT_ONLY_NO_NEW_MODEL_DISCRIMINATION_METHOD_FAMILY","LEVEL_3_DISCOVERY_ONLY","","forward citation result from the stated anchor."
"B-AUDIT-000108","B","OpenAlex","PHASE2-SEARCH-0101","2026-07-31","Rethinking 13C-metabolic flux analysis – The Bayesian way of flux inference","Axel Theorell; Johann F. Jadebeck; Wolfgang Wiechert; Johnjoe McFadden; Katharina Nöh","2024","https://doi.org/10.1016/j.ymben.2024.03.005","https://openalex.org/W4393942099","B-10.1016/j.ymben.2024.03.005","DUPLICATE","DUPLICATE_OF_B-AUDIT-000025","LEVEL_3_DISCOVERY_ONLY","","forward citation result from the stated anchor."
"B-AUDIT-000109","B","OpenAlex","PHASE2-SEARCH-0101","2026-07-31","Investigating the molecular mechanisms between type 1 diabetes and mild cognitive impairment using bioinformatics analysis, with a focus on immune response","Dongxu Yue; Runze Wang; Yanli Zhao; Bangxu Wu; Shude Li; Weilin Zeng; Shanshan Wan; Lifang Liu; Yating Dai; Yuling Shi; Ruobing Xu; Zhihong Yang; Wang Xie; Yingying Zou","2024","https://doi.org/10.1016/j.intimp.2024.113256","https://openalex.org/W4402911793","B-10.1016/j.intimp.2024.113256","TITLE_ABSTRACT_EXCLUDED","CITATION_CONTEXT_ONLY_NO_NEW_MODEL_DISCRIMINATION_METHOD_FAMILY","LEVEL_3_DISCOVERY_ONLY","","forward citation result from the stated anchor."
"B-AUDIT-000110","B","OpenAlex","PHASE2-SEARCH-0101","2026-07-31","Integrative teaching of metabolic modeling and flux analysis with interactive python modules","Joshua A. M. Kaste; Antwan Green; Yair Shachar‐Hill","2023","https://doi.org/10.1002/bmb.21777","https://openalex.org/W4385850858","B-10.1002/bmb.21777","TITLE_ABSTRACT_EXCLUDED","CITATION_CONTEXT_ONLY_NO_NEW_MODEL_DISCRIMINATION_METHOD_FAMILY","LEVEL_3_DISCOVERY_ONLY","","forward citation result from the stated anchor."
"B-AUDIT-000111","B","OpenAlex","PHASE2-SEARCH-0101","2026-07-31","Metabolomics for personalized medicine","Mahbuba Rahman","2023","https://doi.org/10.1016/b978-0-323-99924-3.00006-6","https://openalex.org/W4318269899","B-10.1016/b978-0-323-99924-3.00006-6","TITLE_ABSTRACT_EXCLUDED","CITATION_CONTEXT_ONLY_NO_NEW_MODEL_DISCRIMINATION_METHOD_FAMILY","LEVEL_3_DISCOVERY_ONLY","","forward citation result from the stated anchor."
"B-AUDIT-000112","B","OpenAlex","PHASE2-SEARCH-0101","2026-07-31","Integrative Teaching of Metabolic Modeling and Flux Analysis with Interactive Python Modules","Joshua A. M. Kaste; Antwan Green; Yair Shachar‐Hill","2022","https://doi.org/10.1101/2022.11.16.516820","https://openalex.org/W4309418861","B-10.1101/2022.11.16.516820","TITLE_ABSTRACT_EXCLUDED","CITATION_CONTEXT_ONLY_NO_NEW_MODEL_DISCRIMINATION_METHOD_FAMILY","LEVEL_3_DISCOVERY_ONLY","","forward citation result from the stated anchor."
"B-AUDIT-000113","B","OpenAlex","PHASE2-SEARCH-0101","2026-07-31","Machine learning in basic scientific research on oral diseases","Cheng Yin; Bin Yan","2023","https://doi.org/10.1097/dm-2023-00001","https://openalex.org/W4381195088","B-10.1097/dm-2023-00001","TITLE_ABSTRACT_EXCLUDED","CITATION_CONTEXT_ONLY_NO_NEW_MODEL_DISCRIMINATION_METHOD_FAMILY","LEVEL_3_DISCOVERY_ONLY","","forward citation result from the stated anchor."
"B-AUDIT-000114","B","OpenAlex","PHASE2-SEARCH-0101","2026-07-31","Mathematical Modelling of Cerebral Metabolism : From Ion Channels to Metabolic Fluxes","Nicolas Sundqvist","2024","https://doi.org/10.3384/9789180755023","https://openalex.org/W4391243310","B-10.3384/9789180755023","TITLE_ABSTRACT_EXCLUDED","CITATION_CONTEXT_ONLY_NO_NEW_MODEL_DISCRIMINATION_METHOD_FAMILY","LEVEL_3_DISCOVERY_ONLY","","forward citation result from the stated anchor."
"B-AUDIT-000115","B","OpenAlex","PHASE2-SEARCH-0102","2026-07-31","Reversible jump MCMC for multi-model inference in Metabolic Flux Analysis","Axel Theorell; Katharina Nöh","2019","https://doi.org/10.1093/bioinformatics/btz500","https://openalex.org/W2958256899","B-10.1093/bioinformatics/btz500","DUPLICATE","DUPLICATE_OF_P0031","LEVEL_3_DISCOVERY_ONLY","P0031","anchor result from the stated anchor."
"B-AUDIT-000116","B","OpenAlex","PHASE2-SEARCH-0102","2026-07-31","Markov Chain Monte Carlo in Practice","Walter R. Gilks; Sylvia Richardson; David J. Spiegelhalter","1995","https://doi.org/10.1201/b14835","https://openalex.org/W2130416410","B-10.1201/b14835","TITLE_ABSTRACT_EXCLUDED","CITATION_CONTEXT_ONLY_NO_NEW_MODEL_DISCRIMINATION_METHOD_FAMILY","LEVEL_3_DISCOVERY_ONLY","","backward citation result from the stated anchor."
"B-AUDIT-000117","B","OpenAlex","PHASE2-SEARCH-0102","2026-07-31","Reversible jump Markov chain Monte Carlo computation and Bayesian model determination","Peter J. Green","1995","https://doi.org/10.1093/biomet/82.4.711","https://openalex.org/W2106706098","B-10.1093/biomet/82.4.711","TITLE_ABSTRACT_EXCLUDED","CITATION_CONTEXT_ONLY_NO_NEW_MODEL_DISCRIMINATION_METHOD_FAMILY","LEVEL_3_DISCOVERY_ONLY","","backward citation result from the stated anchor."
"B-AUDIT-000118","B","OpenAlex","PHASE2-SEARCH-0102","2026-07-31","Information Theory, Inference, and Learning Algorithms","DJC MacKay;  ","2004","https://doi.org/10.1108/03684920410534506","https://openalex.org/W1607198972","B-10.1108/03684920410534506","TITLE_ABSTRACT_EXCLUDED","CITATION_CONTEXT_ONLY_NO_NEW_MODEL_DISCRIMINATION_METHOD_FAMILY","LEVEL_3_DISCOVERY_ONLY","","backward citation result from the stated anchor."
"B-AUDIT-000119","B","OpenAlex","PHASE2-SEARCH-0102","2026-07-31","Bayesian model averaging: a tutorial (with comments by M. Clyde, David Draper and E. I. George, and a rejoinder by the authors","Jennifer A. Hoeting; David Madigan; Adrian E. Raftery; Chris Volinsky","1999","https://doi.org/10.1214/ss/1009212519","https://openalex.org/W1603903339","B-10.1214/ss/1009212519","TITLE_ABSTRACT_EXCLUDED","CITATION_CONTEXT_ONLY_NO_NEW_MODEL_DISCRIMINATION_METHOD_FAMILY","LEVEL_3_DISCOVERY_ONLY","","backward citation result from the stated anchor."
"B-AUDIT-000120","B","OpenAlex","PHASE2-SEARCH-0102","2026-07-31","Handbook of Markov Chain Monte Carlo","Steve Brooks; Andrew Gelman; Galin L. Jones; Xiao‐Li Meng","2011","https://doi.org/10.1201/b10905","https://openalex.org/W621546036","B-10.1201/b10905","TITLE_ABSTRACT_EXCLUDED","CITATION_CONTEXT_ONLY_NO_NEW_MODEL_DISCRIMINATION_METHOD_FAMILY","LEVEL_3_DISCOVERY_ONLY","","backward citation result from the stated anchor."
"B-AUDIT-000121","B","OpenAlex","PHASE2-SEARCH-0102","2026-07-31","Weak convergence and optimal scaling of random walk Metropolis algorithms","Gareth O. Roberts; Susan A. Gelman; Walter R. Gilks","1997","https://doi.org/10.1214/aoap/1034625254","https://openalex.org/W2030911724","B-10.1214/aoap/1034625254","TITLE_ABSTRACT_EXCLUDED","CITATION_CONTEXT_ONLY_NO_NEW_MODEL_DISCRIMINATION_METHOD_FAMILY","LEVEL_3_DISCOVERY_ONLY","","backward citation result from the stated anchor."
"B-AUDIT-000122","B","OpenAlex","PHASE2-SEARCH-0102","2026-07-31","Approximate Bayesian computation scheme for parameter inference and model selection in dynamical systems","Tina Toni; David Welch; Natalja Strelkowa; Andreas Ipsen; Michael P. H. Stumpf","2008","https://doi.org/10.1098/rsif.2008.0172","https://openalex.org/W2152246075","B-10.1098/rsif.2008.0172","TITLE_ABSTRACT_EXCLUDED","CITATION_CONTEXT_ONLY_NO_NEW_MODEL_DISCRIMINATION_METHOD_FAMILY","LEVEL_3_DISCOVERY_ONLY","","backward citation result from the stated anchor."
"B-AUDIT-000123","B","OpenAlex","PHASE2-SEARCH-0102","2026-07-31","All of Statistics: A Concise Course in Statistical Inference","Larry Wasserman","2012","https://doi.org/10.1007/978-0-387-21736-9","https://openalex.org/W1496357020","B-10.1007/978-0-387-21736-9","TITLE_ABSTRACT_EXCLUDED","CITATION_CONTEXT_ONLY_NO_NEW_MODEL_DISCRIMINATION_METHOD_FAMILY","LEVEL_3_DISCOVERY_ONLY","","backward citation result from the stated anchor."
"B-AUDIT-000124","B","OpenAlex","PHASE2-SEARCH-0102","2026-07-31","13C Metabolic Flux Analysis","Wolfgang Wiechert","2001","https://doi.org/10.1006/mben.2001.0187","https://openalex.org/W1992170087","B-10.1006/mben.2001.0187","DUPLICATE","DUPLICATE_OF_P0001","LEVEL_3_DISCOVERY_ONLY","P0001","backward citation result from the stated anchor."
"B-AUDIT-000125","B","OpenAlex","PHASE2-SEARCH-0102","2026-07-31","Can yeast glycolysis be understood in terms of <i>in vitro</i> kinetics of the constituent enzymes? Testing biochemistry","Bas Teusink; Jutta Passarge; C.A. Reijenga; Eugenia Esgalhado; Coen C. van der Weijden; Mike Schepper; Michael C. Walsh; Barbara M. Bakker; K. Van Dam; Hans V. Westerhoff; Jacky L. Snoep","2000","https://doi.org/10.1046/j.1432-1327.2000.01527.x","https://openalex.org/W1873506857","B-10.1046/j.1432-1327.2000.01527.x","TITLE_ABSTRACT_EXCLUDED","CITATION_CONTEXT_ONLY_NO_NEW_MODEL_DISCRIMINATION_METHOD_FAMILY","LEVEL_3_DISCOVERY_ONLY","","backward citation result from the stated anchor."
"B-AUDIT-000126","B","OpenAlex","PHASE2-SEARCH-0102","2026-07-31","13C-based metabolic flux analysis","Nicola Zamboni; Sarah‐Maria Fendt; Martin Rühl; Uwe Sauer","2009","https://doi.org/10.1038/nprot.2009.58","https://openalex.org/W2001077777","B-10.1038/nprot.2009.58","TITLE_ABSTRACT_EXCLUDED","CITATION_CONTEXT_ONLY_NO_NEW_MODEL_DISCRIMINATION_METHOD_FAMILY","LEVEL_3_DISCOVERY_ONLY","","backward citation result from the stated anchor."
"B-AUDIT-000127","B","OpenAlex","PHASE2-SEARCH-0102","2026-07-31","MCMC Using Hamiltonian Dynamics","Radford M. Neal","2011","https://doi.org/10.1201/9781003453420-2","https://openalex.org/W1840847274","B-10.1201/9781003453420-2","TITLE_ABSTRACT_EXCLUDED","CITATION_CONTEXT_ONLY_NO_NEW_MODEL_DISCRIMINATION_METHOD_FAMILY","LEVEL_3_DISCOVERY_ONLY","","backward citation result from the stated anchor."
"B-AUDIT-000128","B","OpenAlex","PHASE2-SEARCH-0102","2026-07-31","Dynamic temperature selection for parallel tempering in Markov chain Monte Carlo simulations","W. D. Vousden; W. M. Farr; Ilya Mandel","2015","https://doi.org/10.1093/mnras/stv2422","https://openalex.org/W1773696741","B-10.1093/mnras/stv2422","TITLE_ABSTRACT_EXCLUDED","CITATION_CONTEXT_ONLY_NO_NEW_MODEL_DISCRIMINATION_METHOD_FAMILY","LEVEL_3_DISCOVERY_ONLY","","backward citation result from the stated anchor."
"B-AUDIT-000129","B","OpenAlex","PHASE2-SEARCH-0102","2026-07-31","Optimal tuning of the hybrid Monte Carlo algorithm","Alexandros Beskos; Natesh S. Pillai; Gareth O. Roberts; J. M. Sanz‐Serna; Andrew M. Stuart","2013","https://doi.org/10.3150/12-bej414","https://openalex.org/W1981514681","B-10.3150/12-bej414","TITLE_ABSTRACT_EXCLUDED","CITATION_CONTEXT_ONLY_NO_NEW_MODEL_DISCRIMINATION_METHOD_FAMILY","LEVEL_3_DISCOVERY_ONLY","","backward citation result from the stated anchor."
"B-AUDIT-000130","B","OpenAlex","PHASE2-SEARCH-0102","2026-07-31","Ensemble Modeling of Metabolic Networks","Linh M. Tran; Matthew L. Rizk; James C. Liao","2008","https://doi.org/10.1529/biophysj.108.135442","https://openalex.org/W2034961255","B-10.1529/biophysj.108.135442","TITLE_ABSTRACT_EXCLUDED","CITATION_CONTEXT_ONLY_NO_NEW_MODEL_DISCRIMINATION_METHOD_FAMILY","LEVEL_3_DISCOVERY_ONLY","","backward citation result from the stated anchor."
"B-AUDIT-000131","B","OpenAlex","PHASE2-SEARCH-0102","2026-07-31","Bidirectional reaction steps in metabolic networks: I. Modeling and simulation of carbon isotope labeling experiments","Wolfgang Wiechert; Albert A. de Graaf","1997","https://doi.org/10.1002/(sici)1097-0290(19970705)55:1<101::aid-bit12>3.0.co;2-p","https://openalex.org/W2126821981","B-10.1002/(sici)1097-0290(19970705)55:1<101::aid-bit12>3.0.co;2-p","TITLE_ABSTRACT_EXCLUDED","CITATION_CONTEXT_ONLY_NO_NEW_MODEL_DISCRIMINATION_METHOD_FAMILY","LEVEL_3_DISCOVERY_ONLY","","backward citation result from the stated anchor."
"B-AUDIT-000132","B","OpenAlex","PHASE2-SEARCH-0102","2026-07-31","Sequences and consequences","Sydney Brenner","2009","https://doi.org/10.1098/rstb.2009.0221","https://openalex.org/W2099150180","B-10.1098/rstb.2009.0221","TITLE_ABSTRACT_EXCLUDED","CITATION_CONTEXT_ONLY_NO_NEW_MODEL_DISCRIMINATION_METHOD_FAMILY","LEVEL_3_DISCOVERY_ONLY","","backward citation result from the stated anchor."
"B-AUDIT-000133","B","OpenAlex","PHASE2-SEARCH-0102","2026-07-31","13CFLUX2—high-performance software suite for 13C-metabolic flux analysis","Michael Weitzel; Katharina Nöh; Tolga Dalman; Sebastian Niedenführ; Birgit Stute; Wolfgang Wiechert","2012","https://doi.org/10.1093/bioinformatics/bts646","https://openalex.org/W2146095405","B-10.1093/bioinformatics/bts646","TITLE_ABSTRACT_EXCLUDED","CITATION_CONTEXT_ONLY_NO_NEW_MODEL_DISCRIMINATION_METHOD_FAMILY","LEVEL_3_DISCOVERY_ONLY","","backward citation result from the stated anchor."
"B-AUDIT-000134","B","OpenAlex","PHASE2-SEARCH-0102","2026-07-31","Bidirectional reaction steps in metabolic networks: IV. Optimal design of isotopomer labeling experiments","Michael Möllney; Wolfgang Wiechert; Dirk Kownatzki; Albert A. de Graaf","1999","https://doi.org/10.1002/(sici)1097-0290(1999)66:2<86::aid-bit2>3.0.co;2-a","https://openalex.org/W2048374178","B-10.1002/(sici)1097-0290(1999)66:2<86::aid-bit2>3.0.co;2-a","DUPLICATE","DUPLICATE_OF_P0004","LEVEL_3_DISCOVERY_ONLY","P0004","backward citation result from the stated anchor."
"B-AUDIT-000135","B","OpenAlex","PHASE2-SEARCH-0102","2026-07-31","Bayesian ranking of biochemical system models","Vladislav Vyshemirsky; Mark Girolami","2007","https://doi.org/10.1093/bioinformatics/btm607","https://openalex.org/W2169264416","B-10.1093/bioinformatics/btm607","TITLE_ABSTRACT_INCLUDED","NA","LEVEL_3_DISCOVERY_ONLY","","backward citation result from the stated anchor."
"B-AUDIT-000136","B","OpenAlex","PHASE2-SEARCH-0102","2026-07-31","Ensemble modeling for analysis of cell signaling dynamics","Lars Kuepfer; Matthias Peter; Uwe Sauer; Jörg Stelling","2007","https://doi.org/10.1038/nbt1330","https://openalex.org/W2071413187","B-10.1038/nbt1330","TITLE_ABSTRACT_EXCLUDED","CITATION_CONTEXT_ONLY_NO_NEW_MODEL_DISCRIMINATION_METHOD_FAMILY","LEVEL_3_DISCOVERY_ONLY","","backward citation result from the stated anchor."
"B-AUDIT-000137","B","OpenAlex","PHASE2-SEARCH-0102","2026-07-31","Sparse Modeling","Irina Rish; Genady Ya. Grabarnik","2014","https://doi.org/10.1201/b17758","https://openalex.org/W1650958574","B-10.1201/b17758","TITLE_ABSTRACT_EXCLUDED","CITATION_CONTEXT_ONLY_NO_NEW_MODEL_DISCRIMINATION_METHOD_FAMILY","LEVEL_3_DISCOVERY_ONLY","","backward citation result from the stated anchor."
"B-AUDIT-000138","B","OpenAlex","PHASE2-SEARCH-0102","2026-07-31","Integrated 13 C-metabolic flux analysis of 14 parallel labeling experiments in Escherichia coli","Scott B. Crown; Christopher P. Long; Maciek R. Antoniewicz","2015","https://doi.org/10.1016/j.ymben.2015.01.001","https://openalex.org/W1981299471","B-10.1016/j.ymben.2015.01.001","TITLE_ABSTRACT_EXCLUDED","CITATION_CONTEXT_ONLY_NO_NEW_MODEL_DISCRIMINATION_METHOD_FAMILY","LEVEL_3_DISCOVERY_ONLY","","backward citation result from the stated anchor."
"B-AUDIT-000139","B","OpenAlex","PHASE2-SEARCH-0102","2026-07-31","Hit-and-Run Algorithms for Generating Multivariate Distributions","Claude Bélisle; H. Edwin Romeijn; Robert L. Smith","1993","https://doi.org/10.1287/moor.18.2.255","https://openalex.org/W2031715986","B-10.1287/moor.18.2.255","TITLE_ABSTRACT_EXCLUDED","CITATION_CONTEXT_ONLY_NO_NEW_MODEL_DISCRIMINATION_METHOD_FAMILY","LEVEL_3_DISCOVERY_ONLY","","backward citation result from the stated anchor."
"B-AUDIT-000140","B","OpenAlex","PHASE2-SEARCH-0102","2026-07-31","Modeling of uncertainties in biochemical reactions","Ljubiša Mišković; Vassily Hatzimanikatis","2010","https://doi.org/10.1002/bit.22932","https://openalex.org/W2113282000","B-10.1002/bit.22932","TITLE_ABSTRACT_EXCLUDED","CITATION_CONTEXT_ONLY_NO_NEW_MODEL_DISCRIMINATION_METHOD_FAMILY","LEVEL_3_DISCOVERY_ONLY","","backward citation result from the stated anchor."
"B-AUDIT-000141","B","OpenAlex","PHASE2-SEARCH-0102","2026-07-31","Causal network inference using biochemical kinetics","Chris J. Oates; Frank Dondelinger; Nora Bayani; James E. Korkola; Joe W. Gray; Sach Mukherjee","2014","https://doi.org/10.1093/bioinformatics/btu452","https://openalex.org/W2123986939","B-10.1093/bioinformatics/btu452","TITLE_ABSTRACT_EXCLUDED","CITATION_CONTEXT_ONLY_NO_NEW_MODEL_DISCRIMINATION_METHOD_FAMILY","LEVEL_3_DISCOVERY_ONLY","","backward citation result from the stated anchor."
"B-AUDIT-000142","B","OpenAlex","PHASE2-SEARCH-0102","2026-07-31","Enzyme I facilitates reverse flux from pyruvate to phosphoenolpyruvate in Escherichia coli","Christopher P. Long; Jennifer Au; Nicholas R. Sandoval; Nikodimos A. Gebreselassie; Maciek R. Antoniewicz","2017","https://doi.org/10.1038/ncomms14316","https://openalex.org/W2582463890","B-10.1038/ncomms14316","TITLE_ABSTRACT_EXCLUDED","CITATION_CONTEXT_ONLY_NO_NEW_MODEL_DISCRIMINATION_METHOD_FAMILY","LEVEL_3_DISCOVERY_ONLY","","backward citation result from the stated anchor."
"B-AUDIT-000143","B","OpenAlex","PHASE2-SEARCH-0102","2026-07-31","Bridging the gaps in systems biology","Marija Cvijović; J.O. Almquist; Jonas Hagmar; Stefan Hohmann; Hans‐Michael Kaltenbach; Edda Klipp; Marcus Krantz; Pedro Mendes; Sven Nelander; Jens Nielsen; Andrea Pagnani; Nataša Pržulj; Andreas Raue; Jörg Stelling; Szymon Stoma; Frank Tobin; Judith A. H. Wodke; Riccardo Zecchina; Mats Jirstrand","2014","https://doi.org/10.1007/s00438-014-0843-3","https://openalex.org/W2115070712","B-10.1007/s00438-014-0843-3","TITLE_ABSTRACT_EXCLUDED","CITATION_CONTEXT_ONLY_NO_NEW_MODEL_DISCRIMINATION_METHOD_FAMILY","LEVEL_3_DISCOVERY_ONLY","","backward citation result from the stated anchor."
"B-AUDIT-000144","B","OpenAlex","PHASE2-SEARCH-0102","2026-07-31","The discrepancy between data for and expectations on metabolic models: How to match experiments and computational efforts to arrive at quantitative predictions?","Katja Tummler; Edda Klipp","2017","https://doi.org/10.1016/j.coisb.2017.11.003","https://openalex.org/W2769020843","B-10.1016/j.coisb.2017.11.003","TITLE_ABSTRACT_EXCLUDED","CITATION_CONTEXT_ONLY_NO_NEW_MODEL_DISCRIMINATION_METHOD_FAMILY","LEVEL_3_DISCOVERY_ONLY","","backward citation result from the stated anchor."
"B-AUDIT-000145","B","OpenAlex","PHASE2-SEARCH-0102","2026-07-31","Systems Biology: Mathematical Modeling and Model Analysis","Andreas Kremling","2013","https://openalex.org/W2798723239","https://openalex.org/W2798723239","B-https://openalex.org/w2798723239","TITLE_ABSTRACT_EXCLUDED","CITATION_CONTEXT_ONLY_NO_NEW_MODEL_DISCRIMINATION_METHOD_FAMILY","LEVEL_3_DISCOVERY_ONLY","","backward citation result from the stated anchor."
"B-AUDIT-000146","B","OpenAlex","PHASE2-SEARCH-0102","2026-07-31","Systems Biology","Andreas Kremling","2013","https://doi.org/10.1201/b16050","https://openalex.org/W4242077638","B-10.1201/b16050","TITLE_ABSTRACT_EXCLUDED","CITATION_CONTEXT_ONLY_NO_NEW_MODEL_DISCRIMINATION_METHOD_FAMILY","LEVEL_3_DISCOVERY_ONLY","","backward citation result from the stated anchor."
"B-AUDIT-000147","B","OpenAlex","PHASE2-SEARCH-0102","2026-07-31","On Numerical Solution of the Maximum Volume Ellipsoid Problem","Yin Zhang; L. Gao","2003","https://doi.org/10.1137/s1052623401397230","https://openalex.org/W2004189075","B-10.1137/s1052623401397230","TITLE_ABSTRACT_EXCLUDED","CITATION_CONTEXT_ONLY_NO_NEW_MODEL_DISCRIMINATION_METHOD_FAMILY","LEVEL_3_DISCOVERY_ONLY","","backward citation result from the stated anchor."
"B-AUDIT-000148","B","OpenAlex","PHASE2-SEARCH-0102","2026-07-31","The Thermodynamic Meaning of Metabolic Exchange Fluxes","Wolfgang Wiechert","2007","https://doi.org/10.1529/biophysj.106.099895","https://openalex.org/W2059886764","B-10.1529/biophysj.106.099895","TITLE_ABSTRACT_EXCLUDED","CITATION_CONTEXT_ONLY_NO_NEW_MODEL_DISCRIMINATION_METHOD_FAMILY","LEVEL_3_DISCOVERY_ONLY","","backward citation result from the stated anchor."
"B-AUDIT-000149","B","OpenAlex","PHASE2-SEARCH-0102","2026-07-31","Cutting the Gordian Knot: Identifiability of anaplerotic reactions in <i>Corynebacterium glutamicum</i> by means of <sup>13</sup>C‐metabolic flux analysis","Jannick Kappelmann; Wolfgang Wiechert; Stephan Noack","2015","https://doi.org/10.1002/bit.25833","https://openalex.org/W2135394763","B-10.1002/bit.25833","DUPLICATE","DUPLICATE_OF_P0019","LEVEL_3_DISCOVERY_ONLY","P0019","backward citation result from the stated anchor."
"B-AUDIT-000150","B","OpenAlex","PHASE2-SEARCH-0102","2026-07-31","Markov Chain Monte Carlo Algorithm based metabolic flux distribution analysis on <i>Corynebacterium glutamicum</i>","Visakan Kadirkamanathan; Jing Yang; S.A. Billings; Phillip C. Wright","2006","https://doi.org/10.1093/bioinformatics/btl445","https://openalex.org/W2034942872","B-10.1093/bioinformatics/btl445","TITLE_ABSTRACT_EXCLUDED","CITATION_CONTEXT_ONLY_NO_NEW_MODEL_DISCRIMINATION_METHOD_FAMILY","LEVEL_3_DISCOVERY_ONLY","","backward citation result from the stated anchor."
"B-AUDIT-000151","B","OpenAlex","PHASE2-SEARCH-0102","2026-07-31","REDEMPTION: reduced dimension ensemble modeling and parameter estimation","Yang Liu; Erica Manesso; Rudiyanto Gunawan","2015","https://doi.org/10.1093/bioinformatics/btv365","https://openalex.org/W2115710466","B-10.1093/bioinformatics/btv365","TITLE_ABSTRACT_EXCLUDED","CITATION_CONTEXT_ONLY_NO_NEW_MODEL_DISCRIMINATION_METHOD_FAMILY","LEVEL_3_DISCOVERY_ONLY","","backward citation result from the stated anchor."
"B-AUDIT-000152","B","OpenAlex","PHASE2-SEARCH-0102","2026-07-31","Information theory, inference, and learning algorithms","","2004","https://doi.org/10.5860/choice.41-5949","https://openalex.org/W3140968660","B-10.5860/choice.41-5949","TITLE_ABSTRACT_EXCLUDED","CITATION_CONTEXT_ONLY_NO_NEW_MODEL_DISCRIMINATION_METHOD_FAMILY","LEVEL_3_DISCOVERY_ONLY","","backward citation result from the stated anchor."
"B-AUDIT-000153","B","OpenAlex","PHASE2-SEARCH-0102","2026-07-31","Systems biology (un)certainties","Paul Kirk; Ann C. Babtie; Michael P. H. Stumpf","2015","https://doi.org/10.1126/science.aac9505","https://openalex.org/W2235956282","B-10.1126/science.aac9505","TITLE_ABSTRACT_EXCLUDED","CITATION_CONTEXT_ONLY_NO_NEW_MODEL_DISCRIMINATION_METHOD_FAMILY","LEVEL_3_DISCOVERY_ONLY","","backward citation result from the stated anchor."
"B-AUDIT-000154","B","OpenAlex","PHASE2-SEARCH-0102","2026-07-31","One‐shot 13C15N‐metabolic flux analysis for simultaneous quantification of carbon and nitrogen flux","Khushboo Borah; Martin Beyß; Ye Xu; Jim Barber; Catia Costa; Jane Newcombe; Axel Theorell; Melanie J. Bailey; Dany J. V. Beste; Johnjoe McFadden; Katharina Nöh","2023","https://doi.org/10.15252/msb.202211099","https://openalex.org/W4318219817","B-ONE-SHOT-2023","DUPLICATE","DUPLICATE_OF_P0047","LEVEL_3_DISCOVERY_ONLY","P0047","forward citation result from the stated anchor."
"B-AUDIT-000155","B","OpenAlex","PHASE2-SEARCH-0102","2026-07-31","Quantitative modeling of pentose phosphate pathway response to oxidative stress reveals a cooperative regulatory strategy","Julien Hurbain; Quentin Thommen; François Anquez; Benjamin Pfeuty","2022","https://doi.org/10.1016/j.isci.2022.104681","https://openalex.org/W4283700072","B-10.1016/j.isci.2022.104681","TITLE_ABSTRACT_EXCLUDED","CITATION_CONTEXT_ONLY_NO_NEW_MODEL_DISCRIMINATION_METHOD_FAMILY","LEVEL_3_DISCOVERY_ONLY","","forward citation result from the stated anchor."
"B-AUDIT-000156","B","OpenAlex","PHASE2-SEARCH-0102","2026-07-31","A pathogen-specific isotope tracing approach reveals metabolic activities and fluxes of intracellular Salmonella","Karin Mitosch; Martin Beyß; Prasad Phapale; Bernhard Drotleff; Katharina Nöh; Theodore Alexandrov; Kiran Raosaheb Patil; Athanasios Typas","2023","https://doi.org/10.1371/journal.pbio.3002198","https://openalex.org/W4385971524","B-10.1371/journal.pbio.3002198","TITLE_ABSTRACT_EXCLUDED","CITATION_CONTEXT_ONLY_NO_NEW_MODEL_DISCRIMINATION_METHOD_FAMILY","LEVEL_3_DISCOVERY_ONLY","","forward citation result from the stated anchor."
"B-AUDIT-000157","B","OpenAlex","PHASE2-SEARCH-0102","2026-07-31","PolyRound: polytope rounding for random sampling in metabolic networks","Axel Theorell; Johann F. Jadebeck; Katharina Nöh; Jörg Stelling","2021","https://doi.org/10.1093/bioinformatics/btab552","https://openalex.org/W3184431546","B-10.1093/bioinformatics/btab552","TITLE_ABSTRACT_EXCLUDED","CITATION_CONTEXT_ONLY_NO_NEW_MODEL_DISCRIMINATION_METHOD_FAMILY","LEVEL_3_DISCOVERY_ONLY","","forward citation result from the stated anchor."
"B-AUDIT-000158","B","OpenAlex","PHASE2-SEARCH-0102","2026-07-31","hopsy — a methods marketplace for convex polytope sampling in Python","Richard D. Paul; Johann F. Jadebeck; Anton Stratmann; Wolfgang Wiechert; Katharina Nöh","2024","https://doi.org/10.1093/bioinformatics/btae430","https://openalex.org/W4400184628","B-10.1093/bioinformatics/btae430","TITLE_ABSTRACT_EXCLUDED","CITATION_CONTEXT_ONLY_NO_NEW_MODEL_DISCRIMINATION_METHOD_FAMILY","LEVEL_3_DISCOVERY_ONLY","","forward citation result from the stated anchor."
"B-AUDIT-000159","B","OpenAlex","PHASE2-SEARCH-0102","2026-07-31","HOPS: high-performance library for (non-)uniform sampling of convex-constrained models","Johann F. Jadebeck; Axel Theorell; Samuel Leweke; Katharina Nöh","2020","https://doi.org/10.1093/bioinformatics/btaa872","https://openalex.org/W3092362783","B-10.1093/bioinformatics/btaa872","TITLE_ABSTRACT_EXCLUDED","CITATION_CONTEXT_ONLY_NO_NEW_MODEL_DISCRIMINATION_METHOD_FAMILY","LEVEL_3_DISCOVERY_ONLY","","forward citation result from the stated anchor."
"B-AUDIT-000160","B","OpenAlex","PHASE2-SEARCH-0102","2026-07-31","Real-time agent-based crowd simulation with the Reversible Jump Unscented Kalman Filter","Robert Clay; J. Ward; Patrícia Ternes; Minh Kieu; Nick Malleson","2021","https://doi.org/10.1016/j.simpat.2021.102386","https://openalex.org/W3188318191","B-10.1016/j.simpat.2021.102386","TITLE_ABSTRACT_EXCLUDED","CITATION_CONTEXT_ONLY_NO_NEW_MODEL_DISCRIMINATION_METHOD_FAMILY","LEVEL_3_DISCOVERY_ONLY","","forward citation result from the stated anchor."
"B-AUDIT-000161","B","OpenAlex","PHASE2-SEARCH-0102","2026-07-31","Metabolic Networks, Microbial Consortia, and Analogies to Smart Grids","Axel Theorell; Jörg Stelling","2022","https://doi.org/10.1109/jproc.2022.3158396","https://openalex.org/W4221061692","B-10.1109/jproc.2022.3158396","TITLE_ABSTRACT_EXCLUDED","CITATION_CONTEXT_ONLY_NO_NEW_MODEL_DISCRIMINATION_METHOD_FAMILY","LEVEL_3_DISCOVERY_ONLY","","forward citation result from the stated anchor."
"B-AUDIT-000162","B","OpenAlex","PHASE2-SEARCH-0102","2026-07-31","13C metabolic flux analysis: Classification and characterization from the perspective of mathematical modeling and application in physiological research of neural cell","Birui Tian; Meifeng Chen; Lunxian Liu; Bin Rui; Zhouhui Deng; Zhengdong Zhang; Tie Shen","2022","https://doi.org/10.3389/fnmol.2022.883466","https://openalex.org/W4296109320","B-10.3389/fnmol.2022.883466","TITLE_ABSTRACT_EXCLUDED","CITATION_CONTEXT_ONLY_NO_NEW_MODEL_DISCRIMINATION_METHOD_FAMILY","LEVEL_3_DISCOVERY_ONLY","","forward citation result from the stated anchor."
"B-AUDIT-000163","B","OpenAlex","PHASE2-SEARCH-0102","2026-07-31","Rethinking 13C-metabolic flux analysis – The Bayesian way of flux inference","Axel Theorell; Johann F. Jadebeck; Wolfgang Wiechert; Johnjoe McFadden; Katharina Nöh","2024","https://doi.org/10.1016/j.ymben.2024.03.005","https://openalex.org/W4393942099","B-10.1016/j.ymben.2024.03.005","DUPLICATE","DUPLICATE_OF_B-AUDIT-000025","LEVEL_3_DISCOVERY_ONLY","","forward citation result from the stated anchor."
"B-AUDIT-000164","B","OpenAlex","PHASE2-SEARCH-0102","2026-07-31","Anomaly Intrusion Detection of Wireless Communication Network-Based on Markov Chain Model","Huifang Zhang; Wangsen Lan; Desheng Zhang","2022","https://doi.org/10.1155/2022/3255006","https://openalex.org/W4284693474","B-10.1155/2022/3255006","TITLE_ABSTRACT_EXCLUDED","CITATION_CONTEXT_ONLY_NO_NEW_MODEL_DISCRIMINATION_METHOD_FAMILY","LEVEL_3_DISCOVERY_ONLY","","forward citation result from the stated anchor."
"B-AUDIT-000165","B","OpenAlex","PHASE2-SEARCH-0102","2026-07-31","Stochastic simulation algorithm for isotope-based dynamic flux analysis","Quentin Thommen; Julien Hurbain; Benjamin Pfeuty","2022","https://doi.org/10.1016/j.ymben.2022.11.001","https://openalex.org/W4309269726","B-10.1016/j.ymben.2022.11.001","TITLE_ABSTRACT_EXCLUDED","CITATION_CONTEXT_ONLY_NO_NEW_MODEL_DISCRIMINATION_METHOD_FAMILY","LEVEL_3_DISCOVERY_ONLY","","forward citation result from the stated anchor."
"B-AUDIT-000166","B","OpenAlex","PHASE2-SEARCH-0102","2026-07-31","Unbiased metabolic flux inference through combined thermodynamic and <sup>13</sup> C flux analysis","Joana Saldida; Anna Paola Muntoni; Daniele De Martino; Georg Hubmann; Bastian Niebel; Anna Mareike Schmidt; Alfredo Braunstein; Andreas Milias‐Argeitis; Matthias Heinemann","2020","https://doi.org/10.1101/2020.06.29.177063","https://openalex.org/W3037347004","B-10.1101/2020.06.29.177063","TITLE_ABSTRACT_EXCLUDED","CITATION_CONTEXT_ONLY_NO_NEW_MODEL_DISCRIMINATION_METHOD_FAMILY","LEVEL_3_DISCOVERY_ONLY","","forward citation result from the stated anchor."
"B-AUDIT-000167","B","OpenAlex","PHASE2-SEARCH-0102","2026-07-31","Quantitative Metabolic Flux Analysis Based on Isotope Labeling","Wolfgang Wiechert; Katharina Nöh","2021","https://doi.org/10.1002/9783527823468.ch3","https://openalex.org/W3171525230","B-10.1002/9783527823468.ch3","TITLE_ABSTRACT_EXCLUDED","CITATION_CONTEXT_ONLY_NO_NEW_MODEL_DISCRIMINATION_METHOD_FAMILY","LEVEL_3_DISCOVERY_ONLY","","forward citation result from the stated anchor."
"B-AUDIT-000168","B","OpenAlex","PHASE2-SEARCH-0102","2026-07-31","Bayesian multi-model-based <sup>13</sup> C <sup>15</sup> N-metabolic flux analysis quantifies carbon-nitrogen metabolism in mycobacteria","Khushboo Borah; Martin Beyß; Ye Xu; Jim Barber; Catia Costa; Jane Newcombe; Axel Theorell; Melanie J. Bailey; Dany J. V. Beste; Johnjoe McFadden; Katharina Nöh","2022","https://doi.org/10.1101/2022.03.08.483448","https://openalex.org/W4220948432","B-ONE-SHOT-2023","DUPLICATE","DUPLICATE_OF_B-AUDIT-000102","LEVEL_3_DISCOVERY_ONLY","P0047","forward citation result from the stated anchor."
"B-AUDIT-000169","B","OpenAlex","PHASE2-SEARCH-0102","2026-07-31","Quantitative modeling of pentose phosphate pathway response to oxidative stress reveals a cooperative regulatory strategy","Julien Hurbain; Quentin Thommen; François Anquez; Benjamin Pfeuty","2022","https://doi.org/10.1101/2022.02.04.478659","https://openalex.org/W4210367446","B-10.1101/2022.02.04.478659","TITLE_ABSTRACT_EXCLUDED","CITATION_CONTEXT_ONLY_NO_NEW_MODEL_DISCRIMINATION_METHOD_FAMILY","LEVEL_3_DISCOVERY_ONLY","","forward citation result from the stated anchor."
"B-AUDIT-000170","B","OpenAlex","PHASE2-SEARCH-0102","2026-07-31","PEtab Select: specification standard and supporting software for automated model selection","Dilan Pathirana; Frank Bergmann; Domagoj Dorešić; Polina Lakrisenko; Sebastian Persson; Niklas Neubrand; Jens Timmer; Clemens Kreutz; Harald Binder; Marija Cvijović; Daniel Weindl; Jan Hasenauer; the PEtab Select community","2025","https://doi.org/10.1101/2025.05.12.653312","https://openalex.org/W4410454601","B-10.1101/2025.05.12.653312","TITLE_ABSTRACT_INCLUDED","NA","LEVEL_3_DISCOVERY_ONLY","","forward citation result from the stated anchor."
"B-AUDIT-000171","B","OpenAlex","PHASE2-SEARCH-0102","2026-07-31","hopsy - a methods marketplace for convex polytope sampling in Python","Richard D. Paul; Johann F. Jadebeck; Anton Stratmann; Wolfgang Wiechert; Katharina Nöh","2023","https://doi.org/10.1101/2023.12.22.573091","https://openalex.org/W4390166608","B-10.1101/2023.12.22.573091","TITLE_ABSTRACT_EXCLUDED","CITATION_CONTEXT_ONLY_NO_NEW_MODEL_DISCRIMINATION_METHOD_FAMILY","LEVEL_3_DISCOVERY_ONLY","","forward citation result from the stated anchor."
"B-AUDIT-000172","B","OpenAlex","PHASE2-SEARCH-0102","2026-07-31","Trans-Dimensional Diffusive Nested Sampling for Metabolic Network Inference","Johann F. Jadebeck; Wolfgang Wiechert; Katharina Nöh","2025","https://doi.org/10.3390/psf2025012005","https://openalex.org/W4414516522","B-10.3390/psf2025012005","TITLE_ABSTRACT_INCLUDED","NA","LEVEL_3_DISCOVERY_ONLY","","forward citation result from the stated anchor."
"B-AUDIT-000173","B","OpenAlex","PHASE2-SEARCH-0102","2026-07-31","Multi-omic data fusion reveals the <i>in vivo</i> enzyme kinetics of <i>Vibrio natriegens</i> at the genome-scale","St. Elmo Wilken; Martin Beyß; Miroslav Kratochvíl; Alexa Grebel; Karen Methling; Anja Stefanski; Paul London; Michael Lalk; Klaus Schaper; Ilka Maria Axmann; Katharina Maria Noeh; Philipp Westhoff; Oliver Ebenhoeh","2026","https://doi.org/10.64898/2026.06.02.729587","https://openalex.org/W7163658958","B-10.64898/2026.06.02.729587","TITLE_ABSTRACT_EXCLUDED","CITATION_CONTEXT_ONLY_NO_NEW_MODEL_DISCRIMINATION_METHOD_FAMILY","LEVEL_3_DISCOVERY_ONLY","","forward citation result from the stated anchor."
"B-AUDIT-000174","B","supplementary web search","PHASE2-SEARCH-0110","2026-07-31","Parameter identifiability and model selection for partial differential equation models of cell invasion","Yue Liu; Kevin Suh; Philip K. Maini; Daniel J. Cohen; Ruth E. Baker","2023","arXiv:2309.01476","https://arxiv.org/abs/2309.01476","B-arxiv:2309.01476","TITLE_ABSTRACT_INCLUDED","NA","LEVEL_3_DISCOVERY_ONLY","","Structured transcription; source did not expose a native export or total count."
"B-AUDIT-000175","B","supplementary web search","PHASE2-SEARCH-0110","2026-07-31","Establishment and Solution of a Multi-Stage Decision Model Based on Hypothesis Testing and Dynamic Programming Algorithm","Ziyang Liu; Yurui Hu; Yihan Deng","2025","arXiv:2503.05807","https://arxiv.org/abs/2503.05807","B-arxiv:2503.05807","TITLE_ABSTRACT_EXCLUDED","OUT_OF_SCOPE_FOR_WORKSTREAM_B_AFTER_TITLE_ABSTRACT_SCREEN","LEVEL_3_DISCOVERY_ONLY","","Structured transcription; source did not expose a native export or total count."
"B-AUDIT-000176","B","supplementary web search","PHASE2-SEARCH-0110","2026-07-31","Control of diffusion-driven pattern formation behind a wave of competency","Yue Liu; Philip K. Maini; Ruth E. Baker","2021","arXiv:2110.07990","https://arxiv.org/abs/2110.07990","B-arxiv:2110.07990","TITLE_ABSTRACT_EXCLUDED","OUT_OF_SCOPE_FOR_WORKSTREAM_B_AFTER_TITLE_ABSTRACT_SCREEN","LEVEL_3_DISCOVERY_ONLY","","Structured transcription; source did not expose a native export or total count."
"B-AUDIT-000177","B","supplementary web search","PHASE2-SEARCH-0110","2026-07-31","Pre-trained large language models as surrogates for zero-shot warmstarting of germplasm Bayesian optimization","not completely exposed","2026","10.64898/2026.06.28.735149","https://www.biorxiv.org/content/10.64898/2026.06.28.735149v1","B-10.64898/2026.06.28.735149","TITLE_ABSTRACT_EXCLUDED","OUT_OF_SCOPE_FOR_WORKSTREAM_B_AFTER_TITLE_ABSTRACT_SCREEN","LEVEL_3_DISCOVERY_ONLY","","Structured transcription; source did not expose a native export or total count."
"B-AUDIT-000178","B","supplementary web search","PHASE2-SEARCH-0110","2026-07-31","A General Theory of Hypothesis Tests and Confidence Regions for Sparse High Dimensional Models","Yang Ning; Han Liu","2014","arXiv:1412.8765","https://arxiv.org/abs/1412.8765","B-arxiv:1412.8765","TITLE_ABSTRACT_EXCLUDED","OUT_OF_SCOPE_FOR_WORKSTREAM_B_AFTER_TITLE_ABSTRACT_SCREEN","LEVEL_3_DISCOVERY_ONLY","","Structured transcription; source did not expose a native export or total count."
"B-AUDIT-000179","B","supplementary web search","PHASE2-SEARCH-0110","2026-07-31","Adaptive Stimulus selection for multi-alternative psychometric functions with lapses","Ji Hyun Bak; Jonathan W. Pillow","2017","10.1101/260976","https://www.biorxiv.org/content/10.1101/260976v1.full","B-10.1101/260976","TITLE_ABSTRACT_EXCLUDED","OUT_OF_SCOPE_FOR_WORKSTREAM_B_AFTER_TITLE_ABSTRACT_SCREEN","LEVEL_3_DISCOVERY_ONLY","","Structured transcription; source did not expose a native export or total count."
"B-AUDIT-000180","B","supplementary web search","PHASE2-SEARCH-0110","2026-07-31","Rethinking Data Shapley for Data Selection Tasks: Misleads and Merits","not completely exposed","2024","arXiv:2405.03875","https://arxiv.org/abs/2405.03875","B-arxiv:2405.03875","TITLE_ABSTRACT_EXCLUDED","OUT_OF_SCOPE_FOR_WORKSTREAM_B_AFTER_TITLE_ABSTRACT_SCREEN","LEVEL_3_DISCOVERY_ONLY","","Structured transcription; source did not expose a native export or total count."
"B-AUDIT-000181","B","supplementary web search","PHASE2-SEARCH-0110","2026-07-31","Offset Unlearning for Large Language Models","not completely exposed","2024","arXiv:2404.11045","https://arxiv.org/abs/2404.11045","B-arxiv:2404.11045","TITLE_ABSTRACT_EXCLUDED","OUT_OF_SCOPE_FOR_WORKSTREAM_B_AFTER_TITLE_ABSTRACT_SCREEN","LEVEL_3_DISCOVERY_ONLY","","Structured transcription; source did not expose a native export or total count."
"B-AUDIT-000182","B","supplementary web search","PHASE2-SEARCH-0110","2026-07-31","Industrial Policy for Advanced AI","not completely exposed","2023","arXiv:2302.11436","https://arxiv.org/abs/2302.11436","B-arxiv:2302.11436","TITLE_ABSTRACT_EXCLUDED","OUT_OF_SCOPE_FOR_WORKSTREAM_B_AFTER_TITLE_ABSTRACT_SCREEN","LEVEL_3_DISCOVERY_ONLY","","Structured transcription; source did not expose a native export or total count."
"B-AUDIT-000183","B","supplementary web search","PHASE2-SEARCH-0110","2026-07-31","Divide-and-Conquer Predictive Coding","not completely exposed","2024","arXiv:2408.05834","https://arxiv.org/abs/2408.05834","B-arxiv:2408.05834","TITLE_ABSTRACT_EXCLUDED","OUT_OF_SCOPE_FOR_WORKSTREAM_B_AFTER_TITLE_ABSTRACT_SCREEN","LEVEL_3_DISCOVERY_ONLY","","Structured transcription; source did not expose a native export or total count."
"B-AUDIT-000184","B","supplementary web search","PHASE2-SEARCH-0111","2026-07-31","Optimal experiment design for practical parameter identifiability and model discrimination","Yue Liu; Philip K. Maini; Ruth E. Baker","2026","10.1016/j.mbs.2026.109710","https://www.sciencedirect.com/science/article/pii/S0025556426001008","B-LIU-MAINI-BAKER-2026","FULL_TEXT_INCLUDED","NA","LEVEL_1_LOAD_BEARING","P0051","Structured transcription; source did not expose a native export or total count."
"B-AUDIT-000185","B","supplementary web search","PHASE2-SEARCH-0111","2026-07-31","Optimal experiment design for practical parameter identifiability and model discrimination","Yue Liu; Philip K. Maini; Ruth E. Baker","2025","arXiv:2506.11311","https://arxiv.org/abs/2506.11311","B-LIU-MAINI-BAKER-2026","DUPLICATE","DUPLICATE_OF_B-AUDIT-000184","LEVEL_3_DISCOVERY_ONLY","P0051","Structured transcription; source did not expose a native export or total count."
"B-AUDIT-000186","B","supplementary web search","PHASE2-SEARCH-0111","2026-07-31","Optimal Experiment Design for Practical Parameter Identifiability and Model Discrimination","Yue Liu; Philip K. Maini; Ruth E. Baker","2025","10.2139/ssrn.5377217","https://papers.ssrn.com/sol3/papers.cfm?abstract_id=5377217","B-LIU-MAINI-BAKER-2026","DUPLICATE","DUPLICATE_OF_B-AUDIT-000184","LEVEL_3_DISCOVERY_ONLY","P0051","Structured transcription; source did not expose a native export or total count."
"B-AUDIT-000187","B","supplementary web search","PHASE2-SEARCH-0111","2026-07-31","Identifiability of large-scale non-linear dynamic network models applied to the ADM1-case study","not completely exposed","2017","PII:S0025556417300780","https://www.sciencedirect.com/science/article/pii/S0025556417300780","B-pii:s0025556417300780","TITLE_ABSTRACT_EXCLUDED","OUT_OF_SCOPE_FOR_WORKSTREAM_B_AFTER_TITLE_ABSTRACT_SCREEN","LEVEL_3_DISCOVERY_ONLY","","Structured transcription; source did not expose a native export or total count."
"B-AUDIT-000188","B","supplementary web search","PHASE2-SEARCH-0111","2026-07-31","Optimal design of stimulus experiments for robust discrimination of biochemical reaction networks","R. J. Flassig; K. Sundmacher","2012","10.1093/bioinformatics/bts585","https://academic.oup.com/bioinformatics/article/28/23/3089/194080","B-10.1093/bioinformatics/bts585","FULL_TEXT_INCLUDED","NA","LEVEL_1_LOAD_BEARING","P0048","Structured transcription; source did not expose a native export or total count."
"B-AUDIT-000189","B","supplementary web search","PHASE2-SEARCH-0111","2026-07-31","Optimal Input Design for Model Selection in Systems with Cell-to-Cell Variability","not completely exposed","2025","10.1007/978-3-032-01436-8_13","https://link.springer.com/chapter/10.1007/978-3-032-01436-8_13","B-10.1007/978-3-032-01436-8_13","TITLE_ABSTRACT_INCLUDED","NA","LEVEL_3_DISCOVERY_ONLY","","Structured transcription; source did not expose a native export or total count."
"B-AUDIT-000190","B","supplementary web search","PHASE2-SEARCH-0111","2026-07-31","Rationalised experiment design for parameter estimation with sensitivity clustering","not completely exposed","2024","10.1038/s41598-024-75539-2","https://doi.org/10.1038/s41598-024-75539-2","B-10.1038/s41598-024-75539-2","TITLE_ABSTRACT_EXCLUDED","OUT_OF_SCOPE_FOR_WORKSTREAM_B_AFTER_TITLE_ABSTRACT_SCREEN","LEVEL_3_DISCOVERY_ONLY","","Structured transcription; source did not expose a native export or total count."
"B-AUDIT-000191","B","supplementary web search","PHASE2-SEARCH-0111","2026-07-31","A scalable method for parameter identification in kinetic models of metabolism using steady-state data","Shyam Srinivasan; William R. Cluett; Radhakrishnan Mahadevan","2019","10.1093/bioinformatics/btz445","https://academic.oup.com/bioinformatics/article/35/24/5216/5514038","B-10.1093/bioinformatics/btz445","TITLE_ABSTRACT_INCLUDED","NA","LEVEL_3_DISCOVERY_ONLY","","Structured transcription; source did not expose a native export or total count."
"B-AUDIT-000192","B","supplementary web search","PHASE2-SEARCH-0111","2026-07-31","A protocol for dynamic model calibration","not completely exposed","2021","10.1093/bib/bbab387","https://academic.oup.com/bib/article-abstract/doi/10.1093/bib/bbab387/6383562","B-10.1093/bib/bbab387","TITLE_ABSTRACT_INCLUDED","NA","LEVEL_3_DISCOVERY_ONLY","","Structured transcription; source did not expose a native export or total count."
"B-AUDIT-000193","B","supplementary web search","PHASE2-SEARCH-0112","2026-07-31","Optimal experiment design for practical parameter identifiability and model discrimination","Yue Liu; Philip K. Maini; Ruth E. Baker","2026","10.1016/j.mbs.2026.109710","https://ora.ox.ac.uk/objects/uuid:1be2267b-8857-4e2b-bf16-5305ec9737b2","B-LIU-MAINI-BAKER-2026","DUPLICATE","DUPLICATE_OF_P0051","LEVEL_3_DISCOVERY_ONLY","P0051","Structured transcription; source did not expose a native export or total count."
"B-AUDIT-000194","B","supplementary web search","PHASE2-SEARCH-0112","2026-07-31","Optimal experiment design for practical parameter identifiability and model discrimination","Yue Liu; Philip K. Maini; Ruth E. Baker","2026","10.1016/j.mbs.2026.109710","https://www.sciencedirect.com/science/article/pii/S0025556426001008","B-LIU-MAINI-BAKER-2026","DUPLICATE","DUPLICATE_OF_P0051","LEVEL_3_DISCOVERY_ONLY","P0051","Structured transcription; source did not expose a native export or total count."
"B-AUDIT-000195","B","supplementary web search","PHASE2-SEARCH-0112","2026-07-31","Optimal Experiment Design for Practical Parameter Identifiability and Model Discrimination","Yue Liu; Philip K. Maini; Ruth E. Baker","2025","10.2139/ssrn.5377217","https://papers.ssrn.com/sol3/papers.cfm?abstract_id=5377217","B-LIU-MAINI-BAKER-2026","DUPLICATE","DUPLICATE_OF_B-AUDIT-000184","LEVEL_3_DISCOVERY_ONLY","P0051","Structured transcription; source did not expose a native export or total count."
"B-AUDIT-000196","B","supplementary web search","PHASE2-SEARCH-0112","2026-07-31","Optimal experiment design for practical parameter identifiability and model discrimination","Yue Liu; Philip K. Maini; Ruth E. Baker","2025","arXiv:2506.11311","https://arxiv.org/abs/2506.11311","B-LIU-MAINI-BAKER-2026","DUPLICATE","DUPLICATE_OF_B-AUDIT-000184","LEVEL_3_DISCOVERY_ONLY","P0051","Structured transcription; source did not expose a native export or total count."
"B-AUDIT-000197","B","supplementary web search","PHASE2-SEARCH-0112","2026-07-31","Model discrimination via designed experiments: discriminating between the terminal and penultimate models on the basis of composition data","not completely exposed","1993","10.1021/ma00080a011","https://pubs.acs.org/doi/10.1021/ma00080a011","B-10.1021/ma00080a011","TITLE_ABSTRACT_INCLUDED","NA","LEVEL_3_DISCOVERY_ONLY","","Structured transcription; source did not expose a native export or total count."
"B-AUDIT-000198","B","supplementary web search","PHASE2-SEARCH-0114","2026-07-31","Optimal design of stimulus experiments for robust discrimination of biochemical reaction networks","R. J. Flassig; K. Sundmacher","2012","10.1093/bioinformatics/bts585","https://pmc.ncbi.nlm.nih.gov/articles/PMC3516143/","B-10.1093/bioinformatics/bts585","DUPLICATE","DUPLICATE_OF_P0048","LEVEL_3_DISCOVERY_ONLY","P0048","Exact-title routing search followed by primary PMC verification."
"B-AUDIT-000199","B","supplementary web search","PHASE2-SEARCH-0114","2026-07-31","Robust Optimal Design of Experiments for Model Discrimination Using an Interactive Software Tool","Johannes Stegmaier; Dominik Skanda; Dirk Lebiedz","2013","10.1371/journal.pone.0055723","https://pmc.ncbi.nlm.nih.gov/articles/PMC3563641/","B-10.1371/journal.pone.0055723","FULL_TEXT_INCLUDED","NA","LEVEL_1_LOAD_BEARING","P0049","Exact-title routing search followed by primary PMC verification."
"B-AUDIT-000200","B","supplementary web search","PHASE2-SEARCH-0114","2026-07-31","Optimal experiment design for model selection in biochemical networks","Joep Vanlier; Christian A. Tiemann; Peter A. J. Hilbers; Natal A. W. van Riel","2014","10.1186/1752-0509-8-20","https://pmc.ncbi.nlm.nih.gov/articles/PMC3946009/","B-10.1186/1752-0509-8-20","FULL_TEXT_INCLUDED","NA","LEVEL_1_LOAD_BEARING","P0050","Exact-title routing search followed by primary PMC verification."
"B-AUDIT-000201","B","PubMed/PMC","PHASE2-SEARCH-0113","2026-07-31","One-shot 13C15N-metabolic flux analysis for simultaneous quantification of carbon and nitrogen flux","Khushboo Borah Slater; Martin Beyß; Ye Xu; Jim Barber; Catia Costa; Jane Newcombe; Axel Theorell; Melanie J. Bailey; Dany J. V. Beste; Johnjoe McFadden; Katharina Nöh","2023","10.15252/msb.202211099","PMID:36705093;PMCID:PMC9996240","B-ONE-SHOT-2023","DUPLICATE","DUPLICATE_OF_P0047","LEVEL_3_DISCOVERY_ONLY","P0047","Exact DOI retrieval; complete PMC text inspected."
"B-AUDIT-000202","B","PMC BioC","PHASE2-SEARCH-0115","2026-07-31","Robust Optimal Design of Experiments for Model Discrimination Using an Interactive Software Tool","Johannes Stegmaier; Dominik Skanda; Dirk Lebiedz","2013","10.1371/journal.pone.0055723","PMCID:PMC3563641","B-10.1371/journal.pone.0055723","DUPLICATE","DUPLICATE_OF_P0049","LEVEL_3_DISCOVERY_ONLY","P0049","Exact PMCID retrieval; complete PMC text inspected."
"B-AUDIT-000203","B","PMC BioC","PHASE2-SEARCH-0116","2026-07-31","Optimal experiment design for model selection in biochemical networks","Joep Vanlier; Christian A. Tiemann; Peter A. J. Hilbers; Natal A. W. van Riel","2014","10.1186/1752-0509-8-20","PMCID:PMC3946009","B-10.1186/1752-0509-8-20","DUPLICATE","DUPLICATE_OF_P0050","LEVEL_3_DISCOVERY_ONLY","P0050","Exact PMCID retrieval; complete PMC text inspected."
