target_path	source_repository	source_commit	source_path	source_blob_sha	bytes_status	transformation	target_sha256	classification	requirement	validation_status
simulation/.gitignore	https://github.com/esig626/fluxemu-prototype	711ead67cd739d0e13c16cde34d9d7113b83043d	(target-authored export file)	-	target-authored	new export-specific runtime-artifact exclusions	2daaf30375862744ed1f988e85435d11fe33b15667a1d01038ba920ad1ee2630	CORE	required	not executable; reviewed in final audit
simulation/README.md	https://github.com/esig626/fluxemu-prototype	711ead67cd739d0e13c16cde34d9d7113b83043d	codex/README.md	4bebd80f4f45055adde6762ae1e7320787d1b156	transformed	rewritten for target scope, external dependencies, conservative claims, and provenance links	586920ac602e2466c37582bb96ea88d18a87c96c5cfb9da65f32c9786e32cd0a	DOC	required	not executable; reviewed in final audit
simulation/docs/CARBON_TRANSITION_LIBRARY.md	https://github.com/esig626/fluxemu-prototype	711ead67cd739d0e13c16cde34d9d7113b83043d	codex/docs/CARBON_TRANSITION_LIBRARY.md	20233bf2d312c08b8d7b191e3cc5264f4268a034	unchanged	path relocation only; bytes identical to source blob	94599a05885dad73c27ccde04bbcce4770d7e2211b79da872e524adfb7eccb17	DOC	required	not executable; reviewed in final audit
simulation/docs/EXPERIMENT_FORMAT.md	https://github.com/esig626/fluxemu-prototype	711ead67cd739d0e13c16cde34d9d7113b83043d	codex/docs/EXPERIMENT_FORMAT.md	1d10dd631d88442a08c1edfbcc287ed847d942dd	transformed	replaced absolute workspace example path with target-relative link	a4199b775dde937e7abc701a7ee89003ec69abbb265a929b592e16ca35555a6c	DOC	required	not executable; reviewed in final audit
simulation/docs/KNOWN_LIMITATIONS.md	https://github.com/esig626/fluxemu-prototype	711ead67cd739d0e13c16cde34d9d7113b83043d	codex/docs/KNOWN_LIMITATIONS.md	ef3b39f0dcb0e3710d990306fec474af7e3a6432	transformed	removed workspace/vendor assumptions and documented external dependency and excluded legacy references	10df77b47e4d98977ec31d55b412901bed09397a013b0b5bf978be3d722f4fcf	DOC	required	not executable; reviewed in final audit
simulation/docs/MFAPY_PATCH.md	https://github.com/esig626/fluxemu-prototype	711ead67cd739d0e13c16cde34d9d7113b83043d	codex/docs/MFAPY_PATCH.md	f7de94cfc1d79e5668f623860d7328fa1eee75ea	transformed	rewritten as target-specific historical patch record with exact commits and blobs	3924b59e53dd876a95b4af6f5b73720cdd35ea4c2775588ed09fe92e4e688fa6	DOC	required	not executable; reviewed in final audit
simulation/docs/STATISTICAL_SCOPE.md	https://github.com/esig626/fluxemu-prototype	711ead67cd739d0e13c16cde34d9d7113b83043d	(target-authored export file)	-	target-authored	new conservative scope record mapped to Metabolism_Testing questions	fd78b4196c2e4fc2758ce10d50972dc5539043e6cdd33f29f6495acbe0d24fc9	DOC	required	not executable; reviewed in final audit
simulation/examples/antoniewicz_tca/BENCHMARK_VALIDATION.md	https://github.com/esig626/fluxemu-prototype	711ead67cd739d0e13c16cde34d9d7113b83043d	codex/examples/antoniewicz_tca/BENCHMARK_VALIDATION.md	6075469856c7eaa9cb5acf81ac81b4bd5b069a78	unchanged	path relocation only; bytes identical to source blob	78efa542d9e00487464b1a707ad4534904eff299611773c168505c6a65785f3a	BENCHMARK	required	focused-suite-passed
simulation/examples/antoniewicz_tca/PAPER_TRANSCRIPTION.md	https://github.com/esig626/fluxemu-prototype	711ead67cd739d0e13c16cde34d9d7113b83043d	codex/examples/antoniewicz_tca/PAPER_TRANSCRIPTION.md	3f5d24ac125812d73c047ff622d0dc54e936c53a	transformed	removed machine-local PDF link and recorded exclusion and verification uncertainty	6f7fde52db601f3c465fd4a9dd4510288010c1ecd339ec2cb1c0f5db231cf091	BENCHMARK	required	focused-suite-passed
simulation/examples/antoniewicz_tca/TIMECOURSE_VALIDATION.md	https://github.com/esig626/fluxemu-prototype	711ead67cd739d0e13c16cde34d9d7113b83043d	codex/examples/antoniewicz_tca/TIMECOURSE_VALIDATION.md	0a8c293aa925ae3de7e710c3843bfed693c755d8	unchanged	path relocation only; bytes identical to source blob	46c9400434b4cb66fdb1ecf2da706f9649ef4fbcfe2441a33e17ed1beda48259	BENCHMARK	optional	focused-suite-passed
simulation/examples/antoniewicz_tca/antoniewicz_tca.xml	https://github.com/esig626/fluxemu-prototype	711ead67cd739d0e13c16cde34d9d7113b83043d	codex/examples/antoniewicz_tca/antoniewicz_tca.xml	e7417efc71250341d2cef6ece7a87dfb93fa0e33	transformed	updated embedded benchmark source wording to omit uploaded-PDF filename	2ec24f9acdeb47bf0c1d075a8e153eea2d42b9d8b317991faa16b673945374ce	BENCHMARK	required	focused-suite-passed
simulation/examples/antoniewicz_tca/build_model.py	https://github.com/esig626/fluxemu-prototype	711ead67cd739d0e13c16cde34d9d7113b83043d	codex/examples/antoniewicz_tca/build_model.py	09372b4826d4e1ed4de5895a20f06ec1f32ad66f	transformed	replaced uploaded-PDF filename with bibliographic source wording	56c1e7727997799818b11a7e796a9355714a9a7ca4eba193b407ab82af286189	BENCHMARK	required	focused-suite-passed
simulation/examples/antoniewicz_tca/direct_isotopomer_solver.py	https://github.com/esig626/fluxemu-prototype	711ead67cd739d0e13c16cde34d9d7113b83043d	codex/examples/antoniewicz_tca/direct_isotopomer_solver.py	40f86ac9259557997cbf7aee0f94fb879213bcd0	unchanged	path relocation only; bytes identical to source blob	25188af5698ba61be939d3a15497a8ad9951f094f3c423f7010c52aa9efe7ed8	BENCHMARK	required	focused-suite-passed
simulation/examples/antoniewicz_tca/experiment_stationary.yaml	https://github.com/esig626/fluxemu-prototype	711ead67cd739d0e13c16cde34d9d7113b83043d	codex/examples/antoniewicz_tca/experiment_stationary.yaml	7bd5c73cfe9a75f217a6bf01129fc338f4f1c722	unchanged	path relocation only; bytes identical to source blob	b92c1fcac08068cb0f778d5cbe0b1a426feba76a36b510cbb1cda0f0cd772469	BENCHMARK	required	focused-suite-passed
simulation/examples/antoniewicz_tca/experiment_timecourse.yaml	https://github.com/esig626/fluxemu-prototype	711ead67cd739d0e13c16cde34d9d7113b83043d	codex/examples/antoniewicz_tca/experiment_timecourse.yaml	3b1a48d9e87f0f34feae8e1fc461b3506d9b305b	unchanged	path relocation only; bytes identical to source blob	56b6a4f9f2a6a363947d8b2446398c01ddb51445fab94d645fa58f12dd8cf356	BENCHMARK	optional	focused-suite-passed
simulation/examples/antoniewicz_tca/published_reference_mid.csv	https://github.com/esig626/fluxemu-prototype	711ead67cd739d0e13c16cde34d9d7113b83043d	codex/examples/antoniewicz_tca/published_reference_mid.csv	33e306c0cfc8dc7f2405e856f998a18f9933a4f7	unchanged	path relocation only; bytes identical to source blob	da655a6c613b27f8a0d0529789b875c68e7bab8934237bd3c3ee51d9220e3478	BENCHMARK	required	focused-suite-passed
simulation/examples/antoniewicz_tca/stationary_mids.csv	https://github.com/esig626/fluxemu-prototype	711ead67cd739d0e13c16cde34d9d7113b83043d	codex/examples/antoniewicz_tca/stationary_mids.csv	6308871488d422a59caf82a6244bb8ac4bd576c7	unchanged	path relocation only; bytes identical to source blob	e0773800298be920477084b493427cd96bb136887141b810a425f2a10e3c0496	BENCHMARK	required	focused-suite-passed
simulation/examples/antoniewicz_tca/timecourse_mids.csv	https://github.com/esig626/fluxemu-prototype	711ead67cd739d0e13c16cde34d9d7113b83043d	codex/examples/antoniewicz_tca/timecourse_mids.csv	a66527519cf3f7a4c8472005428903380316d1c9	unchanged	path relocation only; bytes identical to source blob	44aa64a9fe6afb82d05f554cca665cea5c4d3523d4acba203cfa8fabd71cfbaf	BENCHMARK	optional	focused-suite-passed
simulation/examples/build_toy_model.py	https://github.com/esig626/fluxemu-prototype	711ead67cd739d0e13c16cde34d9d7113b83043d	codex/examples/build_toy_model.py	ffbb571b4c68844fd8cd674ef2877885935fbfdb	unchanged	path relocation only; bytes identical to source blob	112fe08014c9c5c6373c43ef85752e5ef318036425578a471476f6d646279e1c	BENCHMARK	optional	focused-suite-passed
simulation/examples/toy_experiment.yaml	https://github.com/esig626/fluxemu-prototype	711ead67cd739d0e13c16cde34d9d7113b83043d	codex/examples/toy_experiment.yaml	e6585d37fe68ad9904b52d48a45d59eb4f508578	unchanged	path relocation only; bytes identical to source blob	678a454a66a086762675b95c22067bbecdda2986488f92410b77d86f88216ac4	BENCHMARK	required	focused-suite-passed
simulation/examples/toy_model.xml	https://github.com/esig626/fluxemu-prototype	711ead67cd739d0e13c16cde34d9d7113b83043d	codex/examples/toy_model.xml	647f820e6ee97d01d2173e3d3e5ca70ba2b0c0ad	unchanged	path relocation only; bytes identical to source blob	762cf4e60c025b1b495232f2717731a7967f17d9d33395bbdd6f61f5b13b72f0	BENCHMARK	required	focused-suite-passed
simulation/fixtures/mfapy/example0_expected.json	https://github.com/esig626/fluxemu-prototype	711ead67cd739d0e13c16cde34d9d7113b83043d	codex/tests/fixtures/official_mfapy_example_0.json	79332980eb837f9cd1481f72b9cc188bd1679a90	transformed	replaced absolute vendor paths with relative upstream paths and immutable mfapy provenance	57baaec80adb2c88c47129d451bca06a1797d0a7ec7f105b45a06f4c49045157	BENCHMARK	required	focused-suite-passed
simulation/fixtures/r1_ecoli_u13c70/condition_mid_summary.csv	https://github.com/esig626/fluxemu-prototype	711ead67cd739d0e13c16cde34d9d7113b83043d	codex/results/hypothesis_testing/r1_ecoli_tca_no_frd7_forward_u13c70/condition_mid_summary.csv	1848e671ba51e8195639807a2035fcce6ed7a6d2	unchanged	path relocation only; bytes identical to source blob	7c4e3856259cff46d2bec5d29f2aa250991954145a49ba7a4d09313d46adcde2	R1	required	compact generated evidence; not independently regenerated
simulation/fixtures/r1_ecoli_u13c70/configuration_difference.json	https://github.com/esig626/fluxemu-prototype	711ead67cd739d0e13c16cde34d9d7113b83043d	codex/results/hypothesis_testing/r1_ecoli_tca_no_frd7_forward_u13c70/configuration_difference.json	d5ea3e5ba56d747fd6984f939c58938b30d63e1a	unchanged	path relocation only; bytes identical to source blob	7f949ed0c65d5359cb45b0e4097fd626d006dc35c0d7677aa2cbb025ef83633f	R1	required	focused-suite-passed
simulation/fixtures/r1_ecoli_u13c70/reduced_isotope_transition_manifest.csv	https://github.com/esig626/fluxemu-prototype	711ead67cd739d0e13c16cde34d9d7113b83043d	codex/results/hypothesis_testing/r1_ecoli_tca_no_frd7_forward_u13c70/reduced_isotope_transition_manifest.csv	936f1bb9b643d38a1280ebb0b99fff29710a2c4e	unchanged	path relocation only; bytes identical to source blob	46e550da58a19f2c134444daa4d4f4fce61f427f05bdd4d8844ee56f1af61de9	R1	required	compact generated evidence; not independently regenerated
simulation/fixtures/r1_ecoli_u13c70/source_experiment_manifest.json	https://github.com/esig626/fluxemu-prototype	711ead67cd739d0e13c16cde34d9d7113b83043d	codex/results/hypothesis_testing/r1_ecoli_tca_no_frd7_forward_u13c70/source_experiment_manifest.json	f21f7f473392a9c09f277fc0e170346d76616541	unchanged	path relocation only; bytes identical to source blob	321aad4c3acf4bd5a86993b2e3204de8b775ed96d1f6fac832bcd14a9b7ab9bb	R1	required	focused-suite-passed
simulation/fixtures/r1_ecoli_u13c70/state_level_noise_free_mids.csv	https://github.com/esig626/fluxemu-prototype	711ead67cd739d0e13c16cde34d9d7113b83043d	codex/results/hypothesis_testing/r1_ecoli_tca_no_frd7_forward_u13c70/state_level_noise_free_mids.csv	164624907bc7fe7ed980fdde87141a316c39897c	unchanged	path relocation only; bytes identical to source blob	3982e129ee203b35f3e44b668fee98ab49a9b915d509cf6f0742b1a3e983b5da	R1	required	focused-suite-passed
simulation/fixtures/r1_ecoli_u13c70/target_provenance.csv	https://github.com/esig626/fluxemu-prototype	711ead67cd739d0e13c16cde34d9d7113b83043d	codex/results/hypothesis_testing/r1_ecoli_tca_no_frd7_forward_u13c70/target_provenance.csv	b612b71c1c49c6b5101c16e2b42a1457de1574c8	unchanged	path relocation only; bytes identical to source blob	61bc212de3ef07e08f01e98ea88d5fc8022230a928c2c86d60321d63d9c21a9a	R1	required	compact generated evidence; not independently regenerated
simulation/fixtures/topology_phase2a/construction_metadata.csv	https://github.com/esig626/fluxemu-prototype	711ead67cd739d0e13c16cde34d9d7113b83043d	codex/results/hypothesis_testing/emu_topology_edge_reconstruction_phase2a/construction_metadata.csv	306603a5a7479d0c4dbcb10c246122aa73721a6c	unchanged	path relocation only; bytes identical to source blob	35168b5ed2aea992060c416c2df941e028971ecef480a84ed4e4d91bc6617155	TOPOLOGY	required	focused-suite-passed
simulation/fixtures/topology_phase2a/forward_validation.json	https://github.com/esig626/fluxemu-prototype	711ead67cd739d0e13c16cde34d9d7113b83043d	codex/results/hypothesis_testing/emu_topology_edge_reconstruction_phase2a/forward_validation.json	fcedf33d761c967547696ec032eb228159d5ff05	unchanged	path relocation only; bytes identical to source blob	04ad909aea2439d7e3048e2bd9cd36b7410c0bfe9000b437382408928ac695e5	TOPOLOGY	required	focused-suite-passed
simulation/fixtures/topology_phase2a/next_measurement_diagnostic.json	https://github.com/esig626/fluxemu-prototype	711ead67cd739d0e13c16cde34d9d7113b83043d	codex/results/hypothesis_testing/emu_topology_edge_reconstruction_phase2a/next_measurement_diagnostic.json	0a871f1ad7e9b8387cbe21256872977df26362b7	unchanged	path relocation only; bytes identical to source blob	16673de7e55d22150a7413599bcf745274815eaa9678ef3beeec70c4ad55b7e8	TOPOLOGY	required	focused-suite-passed
simulation/fixtures/topology_phase2a/observable_classes.csv	https://github.com/esig626/fluxemu-prototype	711ead67cd739d0e13c16cde34d9d7113b83043d	codex/results/hypothesis_testing/emu_topology_edge_reconstruction_phase2a/observable_classes.csv	28159ac22eceddfb4ddd0f5d4302e5a5ea8a84e5	unchanged	path relocation only; bytes identical to source blob	14fec979ac7da304ffd9361dc28c4d9be8847d4eecd5026f8ea4c8c0930c27f7	TOPOLOGY	required	focused-suite-passed
simulation/provenance/DEPENDENCIES.md	https://github.com/esig626/fluxemu-prototype	711ead67cd739d0e13c16cde34d9d7113b83043d	(target-authored export file)	-	target-authored	new dependency and API-surface record	5226cd52ab5744705e8bea88b1ff5b6a0fbb882533b82d3b5c76ad21b35fcb0c	DOC	required	not executable; reviewed in final audit
simulation/provenance/SOURCE_MANIFEST.tsv	https://github.com/esig626/fluxemu-prototype	711ead67cd739d0e13c16cde34d9d7113b83043d	(target-authored export file)	-	target-authored	generated per-file provenance manifest; self-row hash is necessarily non-self-verifiable	not-applicable-self-referential	DOC	required	not executable; reviewed in final audit
simulation/provenance/THIRD_PARTY.md	https://github.com/esig626/fluxemu-prototype	711ead67cd739d0e13c16cde34d9d7113b83043d	(target-authored export file)	-	target-authored	new licensing and third-party provenance record	5f5bdc0bccd869e170c3c41844437d472d6a69bf7ae1d371a79fa8fcea6f1853	DOC	required	not executable; reviewed in final audit
simulation/provenance/VALIDATION_STATUS.md	https://github.com/esig626/fluxemu-prototype	711ead67cd739d0e13c16cde34d9d7113b83043d	(target-authored export file)	-	target-authored	new exact export-test execution record	2e3b0ef427be2417d132ea3d8cd620d320ec226005e9ba7d2764f86710945838	DOC	required	not executable; reviewed in final audit
simulation/provenance/patches/mfapy_optional_nlopt.patch	https://github.com/esig626/fluxemu-prototype	711ead67cd739d0e13c16cde34d9d7113b83043d	vendor/mfapy/mfapy/optimize.py	b48359a8f6f9c562f03e97d6d6071eabde783837	transformed	exact diff generated from historical source commit eef8dfb06c6cf9f67c5db06eb637f5684758ac4f	9f9e95fb7cbfa772b192db1ab1adaab19788cfbd11a34331c9ceccf5196856e6	THIRD-PARTY	optional	post-patch external source used; patch file not applied by export
simulation/pyproject.toml	https://github.com/esig626/fluxemu-prototype	711ead67cd739d0e13c16cde34d9d7113b83043d	codex/pyproject.toml	e0fb46d611913120fc24c8ae63353ac7da40c758	transformed	renamed export package, added required SciPy dependency, and removed workspace assumptions	a69a02ece93484b6db610599ff3ae20874a237ab6a975945c05d9a24479fae04	CORE	required	focused-suite-passed; package installation not tested
simulation/src/fluxemu/__init__.py	https://github.com/esig626/fluxemu-prototype	711ead67cd739d0e13c16cde34d9d7113b83043d	codex/src/fluxemu/__init__.py	646188b025b242bf0f15e52b2fa9178c4778c991	transformed	removed package-level validation claim	24cb91a8e48fdee46559bb1bcf2afe0f7effc9840f39431736e3e33b9dd5cb66	CORE	required	focused-suite-passed
simulation/src/fluxemu/_mfapy.py	https://github.com/esig626/fluxemu-prototype	711ead67cd739d0e13c16cde34d9d7113b83043d	codex/src/fluxemu/_mfapy.py	754a9a8393db25d43cc376156dce11054f2560ff	transformed	replaced workspace vendor fallback with importable or explicitly configured external mfapy source	d7fe979cfb618815466963a1822fa6210efbbc6d4946391408c24a8f638f339d	CORE	required	focused-suite-passed
simulation/src/fluxemu/carbon_transitions/__init__.py	https://github.com/esig626/fluxemu-prototype	711ead67cd739d0e13c16cde34d9d7113b83043d	codex/src/fluxemu/carbon_transitions/__init__.py	59eb8c12521a63a1357bb26b6820bc7143e6b5b2	unchanged	path relocation only; bytes identical to source blob	6ed534a94a19b4ae9144d33da3dae8e63c3197400356c686105d19c10dccb254	CORE	required	focused-suite-passed
simulation/src/fluxemu/carbon_transitions/data/acetate.yaml	https://github.com/esig626/fluxemu-prototype	711ead67cd739d0e13c16cde34d9d7113b83043d	codex/src/fluxemu/carbon_transitions/data/acetate.yaml	ea42746bdc63b895ce8347187e0ae94028af5c7a	unchanged	path relocation only; bytes identical to source blob	8db4aafe66ca7d90a314edf18c00c51e4e5cb46845af98920dbdba3042e7f162	CORE	required	focused-suite-passed
simulation/src/fluxemu/carbon_transitions/data/anaplerosis.yaml	https://github.com/esig626/fluxemu-prototype	711ead67cd739d0e13c16cde34d9d7113b83043d	codex/src/fluxemu/carbon_transitions/data/anaplerosis.yaml	2e334a318e0affcb02e6ba37af98fed93bece53e	unchanged	path relocation only; bytes identical to source blob	866e4a058bd7f502fcce05cf982f0697874ec491c653a0c42df5a8074c02e2e5	CORE	required	focused-suite-passed
simulation/src/fluxemu/carbon_transitions/data/citrate_acetylcoa.yaml	https://github.com/esig626/fluxemu-prototype	711ead67cd739d0e13c16cde34d9d7113b83043d	codex/src/fluxemu/carbon_transitions/data/citrate_acetylcoa.yaml	ac1a90a50d91f62e1825812840b6e706befe34db	unchanged	path relocation only; bytes identical to source blob	3f137351bd6e8f77915e71a1fe53df239b64a86cf55dea3b808058bfed77cad1	CORE	required	focused-suite-passed
simulation/src/fluxemu/carbon_transitions/data/glutaminolysis.yaml	https://github.com/esig626/fluxemu-prototype	711ead67cd739d0e13c16cde34d9d7113b83043d	codex/src/fluxemu/carbon_transitions/data/glutaminolysis.yaml	2951d0bc14a4c663148f429dd04d23a712eb8414	unchanged	path relocation only; bytes identical to source blob	8244466bb9e005779aa7c5c1e5422c0e89c60e1888e19b4112cad2066230d547	CORE	required	focused-suite-passed
simulation/src/fluxemu/carbon_transitions/data/glycolysis.yaml	https://github.com/esig626/fluxemu-prototype	711ead67cd739d0e13c16cde34d9d7113b83043d	codex/src/fluxemu/carbon_transitions/data/glycolysis.yaml	8e190e7c586d92e363277990471687810ab6343f	unchanged	path relocation only; bytes identical to source blob	3bf7203c560609290caf636158b199b4276066aa67a3362d75bba379c6adfdd6	CORE	required	focused-suite-passed
simulation/src/fluxemu/carbon_transitions/data/malate_aspartate.yaml	https://github.com/esig626/fluxemu-prototype	711ead67cd739d0e13c16cde34d9d7113b83043d	codex/src/fluxemu/carbon_transitions/data/malate_aspartate.yaml	8dea1f14f7d3a625af07d7a0f88d13cee189984b	unchanged	path relocation only; bytes identical to source blob	853f6f3627155a85b955aa939bb10af702567e691f794a1da1a30b80edb9611a	CORE	required	focused-suite-passed
simulation/src/fluxemu/carbon_transitions/data/metabolites.yaml	https://github.com/esig626/fluxemu-prototype	711ead67cd739d0e13c16cde34d9d7113b83043d	codex/src/fluxemu/carbon_transitions/data/metabolites.yaml	04a0ba758e553d6b223f5b23d6f2ba7001f26b26	unchanged	path relocation only; bytes identical to source blob	4bfa8112ab6a87dec7d8a8c7acab68b7594c2bc81bebfa2bac4bafd37bdb8980	CORE	required	focused-suite-passed
simulation/src/fluxemu/carbon_transitions/data/pentose_phosphate.yaml	https://github.com/esig626/fluxemu-prototype	711ead67cd739d0e13c16cde34d9d7113b83043d	codex/src/fluxemu/carbon_transitions/data/pentose_phosphate.yaml	dc279c29b70606e5f3a01eec3d675a51631e85f6	unchanged	path relocation only; bytes identical to source blob	b6725809572a984cf75cf55815394513a46274551c6c210e501dd1568668d4f9	CORE	required	focused-suite-passed
simulation/src/fluxemu/carbon_transitions/data/pyruvate_lactate.yaml	https://github.com/esig626/fluxemu-prototype	711ead67cd739d0e13c16cde34d9d7113b83043d	codex/src/fluxemu/carbon_transitions/data/pyruvate_lactate.yaml	80e5c5e564ff582d96cf8838ef154f78e54e9fad	unchanged	path relocation only; bytes identical to source blob	0c5c717970c643ede3e133a3a194219614fd5ea5e211c4df47d414fc1652f4c8	CORE	required	focused-suite-passed
simulation/src/fluxemu/carbon_transitions/data/serine_glycine.yaml	https://github.com/esig626/fluxemu-prototype	711ead67cd739d0e13c16cde34d9d7113b83043d	codex/src/fluxemu/carbon_transitions/data/serine_glycine.yaml	bce9476ba320dbeaa9d06a9c315996cb5a4534ca	unchanged	path relocation only; bytes identical to source blob	1f9f055549d6aca6a1dd041e0a3e26bd328648e2dff6d9c55d0bc67bbba73882	CORE	required	focused-suite-passed
simulation/src/fluxemu/carbon_transitions/data/tca.yaml	https://github.com/esig626/fluxemu-prototype	711ead67cd739d0e13c16cde34d9d7113b83043d	codex/src/fluxemu/carbon_transitions/data/tca.yaml	b634e85553c9fd881f56e91c04bbc776ec819353	unchanged	path relocation only; bytes identical to source blob	e330656ea245d3b0d334079be1c8ea12a8ee6b913c3ba8e65221a82cdf9e43d8	CORE	required	focused-suite-passed
simulation/src/fluxemu/carbon_transitions/docs/NUMBERING_CONVENTIONS.md	https://github.com/esig626/fluxemu-prototype	711ead67cd739d0e13c16cde34d9d7113b83043d	codex/src/fluxemu/carbon_transitions/docs/NUMBERING_CONVENTIONS.md	3ba790068458809ee483111145831fc1633f3128	unchanged	path relocation only; bytes identical to source blob	52fbd4d5ba39a6438b17f759eaa90b5a1a62444600132ddaee861ab20d4b0d1a	DOC	required	focused-suite-passed
simulation/src/fluxemu/carbon_transitions/docs/REACTION_COVERAGE.md	https://github.com/esig626/fluxemu-prototype	711ead67cd739d0e13c16cde34d9d7113b83043d	codex/src/fluxemu/carbon_transitions/docs/REACTION_COVERAGE.md	2c355278f3fc7d5d786183e52a978336b3761189	unchanged	path relocation only; bytes identical to source blob	7528f792d741843a5c2e751dccf3621c7a371704abce7562b9cb45e700b0b4d6	DOC	required	focused-suite-passed
simulation/src/fluxemu/carbon_transitions/docs/SOURCE_POLICY.md	https://github.com/esig626/fluxemu-prototype	711ead67cd739d0e13c16cde34d9d7113b83043d	codex/src/fluxemu/carbon_transitions/docs/SOURCE_POLICY.md	093c962e3cf3571ab23a5e8b19987b8ff33cdc0b	unchanged	path relocation only; bytes identical to source blob	087744b8f76d7d11bef64461471b0c31fc63643364474ed5a2e607a49b2e026f	DOC	required	focused-suite-passed
simulation/src/fluxemu/carbon_transitions/docs/UNRESOLVED_MAPPINGS.md	https://github.com/esig626/fluxemu-prototype	711ead67cd739d0e13c16cde34d9d7113b83043d	codex/src/fluxemu/carbon_transitions/docs/UNRESOLVED_MAPPINGS.md	6e74cb58a17118a08456a559e300381109969f5f	unchanged	path relocation only; bytes identical to source blob	8d01d5b58d1fadeb9c4a596d71aae8ff592318412a55967806e7b74a6e6595a5	DOC	required	focused-suite-passed
simulation/src/fluxemu/carbon_transitions/gold.py	https://github.com/esig626/fluxemu-prototype	711ead67cd739d0e13c16cde34d9d7113b83043d	codex/src/fluxemu/carbon_transitions/gold.py	f4b1a9f4ed12e450ca8cf3f66e02f9fd434a0feb	unchanged	path relocation only; bytes identical to source blob	699f95654e34c7344cc88669854ab604b2091b5fd339616ec4b7ec1bb1c0923a	CORE	required	focused-suite-passed
simulation/src/fluxemu/carbon_transitions/normalize.py	https://github.com/esig626/fluxemu-prototype	711ead67cd739d0e13c16cde34d9d7113b83043d	codex/src/fluxemu/carbon_transitions/normalize.py	0e8c07c4ee9f9e3b3204b7e3405dd959fbfe3683	unchanged	path relocation only; bytes identical to source blob	60c9d013482fa8c1510905c23868ed4815da027e7e10a4ba593d3508301c596a	CORE	required	focused-suite-passed
simulation/src/fluxemu/carbon_transitions/registry.py	https://github.com/esig626/fluxemu-prototype	711ead67cd739d0e13c16cde34d9d7113b83043d	codex/src/fluxemu/carbon_transitions/registry.py	6d69e15bf844587f40da819d9dd29016ef73bb90	unchanged	path relocation only; bytes identical to source blob	0d33512ae625cb524b6b667732f3d458e4b60088a7fdc2687540c27558ae20de	CORE	required	focused-suite-passed
simulation/src/fluxemu/carbon_transitions/schema.py	https://github.com/esig626/fluxemu-prototype	711ead67cd739d0e13c16cde34d9d7113b83043d	codex/src/fluxemu/carbon_transitions/schema.py	07e559a0f996a52c68e38946c92942d753c2c10c	unchanged	path relocation only; bytes identical to source blob	c374255b64b10d80a6234cada6a5c9f949a7c09c154e4f3afe76edfbb73b9eb9	CORE	required	focused-suite-passed
simulation/src/fluxemu/carbon_transitions/validator.py	https://github.com/esig626/fluxemu-prototype	711ead67cd739d0e13c16cde34d9d7113b83043d	codex/src/fluxemu/carbon_transitions/validator.py	3dc2b70bba1a875ea94abe4c2b45137a77dbb1bb	unchanged	path relocation only; bytes identical to source blob	16f3f3318167bdfd060cfbc821384c14cef2e10c3e42dbec5e8af186eef8d8ad	CORE	required	focused-suite-passed
simulation/src/fluxemu/cli.py	https://github.com/esig626/fluxemu-prototype	711ead67cd739d0e13c16cde34d9d7113b83043d	codex/src/fluxemu/cli.py	89bf1eff166fcd25433a0fe044e94af7d338079e	unchanged	path relocation only; bytes identical to source blob	50cbb63a2f05d3e6dcba76c183d21049a84de9403c05a3334644c63843e2489b	CORE	required	focused-suite-passed
simulation/src/fluxemu/cobra_analysis.py	https://github.com/esig626/fluxemu-prototype	711ead67cd739d0e13c16cde34d9d7113b83043d	codex/src/fluxemu/cobra_analysis.py	ef9d615c920fcfd0f6fbda52d397c03575fbfbf9	unchanged	path relocation only; bytes identical to source blob	c6ba902480397dcd76e75497c898050c50191db04c54e03f46c038342f71097c	CORE	required	focused-suite-passed
simulation/src/fluxemu/cobra_to_mfapy.py	https://github.com/esig626/fluxemu-prototype	711ead67cd739d0e13c16cde34d9d7113b83043d	codex/src/fluxemu/cobra_to_mfapy.py	a38104d016611883e56171e94777e59c72fa4eb5	unchanged	path relocation only; bytes identical to source blob	bfc58189434d6bc6ab833b25e06163a80b431be06d620c8c0fff3e91bb8ce9a0	CORE	required	focused-suite-passed
simulation/src/fluxemu/composite_mid_minimax.py	https://github.com/esig626/fluxemu-prototype	711ead67cd739d0e13c16cde34d9d7113b83043d	codex/src/fluxemu/composite_mid_minimax.py	ffae5e65dd9553b5c150d65a54afb93aab712147	unchanged	path relocation only; bytes identical to source blob	ce3d9b338b20c7b11d5f0d43eb5924775af249a7748570e10ad685f972976d29	CORE	required	focused-suite-passed
simulation/src/fluxemu/composite_mid_renyi.py	https://github.com/esig626/fluxemu-prototype	711ead67cd739d0e13c16cde34d9d7113b83043d	codex/src/fluxemu/composite_mid_renyi.py	68283d9d2d5500b362597c3c307a392ab09d079c	unchanged	path relocation only; bytes identical to source blob	9e784aba5115daffb44c235b50ec62a7635c8fe1ba09d3b1ec055d30eb692604	CORE	required	focused-suite-passed
simulation/src/fluxemu/composite_multihypothesis.py	https://github.com/esig626/fluxemu-prototype	711ead67cd739d0e13c16cde34d9d7113b83043d	codex/src/fluxemu/composite_multihypothesis.py	da7cf341b824b6959adddb2cf7f0f7c3c732c510	unchanged	path relocation only; bytes identical to source blob	88ccc3c672de499bb86c3164af35b767bd1a2deb75998581dfa118f44d1d87ba	CORE	required	focused-suite-passed
simulation/src/fluxemu/configuration.py	https://github.com/esig626/fluxemu-prototype	711ead67cd739d0e13c16cde34d9d7113b83043d	codex/src/fluxemu/configuration.py	67051b1cdae0d2fbfebbc53e91cca6d5fb63c596	unchanged	path relocation only; bytes identical to source blob	b33ce0a8133a9e6de4e93a366078124a51f9a8cf218bd32f86d6c9ebf1834733	CORE	required	focused-suite-passed
simulation/src/fluxemu/control0_composite_mid_classes.py	https://github.com/esig626/fluxemu-prototype	711ead67cd739d0e13c16cde34d9d7113b83043d	codex/src/fluxemu/control0_composite_mid_classes.py	c112eef6a7e47c4be763e04891770e4b0fcabb56	unchanged	path relocation only; bytes identical to source blob	9f723419b91911d92f3d079c560eade066113f0df28bcda8d33be2465ce20d55	CONTROL0	required	focused-suite-passed
simulation/src/fluxemu/emu_topology_edge_reconstruction.py	https://github.com/esig626/fluxemu-prototype	711ead67cd739d0e13c16cde34d9d7113b83043d	codex/src/fluxemu/emu_topology_edge_reconstruction.py	0f5df27b8e0f457a4a3fb91505a40731ae526160	unchanged	path relocation only; bytes identical to source blob	0501207118ce95670c91e315ba0dccd04b2170ce8afa261b7d4554e0f54a98b9	TOPOLOGY	required	focused-suite-passed
simulation/src/fluxemu/emu_topology_inference.py	https://github.com/esig626/fluxemu-prototype	711ead67cd739d0e13c16cde34d9d7113b83043d	codex/src/fluxemu/emu_topology_inference.py	beb7ac5389dee4031e89ee9c240912e9eee65c02	unchanged	path relocation only; bytes identical to source blob	28e1f63193fcd007a132de70c720503f530adbc3f6da4ccfbeb9a652ab853a20	TOPOLOGY	required	focused-suite-passed
simulation/src/fluxemu/emu_topology_xw_inference.py	https://github.com/esig626/fluxemu-prototype	711ead67cd739d0e13c16cde34d9d7113b83043d	codex/src/fluxemu/emu_topology_xw_inference.py	f074862e8ef46d89c1ae75e8ef09f897fc5e4c67	unchanged	path relocation only; bytes identical to source blob	f7dc172303a2e0adc72759140feb794c419b66c51871bf1dbdc15d20f3d6b5a5	TOPOLOGY	required	focused-suite-passed
simulation/src/fluxemu/emu_topology_xw_panel.py	https://github.com/esig626/fluxemu-prototype	711ead67cd739d0e13c16cde34d9d7113b83043d	codex/src/fluxemu/emu_topology_xw_panel.py	185ce31f8ea45f3406857fc8b3c5879ef733e2bc	unchanged	path relocation only; bytes identical to source blob	556cd13e766de20e18e5397d310531bc78e5d9bab7a226094420727623b0e7d9	TOPOLOGY	required	focused-suite-passed
simulation/src/fluxemu/exceptions.py	https://github.com/esig626/fluxemu-prototype	711ead67cd739d0e13c16cde34d9d7113b83043d	codex/src/fluxemu/exceptions.py	a274f6588b883cb7719b1852545729fe0ed8adff	unchanged	path relocation only; bytes identical to source blob	61ea7955bc816408806864482892d3460c378689081d077a5e0236f8b1bf43b1	CORE	required	focused-suite-passed
simulation/src/fluxemu/flux_conversion.py	https://github.com/esig626/fluxemu-prototype	711ead67cd739d0e13c16cde34d9d7113b83043d	codex/src/fluxemu/flux_conversion.py	0778370bd3f33d2b940b8366afa66ae2854ade91	unchanged	path relocation only; bytes identical to source blob	f30303ed13e63e72428c38a8061209a9f44cd2944c28da9f85f0eef110f1ae21	CORE	required	focused-suite-passed
simulation/src/fluxemu/forward.py	https://github.com/esig626/fluxemu-prototype	711ead67cd739d0e13c16cde34d9d7113b83043d	codex/src/fluxemu/forward.py	55b5963b2fe9db9fb0ed932668e51e8c77c587e5	unchanged	path relocation only; bytes identical to source blob	6fae5b82f2a13630dbdb7cebff9be62f4f788ffe4a4be590976fd00db4847f7f	CORE	required	focused-suite-passed
simulation/src/fluxemu/isotope_metadata.py	https://github.com/esig626/fluxemu-prototype	711ead67cd739d0e13c16cde34d9d7113b83043d	codex/src/fluxemu/isotope_metadata.py	e2e331b53854472578509a7bd5fcc0c71b7f68c5	unchanged	path relocation only; bytes identical to source blob	96b9bf2f30295cab1fa8f3a380c3bb3fb5009983c3771069bf33fdafca1625bd	CORE	required	focused-suite-passed
simulation/src/fluxemu/mfapy_model.py	https://github.com/esig626/fluxemu-prototype	711ead67cd739d0e13c16cde34d9d7113b83043d	codex/src/fluxemu/mfapy_model.py	2d09d88d56765e22e97231b0381557e58b96f571	unchanged	path relocation only; bytes identical to source blob	8a3a4daa8618b384ed56ca7f6d5df212283165d57ae6acf8da3cfa48937e968f	CORE	required	focused-suite-passed
simulation/src/fluxemu/model_identity.py	https://github.com/esig626/fluxemu-prototype	711ead67cd739d0e13c16cde34d9d7113b83043d	codex/src/fluxemu/model_identity.py	352ed36198f501fbf29a009ed78f38b85fd802b5	unchanged	path relocation only; bytes identical to source blob	9b84eec2d649511fc33d3bb52f2d850462e06a2e96635975480ac2a74c0a38f0	CORE	optional	focused-suite-passed
simulation/src/fluxemu/multiclass_rule_column_generation.py	https://github.com/esig626/fluxemu-prototype	711ead67cd739d0e13c16cde34d9d7113b83043d	codex/src/fluxemu/multiclass_rule_column_generation.py	993cd6337c7bba6d74db291237676304fb1485f5	unchanged	path relocation only; bytes identical to source blob	26ec146d06d8fbb35b81a347fc6c04a9764987e54657cee089b97ad42f8f5bd3	CORE	required	focused-suite-passed
simulation/src/fluxemu/output.py	https://github.com/esig626/fluxemu-prototype	711ead67cd739d0e13c16cde34d9d7113b83043d	codex/src/fluxemu/output.py	a02c23e9540a0fb5b51dd9342a2dbde81a0ab3d6	unchanged	path relocation only; bytes identical to source blob	b7d420b34efb807c301a1b86f6b271601a398952b6ea240921ebecd201facce9	CORE	required	focused-suite-passed
simulation/src/fluxemu/pipeline.py	https://github.com/esig626/fluxemu-prototype	711ead67cd739d0e13c16cde34d9d7113b83043d	codex/src/fluxemu/pipeline.py	c720c188283acf041fdcb3c5e97012f4cbf7b433	transformed	replaced vendored-source fallback identifier with external-source identifier	daa248ca4b66b28d61a1256196008c937794ec602b32d3e7d102ae5b87c035bf	CORE	required	focused-suite-passed
simulation/src/fluxemu/product_multinomial.py	https://github.com/esig626/fluxemu-prototype	711ead67cd739d0e13c16cde34d9d7113b83043d	codex/src/fluxemu/product_multinomial.py	b17b2fafbd58ca4c849209dea89c37d70e1031bb	unchanged	path relocation only; bytes identical to source blob	e0cfa1d70156061e8547e81ef3e43510540630e17fd01910a7ac6800b85b22bc	CORE	required	focused-suite-passed
simulation/src/fluxemu/robust_mid_estimation.py	https://github.com/esig626/fluxemu-prototype	711ead67cd739d0e13c16cde34d9d7113b83043d	codex/src/fluxemu/robust_mid_estimation.py	0f8b5171bd2494f713d4eb170214c90ad78b3059	unchanged	path relocation only; bytes identical to source blob	f7ec0388595a16ac0c07d1407a8231203df019788c37a96715453b7728abe7b1	CORE	optional	focused-suite-passed
simulation/src/fluxemu/topology_pairwise_renyi.py	https://github.com/esig626/fluxemu-prototype	711ead67cd739d0e13c16cde34d9d7113b83043d	codex/src/fluxemu/topology_pairwise_renyi.py	633f5c216f25ff12007b5170c36a03cb53112128	unchanged	path relocation only; bytes identical to source blob	e298f8222fef716dcb633f8b611ad3878227640c1af572d39c42f21bca7ef748	TOPOLOGY	required	focused-suite-passed
simulation/src/fluxemu/topology_three_edge_motif.py	https://github.com/esig626/fluxemu-prototype	711ead67cd739d0e13c16cde34d9d7113b83043d	codex/src/fluxemu/topology_three_edge_motif.py	4b95168b2ba8f60eb1051da961a7791bef1cb2bf	unchanged	path relocation only; bytes identical to source blob	dc10d65fce4f51da4da46731856972233aa61fb03dc6387c3e5f42693b58a25a	TOPOLOGY	required	focused-suite-passed
simulation/src/fluxemu/toy.py	https://github.com/esig626/fluxemu-prototype	711ead67cd739d0e13c16cde34d9d7113b83043d	codex/src/fluxemu/toy.py	55a999d4a613a23573ebea71fb1519cda4100390	unchanged	path relocation only; bytes identical to source blob	af82e02c2fad47aa24813cf2259ae3f4a27f25a307112b1dd81b164bb9001969	CORE	required	focused-suite-passed
simulation/src/fluxemu/validation.py	https://github.com/esig626/fluxemu-prototype	711ead67cd739d0e13c16cde34d9d7113b83043d	codex/src/fluxemu/validation.py	f1b2dd4ab592c94a15c85b2ddf2259a3afb0b43b	unchanged	path relocation only; bytes identical to source blob	193cb5ba88332cb41a6fc2ebe46be985ff71ae71986eb614d57ee9080d3ac6d8	CORE	required	focused-suite-passed
simulation/tests/test_antoniewicz_tca.py	https://github.com/esig626/fluxemu-prototype	711ead67cd739d0e13c16cde34d9d7113b83043d	codex/tests/test_antoniewicz_tca.py	4c0440dc364e3f4bb1e556b7c50d14b6cb936636	unchanged	path relocation only; bytes identical to source blob	c01d03a7d15d1313a90c28156103d7cdf7719536a6be7017e832537f339d3a6e	TEST	required	focused-suite-passed
simulation/tests/test_carbon_transitions.py	https://github.com/esig626/fluxemu-prototype	711ead67cd739d0e13c16cde34d9d7113b83043d	codex/tests/test_carbon_transitions.py	37e4e30650ab2606ce879165b595264c447b032a	transformed	removed tests requiring excluded bulk inventory and glucose case study	2295b9ab19adf89c02ee04f27f9bc5c8364072f9e93e3d92a3e55d0cb59e45e1	TEST	required	focused-suite-passed
simulation/tests/test_cli.py	https://github.com/esig626/fluxemu-prototype	711ead67cd739d0e13c16cde34d9d7113b83043d	codex/tests/test_cli.py	7b32168f85348b41903b97d0b3d9df608746fa55	unchanged	path relocation only; bytes identical to source blob	f4843c62b3040848b92752c51e31951ce7d342997b82782c833959928fdb95bd	TEST	required	focused-suite-passed
simulation/tests/test_composite_mid_minimax.py	https://github.com/esig626/fluxemu-prototype	711ead67cd739d0e13c16cde34d9d7113b83043d	codex/tests/test_composite_mid_minimax_solver.py	f8388188c9c2277a202c16e05ba8fc750fa87fb2	unchanged	path relocation only; bytes identical to source blob	42b2a5282b4df07121034fae7c506932056741654a894c935ad15f8adf2d4d21	TEST	required	focused-suite-passed
simulation/tests/test_composite_mid_renyi.py	https://github.com/esig626/fluxemu-prototype	711ead67cd739d0e13c16cde34d9d7113b83043d	codex/tests/test_composite_mid_renyi.py	1b89262712c37573f91dbf3f48d742f4e13ff2ae	unchanged	path relocation only; bytes identical to source blob	4fc9badd22d8d471ba291302e4e3e29dfa9af735f175141dd936798fd05acf43	TEST	required	focused-suite-passed
simulation/tests/test_composite_multihypothesis.py	https://github.com/esig626/fluxemu-prototype	711ead67cd739d0e13c16cde34d9d7113b83043d	codex/tests/test_composite_multihypothesis.py	8c16d0b72ef17683d5857d8b5a7d615e40bc3f48	unchanged	path relocation only; bytes identical to source blob	22de2d5926097936457706cd63915bc58dc612798d59f85b3d1a05d17a54e2a5	TEST	required	focused-suite-passed
simulation/tests/test_control0_mid_classes.py	https://github.com/esig626/fluxemu-prototype	711ead67cd739d0e13c16cde34d9d7113b83043d	codex/tests/test_control0_composite_mid_class_construction.py	b27690d3ddf9c8c70d9c3c5ec00e25a1085ff59d	transformed	replaced excluded biology runner with deterministic positive normalized callback for pure class-construction tests	1a4273aa649b94c4b51b44f59d48f62e0fa64f610c544eda2cd5314989c7d8c6	TEST	required	focused-suite-passed
simulation/tests/test_emu_topology_classes.py	https://github.com/esig626/fluxemu-prototype	711ead67cd739d0e13c16cde34d9d7113b83043d	codex/tests/test_emu_topology_classes.py	e89d3e2fd47ce2b442f166800ecee68237769507	unchanged	path relocation only; bytes identical to source blob	8de6913fd6c636f840367c3bf5a8fc2f3d52d156bcac3b1043c455b57fcd4893	TEST	required	focused-suite-passed
simulation/tests/test_emu_topology_inference.py	https://github.com/esig626/fluxemu-prototype	711ead67cd739d0e13c16cde34d9d7113b83043d	codex/tests/test_emu_topology_inference.py	497b038216be5b3dce368e457fa1b5e3eac89c45	transformed	removed excluded result-writer runner test	3fa1f241a20d84b5e6733dc011a9f099a68f3c5a194f0c366544053564783091	TEST	required	focused-suite-passed
simulation/tests/test_emu_topology_xw_inference.py	https://github.com/esig626/fluxemu-prototype	711ead67cd739d0e13c16cde34d9d7113b83043d	codex/tests/test_emu_topology_xw_inference.py	bf54842dd7aac6182b2c3f447fbf7aef6e5a0520	transformed	redirected frozen artifact path to compact topology fixture	68587ef006aae3400fab372c1a2fff6669e0a971827ecbf91f146e3137f654a4	TEST	required	focused-suite-passed
simulation/tests/test_emu_topology_xw_panel.py	https://github.com/esig626/fluxemu-prototype	711ead67cd739d0e13c16cde34d9d7113b83043d	codex/tests/test_emu_topology_xw_panel.py	e70229badca59c2bda295477ed11065430258d71	transformed	redirected frozen artifact path to compact topology fixture	ae582a16053e51f151fc7c9b541a7582b8b4a13962d702a613cba85c914fb4e8	TEST	required	focused-suite-passed
simulation/tests/test_mfapy_forward_regression.py	https://github.com/esig626/fluxemu-prototype	711ead67cd739d0e13c16cde34d9d7113b83043d	codex/tests/test_mfapy_forward_regression.py	183a655cc28885954ed0813ba4af515c4b6614eb	transformed	retained direct-dictionary forward regression; removed vendor text-model and patch subprocess assumptions	287c37068839c8d4dbe84abf30babf0958b2ebb8d7b318c91abb8514dba4904a	TEST	required	focused-suite-passed
simulation/tests/test_product_multinomial.py	https://github.com/esig626/fluxemu-prototype	711ead67cd739d0e13c16cde34d9d7113b83043d	codex/tests/test_product_multinomial.py	4474528a7bc2f2a02259c42ef49c32f55c2ae430	unchanged	path relocation only; bytes identical to source blob	a5112fa359af4566256510d9cba02b2d7295d4e225702826c1e6d34b16d6ea09	TEST	required	focused-suite-passed
simulation/tests/test_r1_observable_fixture.py	https://github.com/esig626/fluxemu-prototype	711ead67cd739d0e13c16cde34d9d7113b83043d	(target-authored export file)	-	target-authored	new integrity and normalization checks for the compact generated R1 fixture	a23009aee5db588fe19ffe3c643d0b429877cb7fddd452f0e51ebab12a737c50	TEST	required	focused-suite-passed
simulation/tests/test_robust_mid_estimation.py	https://github.com/esig626/fluxemu-prototype	711ead67cd739d0e13c16cde34d9d7113b83043d	codex/tests/test_robust_mid_estimation.py	96f5f972a7f64c22544745164443d6074bdc57f9	unchanged	path relocation only; bytes identical to source blob	18e6f9d6ee6a0802803cc217f94b912603a8c153d0195b7b617f3008e3f4ccc2	TEST	optional	focused-suite-passed
simulation/tests/test_three_edge_topology_classes.py	https://github.com/esig626/fluxemu-prototype	711ead67cd739d0e13c16cde34d9d7113b83043d	codex/tests/test_three_edge_topology_classes.py	2ea3c8f51785025e3418e88b2f4feab5b39189a7	unchanged	path relocation only; bytes identical to source blob	cf0f0d44fee15df168ce2d28c37a3556896b04babfe22e110564adc4af8e6efa	TEST	required	focused-suite-passed
simulation/tests/test_three_edge_topology_renyi.py	https://github.com/esig626/fluxemu-prototype	711ead67cd739d0e13c16cde34d9d7113b83043d	codex/tests/test_three_edge_topology_renyi.py	cb2f94568e1e8ba4ba829756c97765d292e8c3c2	unchanged	path relocation only; bytes identical to source blob	8100a9ad61416d5330749323ed94fbf308e02e0ffdb052ebf8e51dbb075e870b	TEST	required	focused-suite-passed
