condition,target_name,internal_target_id,mass_index,mass_isotopologue,mean_fraction,median_fraction,minimum_fraction,maximum_fraction,standard_deviation,state_count
condition0,Pyruvate,pyruvate,0,M+0,0.25814332737723655,0.25841296004768932,0.24337970321956845,0.27503646133785442,0.0061577886682377602,100
condition0,Pyruvate,pyruvate,1,M+1,0.040791806149309245,0.040323740466911728,0.024777928093401441,0.055039631239919902,0.0059343127806168626,100
condition0,Pyruvate,pyruvate,2,M+2,0.043986405569671823,0.044437305712416927,0.025334759799633531,0.059781627861454828,0.006733342997899708,100
condition0,Pyruvate,pyruvate,3,M+3,0.6570784609037823,0.65686628528742408,0.64179903767905677,0.67485085076911033,0.0064259091081134041,100
condition0,Alanine,alanine,0,M+0,0.25814332737723655,0.25841296004768932,0.24337970321956845,0.27503646133785442,0.0061577886682377602,100
condition0,Alanine,alanine,1,M+1,0.040791806149309245,0.040323740466911728,0.024777928093401441,0.055039631239919902,0.0059343127806168626,100
condition0,Alanine,alanine,2,M+2,0.043986405569671823,0.044437305712416927,0.025334759799633531,0.059781627861454828,0.006733342997899708,100
condition0,Alanine,alanine,3,M+3,0.6570784609037823,0.65686628528742408,0.64179903767905677,0.67485085076911033,0.0064259091081134041,100
condition0,Lactate,lactate,0,M+0,0.25814332737723655,0.25841296004768932,0.24337970321956845,0.27503646133785442,0.0061577886682377602,100
condition0,Lactate,lactate,1,M+1,0.040791806149309245,0.040323740466911728,0.024777928093401441,0.055039631239919902,0.0059343127806168626,100
condition0,Lactate,lactate,2,M+2,0.043986405569671823,0.044437305712416927,0.025334759799633531,0.059781627861454828,0.006733342997899708,100
condition0,Lactate,lactate,3,M+3,0.6570784609037823,0.65686628528742408,0.64179903767905677,0.67485085076911033,0.0064259091081134041,100
condition0,Citrate,citrate,0,M+0,0.017199690510873087,0.017160576785220517,0.016205719454769289,0.018174908599074488,0.00051813520799349772,100
condition0,Citrate,citrate,1,M+1,0.034797649922862932,0.03551744764244142,0.025187877132627205,0.038249695861766797,0.0026004763304385181,100
condition0,Citrate,citrate,2,M+2,0.10335688560438484,0.10162452563636587,0.098980782964462791,0.12138151582661945,0.0042479659072468907,100
condition0,Citrate,citrate,3,M+3,0.1421114410915387,0.14484417472145034,0.11169926053743831,0.15003617182275014,0.0072305051697296556,100
condition0,Citrate,citrate,4,M+4,0.26880429678984985,0.26550574876939387,0.25181820398457022,0.31443729288746924,0.012127060641938747,100
condition0,Citrate,citrate,5,M+5,0.14544314804859101,0.1460773329188641,0.12395775292963046,0.15160279116842212,0.0043758352553934171,100
condition0,Citrate,citrate,6,M+6,0.28828688803189917,0.28836891088320765,0.28283698494764942,0.29352812590721883,0.0027546768199970956,100
condition0,aKG,akg,0,M+0,0.022386359722792574,0.022420038131504096,0.021817054502635474,0.022782658286766504,0.00020639682875255564,100
condition0,aKG,akg,1,M+1,0.061262552686073696,0.061295241395099023,0.060859091262110324,0.06153386206209565,0.0001607847306336096,100
condition0,aKG,akg,2,M+2,0.13195195314808605,0.13191873015110556,0.1314678327563342,0.13255378835191037,0.00020666785991327048,100
condition0,aKG,akg,3,M+3,0.28033385067838107,0.28034348683265103,0.27910427789507081,0.28141426748852799,0.00043164125348873204,100
condition0,aKG,akg,4,M+4,0.18649442984072159,0.18620262754451605,0.18309895571632839,0.19138262321573818,0.001774597390384247,100
condition0,aKG,akg,5,M+5,0.31757085392394463,0.31780552134147189,0.31422671017834219,0.31979735585109764,0.001250098964581361,100
condition0,Succinate,succinate,0,M+0,0.048437599478984766,0.048261239868553948,0.045491344938950823,0.0516804439019517,0.0013249108428467311,100
condition0,Succinate,succinate,1,M+1,0.081128104882421823,0.081744083954116892,0.072612437691130391,0.088454354849276356,0.0034155630863511046,100
condition0,Succinate,succinate,2,M+2,0.28412092647609399,0.28321156207411058,0.2723884234935991,0.29763704567979365,0.0054193379674553699,100
condition0,Succinate,succinate,3,M+3,0.19462343448460717,0.19528254355624164,0.18016681995921377,0.20789470870917054,0.0059605829799787144,100
condition0,Succinate,succinate,4,M+4,0.39168993467789198,0.39129330907020932,0.38577116800900424,0.39790325276790933,0.0026831663962432542,100
condition0,Fumarate,fumarate,0,M+0,0.048437599478984766,0.048261239868553948,0.045491344938950823,0.051680443901951693,0.0013249108428467313,100
condition0,Fumarate,fumarate,1,M+1,0.081128104882421823,0.081744083954116864,0.072612437691130377,0.088454354849276356,0.0034155630863511046,100
condition0,Fumarate,fumarate,2,M+2,0.28412092647609399,0.28321156207411058,0.2723884234935991,0.2976370456797936,0.0054193379674553725,100
condition0,Fumarate,fumarate,3,M+3,0.19462343448460717,0.19528254355624167,0.18016681995921374,0.20789470870917054,0.0059605829799787126,100
condition0,Fumarate,fumarate,4,M+4,0.39168993467789198,0.39129330907020932,0.38577116800900424,0.39790325276790933,0.0026831663962432564,100
condition0,Malate,malate,0,M+0,0.049411878471597358,0.04936134173822862,0.04657226058129111,0.054171498540732908,0.0012662646375594391,100
condition0,Malate,malate,1,M+1,0.07922039573104464,0.079324717265185335,0.070821284158639267,0.086471068831456027,0.0031055273977284052,100
condition0,Malate,malate,2,M+2,0.28731405800633864,0.28736233506544695,0.27575341527891889,0.30168595348230259,0.0049540026359131666,100
condition0,Malate,malate,3,M+3,0.19006318290779908,0.19037338392875536,0.16747824639654424,0.20279092062262793,0.0057716534760846932,100
condition0,Malate,malate,4,M+4,0.39399048488322003,0.39346305386638913,0.38841233468570463,0.40584301742178019,0.0027317200960263843,100
condition0,Glutamine,glutamine,0,M+0,0.022386359722792574,0.022420038131504096,0.021817054502635474,0.022782658286766504,0.00020639682875255529,100
condition0,Glutamine,glutamine,1,M+1,0.061262552686073696,0.061295241395099023,0.060859091262110331,0.061533862062095657,0.00016078473063360957,100
condition0,Glutamine,glutamine,2,M+2,0.13195195314808605,0.13191873015110558,0.1314678327563342,0.13255378835191037,0.00020666785991327023,100
condition0,Glutamine,glutamine,3,M+3,0.28033385067838107,0.28034348683265098,0.27910427789507081,0.28141426748852799,0.0004316412534887348,100
condition0,Glutamine,glutamine,4,M+4,0.18649442984072159,0.18620262754451605,0.18309895571632839,0.19138262321573818,0.0017745973903842468,100
condition0,Glutamine,glutamine,5,M+5,0.31757085392394468,0.31780552134147189,0.31422671017834219,0.31979735585109764,0.0012500989645813582,100
condition0,Aspartate,aspartate,0,M+0,0.058844533530393803,0.058463533804715223,0.054365142117851609,0.063962663460024868,0.002218642239500588,100
condition0,Aspartate,aspartate,1,M+1,0.11594449858387007,0.11841945801558268,0.083608961357620984,0.12751230476846748,0.008762678988210662,100
condition0,Aspartate,aspartate,2,M+2,0.20795845048148906,0.20309853417761903,0.18100121087126186,0.27457125518702202,0.018823622130985429,100
condition0,Aspartate,aspartate,3,M+3,0.20087146916383619,0.20193468236556703,0.1737776189190573,0.2081431190268575,0.0052268028503056922,100
condition0,Aspartate,aspartate,4,M+4,0.41638104824041067,0.41565880211267869,0.40655993450261485,0.42771173664495626,0.00495919191545515,100
condition0,Glycine,glycine,0,M+0,0.2653209180537322,0.26594850604269216,0.24798403226175603,0.28030363864114616,0.0059700400628889651,100
condition0,Glycine,glycine,1,M+1,0.069358163892535518,0.068102987914615679,0.039392722717707676,0.10403193547648808,0.011940080125777932,100
condition0,Glycine,glycine,2,M+2,0.66532091805373217,0.66594850604269218,0.64798403226175616,0.68030363864114607,0.0059700400628889564,100
condition0,Serine,serine,0,M+0,0.2653209180537322,0.26594850604269216,0.24798403226175603,0.28030363864114616,0.0059700400628889651,100
condition0,Serine,serine,1,M+1,0.034679081946267759,0.034051493957307839,0.019696361358853838,0.052015967738244039,0.005970040062888966,100
condition0,Serine,serine,2,M+2,0.034679081946267759,0.034051493957307839,0.019696361358853838,0.052015967738244039,0.0059700400628889677,100
condition0,Serine,serine,3,M+3,0.66532091805373217,0.66594850604269218,0.64798403226175616,0.68030363864114607,0.0059700400628889564,100
condition1,Pyruvate,pyruvate,0,M+0,0.29830589507356853,0.2984553589519181,0.29664506176486638,0.2997540923714983,0.00068554664210518856,100
condition1,Pyruvate,pyruvate,1,M+1,0.0015393579016715067,0.0013974952485537435,0.00023225477498842303,0.0029390616691678628,0.00058618723808380381,100
condition1,Pyruvate,pyruvate,2,M+2,0.0020035989759515055,0.0017933079561839283,0.00027321333552825884,0.0042164986115699327,0.00088792943660404131,100
condition1,Pyruvate,pyruvate,3,M+3,0.69815114804880851,0.69832738401072381,0.69621800699300218,0.69974043951798504,0.00078628362181442832,100
condition1,Alanine,alanine,0,M+0,0.29830589507356853,0.2984553589519181,0.29664506176486638,0.2997540923714983,0.00068554664210518856,100
condition1,Alanine,alanine,1,M+1,0.0015393579016715067,0.0013974952485537435,0.00023225477498842303,0.0029390616691678628,0.00058618723808380381,100
condition1,Alanine,alanine,2,M+2,0.0020035989759515055,0.0017933079561839283,0.00027321333552825884,0.0042164986115699327,0.00088792943660404131,100
condition1,Alanine,alanine,3,M+3,0.69815114804880851,0.69832738401072381,0.69621800699300218,0.69974043951798504,0.00078628362181442832,100
condition1,Lactate,lactate,0,M+0,0.29830589507356853,0.2984553589519181,0.29664506176486638,0.2997540923714983,0.00068554664210518856,100
condition1,Lactate,lactate,1,M+1,0.0015393579016715067,0.0013974952485537435,0.00023225477498842303,0.0029390616691678628,0.00058618723808380381,100
condition1,Lactate,lactate,2,M+2,0.0020035989759515055,0.0017933079561839283,0.00027321333552825884,0.0042164986115699327,0.00088792943660404131,100
condition1,Lactate,lactate,3,M+3,0.69815114804880851,0.69832738401072381,0.69621800699300218,0.69974043951798504,0.00078628362181442832,100
condition1,Citrate,citrate,0,M+0,0.026573989409035818,0.026603559852717212,0.026003473329488196,0.026850797304719985,0.00016064829401705904,100
condition1,Citrate,citrate,1,M+1,0.060375675998845343,0.06048040746562805,0.05728756244254448,0.061714633540291219,0.0008022991066256016,100
condition1,Citrate,citrate,2,M+2,0.068150722054887869,0.06799546556949046,0.065647304354079367,0.07364055214925086,0.0014345012273467613,100
condition1,Citrate,citrate,3,M+3,0.20158363902039167,0.20182710521961056,0.19247142073896562,0.20578357618109913,0.0024147365470399357,100
condition1,Citrate,citrate,4,M+4,0.15864753276180962,0.15811310632027126,0.15242522007111139,0.17245563976092004,0.0037061933881359444,100
condition1,Citrate,citrate,5,M+5,0.14402881274721288,0.14419928591789638,0.13949726442901159,0.14753531332487052,0.0017899198620644865,100
condition1,Citrate,citrate,6,M+6,0.34063962800781689,0.34080292229372289,0.33748775410422338,0.34218319592782642,0.00089648083956703965,100
condition1,aKG,akg,0,M+0,0.026776227856717471,0.02678704349224495,0.026539957698866069,0.026939592952423267,7.154433842934449e-05,100
condition1,aKG,akg,1,M+1,0.062924492864382842,0.06292825468484553,0.062842753902587978,0.062979802685983688,2.4407974075998825e-05,100
condition1,aKG,akg,2,M+2,0.12629744643652041,0.12628318219777063,0.12608048109861159,0.12660949107114455,9.4833458961570197e-05,100
condition1,aKG,akg,3,M+3,0.29330697656055205,0.29334008577472331,0.29258218601588581,0.29381227924934022,0.00022065726267747417,100
condition1,aKG,akg,4,M+4,0.14891459682821609,0.14882204565663415,0.14751682269943317,0.15093635065011268,0.00061216369247477683,100
condition1,aKG,akg,5,M+5,0.34178025945361123,0.34183938819378112,0.34048926066140295,0.34267102131420774,0.00039038910068582057,100
condition1,Succinate,succinate,0,M+0,0.087042842373308241,0.087153866110104783,0.084283056009710408,0.088260159303072253,0.00069084690451115538,100
condition1,Succinate,succinate,1,M+1,0.0058889108439445833,0.0056702041566088629,0.0034658147640973993,0.01135163166841471,0.0013742637660456027,100
condition1,Succinate,succinate,2,M+2,0.41017668045694605,0.41054045298509945,0.4010531951152535,0.41421901984991938,0.0022929080737061716,100
condition1,Succinate,succinate,3,M+3,0.013808537061041215,0.01328878999749648,0.0081238787955835237,0.026706490725405891,0.0032264405816170285,100
condition1,Succinate,succinate,4,M+4,0.48308302926475993,0.48334535723427424,0.47660562648121413,0.4859311272873304,0.001616961517280636,100
condition1,Fumarate,fumarate,0,M+0,0.087042842373308241,0.087153866110104783,0.084283056009710408,0.088260159303072253,0.00069084690451115484,100
condition1,Fumarate,fumarate,1,M+1,0.0058889108439445833,0.0056702041566088629,0.0034658147640973989,0.01135163166841471,0.0013742637660456027,100
condition1,Fumarate,fumarate,2,M+2,0.41017668045694605,0.41054045298509939,0.4010531951152535,0.41421901984991932,0.0022929080737061707,100
condition1,Fumarate,fumarate,3,M+3,0.013808537061041215,0.013288789997496478,0.0081238787955835237,0.026706490725405891,0.0032264405816170285,100
condition1,Fumarate,fumarate,4,M+4,0.48308302926475993,0.48334535723427419,0.47660562648121418,0.48593112728733034,0.0016169615172806294,100
condition1,Malate,malate,0,M+0,0.07474971306727346,0.074864976326077942,0.065997349403217567,0.085714462036096992,0.0047416314211954774,100
condition1,Malate,malate,1,M+1,0.030330510048671031,0.0301353283511974,0.0085388548907354232,0.047640348105265469,0.0093847315054336657,100
condition1,Malate,malate,2,M+2,0.36939246197995429,0.36972954641578892,0.34047776879512459,0.40575783483641814,0.015674026906183067,100
condition1,Malate,malate,3,M+3,0.071224693624984514,0.070675016810518604,0.020009917510571802,0.11213402048108459,0.022160508071932622,100
condition1,Malate,malate,4,M+4,0.45430262127911675,0.45459513209641744,0.43375051321530833,0.47997893072617953,0.011129633819551848,100
condition1,Glutamine,glutamine,0,M+0,0.026776227856717471,0.02678704349224495,0.026539957698866069,0.02693959295242326,7.154433842934468e-05,100
condition1,Glutamine,glutamine,1,M+1,0.062924492864382842,0.06292825468484553,0.062842753902587978,0.062979802685983674,2.4407974075999817e-05,100
condition1,Glutamine,glutamine,2,M+2,0.12629744643652041,0.1262831821977706,0.12608048109861156,0.12660949107114455,9.4833458961568367e-05,100
condition1,Glutamine,glutamine,3,M+3,0.29330697656055205,0.29334008577472326,0.29258218601588581,0.29381227924934017,0.00022065726267748309,100
condition1,Glutamine,glutamine,4,M+4,0.14891459682821609,0.14882204565663415,0.14751682269943314,0.15093635065011268,0.00061216369247477293,100
condition1,Glutamine,glutamine,5,M+5,0.34178025945361123,0.34183938819378112,0.34048926066140289,0.34267102131420768,0.00039038910068582989,100
condition1,Aspartate,aspartate,0,M+0,0.089047957418872267,0.089124270662627542,0.087394132830033666,0.089671549929920782,0.00042712937558821417,100
condition1,Aspartate,aspartate,1,M+1,0.20137644256255929,0.20174551136190982,0.19109209416684106,0.20586686005691557,0.0026937785172585554,100
condition1,Aspartate,aspartate,2,M+2,0.017830355733252458,0.017088876294531027,0.0086454785976261966,0.039457307561118954,0.0055760871904882298,100
condition1,Aspartate,aspartate,3,M+3,0.2040181311703283,0.20432964591655567,0.19823257105710357,0.2079005757629247,0.0021681237442182383,100
condition1,Aspartate,aspartate,4,M+4,0.48772711311498773,0.48791997690344158,0.48382389438490225,0.48922723428339121,0.0010188369365110011,100
condition1,Glycine,glycine,0,M+0,0.29999999999999999,0.30000000000000004,0.29999999999999988,0.3000000000000001,6.2376017542150433e-17,100
condition1,Glycine,glycine,1,M+1,0,-0,-0,-0,0,100
condition1,Glycine,glycine,2,M+2,0.69999999999999996,0.70000000000000007,0.69999999999999973,0.70000000000000029,2.8447840926845061e-16,100
condition1,Serine,serine,0,M+0,0.29999999999999999,0.30000000000000004,0.29999999999999988,0.3000000000000001,6.2625024590286652e-17,100
condition1,Serine,serine,1,M+1,0,-0,-0,-0,0,100
condition1,Serine,serine,2,M+2,0,-0,-0,-0,0,100
condition1,Serine,serine,3,M+3,0.69999999999999996,0.70000000000000007,0.69999999999999973,0.70000000000000029,2.8447840926845061e-16,100
